id,card_brand,card_type,has_chip,num_cards_issued,credit_limit,acct_open_date,year_pin_last_changed,card_on_dark_web,pin_age,expire_year,account_age,multi_card_client,limit_category
4524,Visa,Debit,yes,2,24295,09/2002,2008,no,18,2022,4,yes,premium
2731,Visa,Debit,yes,2,21968,04/2014,2014,no,12,2020,6,yes,premium
3701,Visa,Debit,yes,2,46414,07/2003,2004,no,22,2024,2,yes,premium
42,Visa,Credit,no,1,12400,01/2003,2012,no,14,2024,2,no,premium
4659,Mastercard,Debit (Prepaid),yes,1,28,09/2008,2009,no,17,2009,17,no,low
4537,Visa,Credit,yes,1,27500,09/2003,2012,no,14,2003,23,no,premium
1278,Visa,Debit,yes,2,28508,02/2011,2011,no,15,2022,4,yes,premium
3687,Mastercard,Debit,yes,2,9022,07/2003,2015,no,11,2022,4,yes,high
3465,Mastercard,Debit (Prepaid),yes,2,54,06/2010,2015,no,11,2020,6,yes,low
3754,Mastercard,Debit (Prepaid),yes,1,99,07/2006,2012,no,14,2023,3,no,low
5144,Mastercard,Debit,yes,2,31599,10/2009,2009,no,17,2022,4,yes,premium
2029,Mastercard,Debit,no,2,27480,03/2002,2008,no,18,2023,3,yes,premium
2379,Mastercard,Debit,yes,1,26743,03/2019,2019,no,7,2020,6,no,premium
2732,Visa,Debit,yes,1,31463,04/2014,2014,no,12,2020,6,no,premium
4706,Mastercard,Debit,yes,1,16055,09/2009,2009,no,17,2024,2,no,premium
281,Visa,Credit,yes,2,98100,01/2011,2011,no,15,2015,11,yes,premium
1106,Mastercard,Debit (Prepaid),yes,1,62,02/2007,2007,no,19,2020,6,no,low
5621,Visa,Debit,yes,1,132439,11/2010,2011,no,15,2022,4,no,premium
5165,Visa,Debit,yes,1,125723,10/2009,2010,no,16,2020,6,no,premium
5757,Mastercard,Debit,yes,1,34900,12/1999,2012,no,14,2022,4,no,premium
27,Visa,Credit,yes,2,9900,01/2002,2019,no,7,2021,5,yes,high
4648,Visa,Debit,yes,2,21587,09/2007,2007,no,19,2013,13,yes,premium
5435,Visa,Credit,yes,2,15800,11/2005,2011,no,15,2022,4,yes,premium
3287,Mastercard,Debit,yes,1,29964,06/2005,2014,no,12,2022,4,no,premium
4761,Mastercard,Credit,yes,2,11200,09/2010,2010,no,16,2023,3,yes,premium
5286,Mastercard,Debit,no,2,26753,10/2014,2014,no,12,2021,5,yes,premium
744,Visa,Debit,no,2,17480,01/2020,2020,no,6,2023,3,yes,premium
5559,Mastercard,Debit,yes,2,26546,11/2009,2009,no,17,2021,5,yes,premium
4905,Mastercard,Debit,yes,1,23253,09/2017,2017,no,9,2021,5,no,premium
79,Visa,Credit,yes,1,16100,01/2005,2014,no,12,2021,5,no,premium
301,Visa,Credit,yes,2,8700,01/2012,2012,no,14,2021,5,yes,high
3115,Mastercard,Debit,yes,1,29333,05/2012,2012,no,14,2019,7,no,premium
3880,Mastercard,Debit,yes,2,9496,07/2009,2012,no,14,2024,2,yes,high
1766,Visa,Debit,yes,1,25499,02/2020,2020,no,6,2021,5,no,premium
1767,Visa,Debit,yes,1,18641,02/2020,2020,no,6,2020,6,no,premium
745,Visa,Debit,yes,1,26019,01/2020,2020,no,6,2023,3,no,premium
1459,Mastercard,Debit,yes,1,25845,02/2020,2020,no,6,2021,5,no,premium
138,Visa,Debit,yes,2,2365,01/2007,2009,no,17,2023,3,yes,medium
3755,Mastercard,Debit,yes,2,18684,07/2006,2017,no,9,2023,3,yes,premium
1768,Visa,Credit,no,2,7400,02/2020,2020,no,6,2021,5,yes,high
5924,Mastercard,Debit,yes,2,4147,12/2008,2016,no,10,2024,2,yes,medium
6074,Visa,Debit (Prepaid),yes,1,76,12/2012,2012,no,14,2022,4,no,low
5923,Discover,Credit,no,1,4700,12/2008,2014,no,12,2009,17,no,medium
4223,Visa,Credit,yes,2,5800,08/2007,2011,no,15,2021,5,yes,high
4455,Mastercard,Debit,yes,2,12082,08/2016,2016,no,10,2024,2,yes,premium
3234,Mastercard,Credit,no,2,6000,06/2002,2010,no,16,2023,3,yes,high
1005,Visa,Debit,yes,1,620,02/2002,2014,no,12,2009,17,no,low
151,Mastercard,Debit,yes,1,14499,01/2008,2008,no,18,2022,4,no,premium
4198,Mastercard,Debit,yes,2,12332,08/2007,2009,no,17,2023,3,yes,premium
4403,Mastercard,Debit,yes,1,18424,08/2013,2013,no,13,2024,2,no,premium
4120,Visa,Credit,no,1,15400,08/2003,2008,no,18,2023,3,no,premium
4224,Visa,Debit,yes,2,14548,08/2007,2013,no,13,2022,4,yes,premium
4895,Mastercard,Credit,yes,2,10100,09/2016,2016,no,10,2016,10,yes,premium
1028,Discover,Credit,yes,1,11200,02/2004,2008,no,18,2011,15,no,premium
5956,Mastercard,Debit,yes,2,20291,12/2009,2011,no,15,2024,2,yes,premium
107,Visa,Debit,yes,1,32092,01/2006,2010,no,16,2018,8,no,premium
440,Mastercard,Debit,yes,1,20463,01/2020,2020,no,6,2020,6,no,premium
746,Visa,Debit,yes,1,15802,01/2020,2020,no,6,2022,4,no,premium
1769,Visa,Debit,no,2,4612,02/2020,2020,no,6,2020,6,yes,medium
421,Discover,Credit,yes,2,19900,01/2020,2020,no,6,2020,6,yes,premium
974,Mastercard,Debit (Prepaid),yes,1,73,02/2000,2012,no,14,2020,6,no,low
4707,Mastercard,Debit,yes,1,11858,09/2009,2010,no,16,2024,2,no,premium
7,Mastercard,Debit,yes,1,9664,01/1998,2011,no,15,2005,21,no,high
2212,Mastercard,Debit,yes,1,8367,03/2009,2009,no,17,2020,6,no,high
1038,Visa,Credit,yes,2,6100,02/2004,2009,no,17,2022,4,yes,high
1460,Mastercard,Debit,yes,3,9944,02/2020,2020,no,6,2020,6,yes,high
747,Visa,Credit,yes,1,7900,01/2020,2020,no,6,2020,6,no,high
1770,Visa,Credit,yes,1,5600,02/2020,2020,no,6,2020,6,no,high
748,Visa,Debit,yes,1,68400,01/2020,2020,no,6,2023,3,no,premium
441,Mastercard,Debit,yes,2,77237,01/2020,2020,no,6,2023,3,yes,premium
3679,Visa,Debit,yes,2,4488,07/2002,2015,no,11,2024,2,yes,medium
5701,Visa,Credit,yes,2,12500,11/2014,2014,no,12,2020,6,yes,premium
4510,Mastercard,Debit,yes,2,23432,09/2001,2008,no,18,2020,6,yes,premium
2873,Amex,Credit,yes,2,8800,05/2005,2011,no,15,2022,4,yes,high
1461,Mastercard,Credit,yes,2,12100,02/2020,2020,no,6,2020,6,yes,premium
442,Mastercard,Debit,yes,1,9708,01/2020,2020,no,6,2020,6,no,high
3877,Amex,Credit,yes,2,12000,07/2009,2011,no,15,2021,5,yes,premium
2296,Mastercard,Debit,yes,1,11973,03/2012,2012,no,14,2023,3,no,premium
5048,Mastercard,Debit,yes,2,13601,10/2006,2014,no,12,2022,4,yes,premium
1462,Mastercard,Credit,yes,2,7800,02/2020,2020,no,6,2024,2,yes,high
4269,Visa,Debit,yes,2,17816,08/2008,2016,no,10,2023,3,yes,premium
5188,Mastercard,Debit,no,2,17707,10/2010,2010,no,16,2021,5,yes,premium
2874,Amex,Credit,yes,1,9500,05/2005,2009,no,17,2020,6,no,high
3041,Mastercard,Debit,yes,1,19110,05/2010,2011,no,15,2022,4,no,premium
5312,Mastercard,Debit,yes,1,13428,10/2016,2016,no,10,2023,3,no,premium
4150,Mastercard,Debit,yes,1,24608,08/2005,2009,no,17,2022,4,no,premium
152,Mastercard,Debit,yes,1,13441,01/2008,2011,no,15,2022,4,no,premium
443,Mastercard,Debit (Prepaid),yes,2,74,01/2020,2020,no,6,2020,6,yes,low
3377,Mastercard,Debit,yes,1,17872,06/2008,2008,no,18,2012,14,no,premium
5789,Mastercard,Credit,yes,1,12900,12/2003,2010,no,16,2022,4,no,premium
2106,Mastercard,Debit,yes,2,25264,03/2006,2020,no,6,2024,2,yes,premium
2078,Mastercard,Debit,yes,2,20634,03/2005,2007,no,19,2022,4,yes,premium
5866,Visa,Credit,yes,2,12200,12/2006,2010,no,16,2007,19,yes,premium
173,Visa,Credit,yes,2,5500,01/2008,2008,no,18,2010,16,yes,high
1771,Visa,Credit,no,2,6600,02/2020,2020,no,6,2020,6,yes,high
6132,Mastercard,Debit,yes,1,25815,12/2017,2017,no,9,2020,6,no,premium
327,Amex,Credit,yes,2,8400,01/2014,2014,no,12,2021,5,yes,high
2019,Mastercard,Debit,yes,1,21628,03/2001,2008,no,18,2020,6,no,premium
3881,Mastercard,Debit,yes,1,24232,07/2009,2009,no,17,2021,5,no,premium
1166,Mastercard,Debit,yes,2,10775,02/2009,2010,no,16,2023,3,yes,premium
3342,Mastercard,Debit (Prepaid),yes,2,105,06/2007,2013,no,13,2020,6,yes,low
5622,Visa,Credit,no,2,7100,11/2010,2010,no,16,2021,5,yes,high
5424,Mastercard,Debit,yes,1,29351,11/2005,2007,no,19,2024,2,no,premium
2558,Mastercard,Debit,yes,2,15125,04/2008,2012,no,14,2020,6,yes,premium
5385,Mastercard,Credit,yes,2,8000,11/2003,2008,no,18,2021,5,yes,high
5596,Mastercard,Debit (Prepaid),yes,1,83,11/2010,2010,no,16,2011,15,no,low
3991,Amex,Credit,yes,2,23700,07/2012,2012,no,14,2024,2,yes,premium
6126,Visa,Credit,yes,2,700,12/2016,2016,no,10,2024,2,yes,low
3756,Mastercard,Debit,yes,2,7488,07/2006,2016,no,10,2024,2,yes,high
971,Visa,Credit,no,1,24900,02/1999,2010,no,16,2002,24,no,premium
2079,Mastercard,Debit,yes,2,30971,03/2005,2020,no,6,2021,5,yes,premium
387,Amex,Credit,yes,1,24400,01/2020,2020,no,6,2024,2,no,premium
444,Mastercard,Debit,yes,2,53549,01/2020,2020,no,6,2020,6,yes,premium
5277,Visa,Debit,yes,1,53036,10/2013,2013,no,13,2018,8,no,premium
4358,Mastercard,Debit,yes,1,35750,08/2011,2011,no,15,2024,2,no,premium
2318,Visa,Debit,yes,1,33375,03/2013,2013,no,13,2021,5,no,premium
6019,Visa,Debit (Prepaid),yes,2,22,12/2010,2010,no,16,2023,3,yes,low
4421,Discover,Credit,yes,1,13100,08/2014,2014,no,12,2020,6,no,premium
3702,Visa,Debit,yes,1,16516,07/2003,2011,no,15,2024,2,no,premium
2854,Mastercard,Credit,yes,1,15700,05/2004,2011,no,15,2016,10,no,premium
4114,Mastercard,Debit,yes,1,21058,08/2003,2007,no,19,2024,2,no,premium
28,Visa,Debit,yes,2,36425,01/2002,2004,no,22,2023,3,yes,premium
6127,Visa,Debit (Prepaid),yes,2,91,12/2016,2016,no,10,2021,5,yes,low
2477,Mastercard,Credit,yes,1,13400,04/2005,2014,no,12,2021,5,no,premium
2632,Mastercard,Credit,yes,2,21600,04/2010,2010,no,16,2021,5,yes,premium
1463,Mastercard,Debit,no,1,9090,02/2020,2020,no,6,2020,6,no,high
5679,Visa,Debit,no,1,25942,11/2012,2012,no,14,2023,3,no,premium
1012,Mastercard,Credit,yes,2,10700,02/2003,2013,no,13,2019,7,yes,premium
1464,Mastercard,Credit,yes,2,4900,02/2020,2020,no,6,2022,4,yes,medium
1465,Mastercard,Credit,no,1,18100,02/2020,2020,no,6,2022,4,no,premium
388,Amex,Credit,yes,2,7200,01/2020,2020,no,6,2024,2,yes,high
3708,Mastercard,Debit,yes,2,22660,07/2004,2007,no,19,2020,6,yes,premium
3087,Discover,Credit,yes,1,19800,05/2011,2011,no,15,2022,4,no,premium
67,Mastercard,Credit,yes,2,15500,01/2005,2014,no,12,2024,2,yes,premium
80,Visa,Debit (Prepaid),yes,1,13,01/2005,2008,no,18,2023,3,no,low
3665,Mastercard,Debit,yes,2,4317,07/2001,2011,no,15,2021,5,yes,medium
2014,Mastercard,Debit,no,1,14719,03/2000,2008,no,18,2021,5,no,premium
4906,Mastercard,Debit,yes,1,9532,09/2017,2017,no,9,2021,5,no,high
3757,Mastercard,Credit,yes,1,10900,07/2006,2014,no,12,2020,6,no,premium
5365,Mastercard,Credit,yes,2,6200,11/2001,2012,no,14,2024,2,yes,high
5425,Mastercard,Debit,yes,2,2903,11/2005,2011,no,15,2012,14,yes,medium
5758,Mastercard,Debit,yes,2,4355,12/1999,2010,no,16,2020,6,yes,medium
5482,Mastercard,Debit,yes,1,28963,11/2007,2012,no,14,2021,5,no,premium
3172,Mastercard,Debit,yes,2,20913,05/2016,2016,no,10,2022,4,yes,premium
1209,Mastercard,Debit,yes,1,23344,02/2010,2010,no,16,2024,2,no,premium
5313,Mastercard,Debit,yes,2,33642,10/2016,2016,no,10,2020,6,yes,premium
4762,Mastercard,Debit,yes,1,14695,09/2010,2011,no,15,2022,4,no,premium
126,Mastercard,Credit,yes,1,13200,01/2007,2015,no,11,2023,3,no,premium
4685,Visa,Debit,yes,1,29950,09/2008,2013,no,13,2020,6,no,premium
5907,Visa,Credit,yes,2,4600,12/2007,2011,no,15,2024,2,yes,medium
2428,Mastercard,Debit,yes,1,10051,04/2002,2011,no,15,2022,4,no,premium
1013,Mastercard,Debit,yes,2,9796,02/2003,2013,no,13,2015,11,yes,high
5145,Mastercard,Debit,yes,1,17826,10/2009,2009,no,17,2021,5,no,premium
5854,Mastercard,Debit,yes,1,19086,12/2006,2009,no,17,2024,2,no,premium
5296,Visa,Debit,yes,2,17345,10/2014,2014,no,12,2024,2,yes,premium
1327,Visa,Debit,yes,2,17976,02/2013,2013,no,13,2020,6,yes,premium
383,Visa,Debit,yes,2,16447,01/2019,2019,no,7,2022,4,yes,premium
5129,Visa,Debit,yes,2,29573,10/2008,2009,no,17,2024,2,yes,premium
5995,Mastercard,Debit (Prepaid),yes,2,98,12/2010,2010,no,16,2021,5,yes,low
4107,Mastercard,Debit,yes,2,2559,08/2002,2012,no,14,2019,7,yes,medium
36,Mastercard,Debit,yes,2,6552,01/2003,2010,no,16,2012,14,yes,high
445,Mastercard,Credit,yes,2,13800,01/2020,2020,no,6,2021,5,yes,premium
1466,Mastercard,Debit,yes,1,16375,02/2020,2020,no,6,2020,6,no,premium
749,Visa,Debit,yes,1,14213,01/2020,2020,no,6,2023,3,no,premium
1772,Visa,Debit (Prepaid),yes,1,73,02/2020,2020,no,6,2020,6,no,low
3801,Mastercard,Debit,yes,2,53466,07/2007,2013,no,13,2022,4,yes,premium
282,Visa,Credit,yes,1,6600,01/2011,2013,no,13,2020,6,no,high
6105,Mastercard,Credit,no,2,7200,12/2015,2015,no,11,2022,4,yes,high
446,Mastercard,Debit,yes,1,2868,01/2020,2020,no,6,2020,6,no,medium
422,Discover,Credit,yes,1,3400,01/2020,2020,no,6,2024,2,no,medium
5231,Mastercard,Debit,yes,1,12915,10/2011,2013,no,13,2022,4,no,premium
2615,Visa,Debit (Prepaid),yes,2,84,04/2009,2017,no,9,2023,3,yes,low
2776,Discover,Credit,yes,2,17600,04/2018,2018,no,8,2021,5,yes,premium
5452,Mastercard,Debit,yes,1,31542,11/2006,2009,no,17,2012,14,no,premium
3563,Mastercard,Debit,yes,2,23049,06/2013,2013,no,13,2022,4,yes,premium
6134,Visa,Debit,yes,1,29734,12/2017,2017,no,9,2020,6,no,premium
4818,Visa,Credit,yes,2,27000,09/2011,2016,no,10,2020,6,yes,premium
2171,Mastercard,Debit (Prepaid),yes,1,18,03/2008,2010,no,16,2022,4,no,low
6106,Mastercard,Debit,yes,1,17848,12/2015,2015,no,11,2023,3,no,premium
3042,Mastercard,Debit,no,1,25563,05/2010,2010,no,16,2022,4,no,premium
5209,Visa,Credit,yes,2,12000,10/2010,2010,no,16,2020,6,yes,premium
1296,Amex,Credit,no,2,6600,02/2012,2012,no,14,2018,8,yes,high
389,Amex,Credit,no,1,5600,01/2020,2020,no,6,2023,3,no,high
1773,Visa,Debit,yes,3,11873,02/2020,2020,no,6,2022,4,yes,premium
1467,Mastercard,Credit,yes,1,7200,02/2020,2020,no,6,2020,6,no,high
1395,Amex,Credit,yes,1,10000,02/2020,2020,no,6,2024,2,no,premium
5597,Mastercard,Credit,yes,2,500,11/2010,2010,no,16,2023,3,yes,low
1468,Mastercard,Debit,yes,1,22697,02/2020,2020,no,6,2020,6,no,premium
2309,Mastercard,Credit,yes,1,18000,03/2013,2013,no,13,2023,3,no,premium
3466,Mastercard,Debit,yes,1,32903,06/2010,2010,no,16,2024,2,no,premium
2804,Visa,Debit,yes,2,12764,05/1999,2010,no,16,2021,5,yes,premium
1388,Mastercard,Credit,yes,1,6300,02/2019,2019,no,7,2022,4,no,high
4660,Mastercard,Debit,yes,2,7541,09/2008,2013,no,13,2022,4,yes,high
3356,Visa,Debit,yes,2,1266,06/2007,2012,no,14,2022,4,yes,medium
4870,Mastercard,Credit,no,1,9500,09/2014,2014,no,12,2020,6,no,high
3467,Mastercard,Debit,yes,2,1837,06/2010,2010,no,16,2020,6,yes,medium
1079,Mastercard,Debit,yes,2,17453,02/2006,2008,no,18,2023,3,yes,premium
2977,Visa,Debit,no,1,28283,05/2008,2012,no,14,2013,13,no,premium
3073,Visa,Credit,yes,1,13500,05/2010,2012,no,14,2020,6,no,premium
3554,Visa,Credit,yes,2,13300,06/2012,2012,no,14,2014,12,yes,premium
2597,Mastercard,Debit,yes,2,17941,04/2009,2009,no,17,2021,5,yes,premium
3489,Visa,Credit,yes,1,14400,06/2010,2012,no,14,2018,8,no,premium
4003,Visa,Credit,yes,1,4400,07/2012,2012,no,14,2020,6,no,medium
1469,Mastercard,Credit,yes,1,13000,02/2020,2020,no,6,2020,6,no,premium
1774,Visa,Debit,yes,2,22701,02/2020,2020,no,6,2023,3,yes,premium
1470,Mastercard,Credit,no,1,16100,02/2020,2020,no,6,2024,2,no,premium
1471,Mastercard,Debit,yes,2,7629,02/2020,2020,no,6,2023,3,yes,high
2691,Mastercard,Debit,no,1,16538,04/2012,2012,no,14,2022,4,no,premium
174,Visa,Debit,yes,2,22746,01/2008,2010,no,16,2020,6,yes,premium
1364,Mastercard,Debit,yes,1,9737,02/2016,2016,no,10,2016,10,no,high
1266,Mastercard,Credit,yes,1,6500,02/2011,2014,no,12,2019,7,no,high
1267,Mastercard,Debit,yes,2,2650,02/2011,2013,no,13,2020,6,yes,medium
207,Visa,Credit,yes,2,8200,01/2009,2011,no,15,2012,14,yes,high
5448,Amex,Credit,yes,2,6200,11/2006,2013,no,13,2022,4,yes,high
5449,Amex,Credit,yes,2,22600,11/2006,2014,no,12,2021,5,yes,premium
2107,Mastercard,Debit,yes,2,6940,03/2006,2009,no,17,2024,2,yes,high
2398,Mastercard,Debit,yes,2,23408,04/1996,2008,no,18,2024,2,yes,premium
5414,Visa,Credit,yes,2,9700,11/2004,2007,no,19,2022,4,yes,high
3758,Mastercard,Debit,no,2,10538,07/2006,2006,no,20,2024,2,yes,premium
4097,Mastercard,Debit,yes,2,6853,08/2001,2006,no,20,2023,3,yes,high
5778,Mastercard,Debit,yes,2,607,12/2002,2010,no,16,2020,6,yes,low
4318,Mastercard,Credit,yes,1,0,08/2010,2010,no,16,2021,5,no,low
5015,Visa,Debit,yes,2,8253,10/2004,2011,no,15,2021,5,yes,high
750,Visa,Debit,yes,2,8492,01/2020,2020,no,6,2020,6,yes,high
242,Visa,Credit,yes,1,9100,01/2010,2010,no,16,2022,4,no,high
3966,Mastercard,Credit,no,2,2600,07/2011,2011,no,15,2022,4,yes,medium
5375,Mastercard,Credit,no,1,7300,11/2002,2010,no,16,2024,2,no,high
5166,Visa,Credit,yes,1,15000,10/2009,2009,no,17,2020,6,no,premium
1472,Mastercard,Credit,yes,2,18700,02/2020,2020,no,6,2024,2,yes,premium
751,Visa,Debit,yes,1,21458,01/2020,2020,no,6,2021,5,no,premium
5623,Visa,Credit,no,1,15700,11/2010,2014,no,12,2020,6,no,premium
6099,Mastercard,Debit,yes,2,20765,12/2014,2014,no,12,2020,6,yes,premium
1473,Mastercard,Debit,no,2,18101,02/2020,2020,no,6,2022,4,yes,premium
1775,Visa,Credit,yes,1,8400,02/2020,2020,no,6,2024,2,no,high
447,Mastercard,Debit,yes,1,1737,01/2020,2020,no,6,2020,6,no,medium
1474,Mastercard,Credit,yes,2,20900,02/2020,2020,no,6,2020,6,yes,premium
1776,Visa,Credit,yes,1,23700,02/2020,2020,no,6,2021,5,no,premium
448,Mastercard,Credit,yes,1,17500,01/2020,2020,no,6,2021,5,no,premium
5978,Visa,Debit,yes,1,26083,12/2009,2009,no,17,2024,2,no,premium
2978,Visa,Debit,yes,1,31589,05/2008,2008,no,18,2022,4,no,premium
4946,Visa,Credit,yes,2,24200,10/2000,2013,no,13,2021,5,yes,premium
1475,Mastercard,Debit,yes,2,18321,02/2020,2020,no,6,2020,6,yes,premium
5376,Mastercard,Debit,yes,2,7551,11/2002,2010,no,16,2022,4,yes,high
4127,Mastercard,Debit,yes,1,15377,08/2004,2011,no,15,2014,12,no,premium
5093,Visa,Debit,yes,1,12990,10/2007,2016,no,10,2023,3,no,premium
3490,Visa,Debit,yes,1,8509,06/2010,2010,no,16,2023,3,no,high
5702,Visa,Debit,yes,1,96907,11/2014,2014,no,12,2014,12,no,premium
2200,Visa,Credit,yes,1,43900,03/2008,2013,no,13,2015,11,no,premium
5436,Visa,Debit (Prepaid),yes,2,76,11/2005,2007,no,19,2020,6,yes,low
449,Mastercard,Debit,yes,2,50915,01/2020,2020,no,6,2020,6,yes,premium
1777,Visa,Debit,yes,2,31767,02/2020,2020,no,6,2021,5,yes,premium
3862,Visa,Credit,yes,2,13200,07/2008,2010,no,16,2024,2,yes,premium
1268,Mastercard,Credit,yes,2,16000,02/2011,2012,no,14,2022,4,yes,premium
752,Visa,Debit,yes,2,18132,01/2020,2020,no,6,2024,2,yes,premium
2704,Visa,Credit,yes,1,300,04/2012,2012,no,14,2019,7,no,low
2808,Mastercard,Debit,yes,2,2236,05/2000,2015,no,11,2022,4,yes,medium
4791,Visa,Debit,yes,2,21591,09/2010,2010,no,16,2019,7,yes,premium
1476,Mastercard,Debit,yes,2,11521,02/2020,2020,no,6,2020,6,yes,premium
753,Visa,Credit,no,1,8600,01/2020,2020,no,6,2020,6,no,high
4112,Amex,Credit,yes,1,9800,08/2003,2010,no,16,2020,6,no,high
1154,Visa,Credit,yes,2,11300,02/2008,2009,no,17,2012,14,yes,premium
2598,Mastercard,Credit,yes,1,8400,04/2009,2011,no,15,2019,7,no,high
10,Mastercard,Debit,yes,1,16597,01/1999,2009,no,17,2023,3,no,premium
4655,Amex,Credit,yes,2,9400,09/2008,2008,no,18,2020,6,yes,high
5908,Visa,Debit,yes,1,18702,12/2007,2007,no,19,2008,18,no,premium
3357,Visa,Debit,yes,1,24806,06/2007,2007,no,19,2022,4,no,premium
5502,Visa,Debit,yes,1,19856,11/2007,2011,no,15,2023,3,no,premium
1238,Visa,Debit (Prepaid),yes,2,68,02/2010,2010,no,16,2021,5,yes,low
3412,Amex,Credit,yes,2,4900,06/2009,2009,no,17,2022,4,yes,medium
1477,Mastercard,Debit,yes,1,13390,02/2020,2020,no,6,2022,4,no,premium
1396,Amex,Credit,yes,3,8400,02/2020,2020,no,6,2024,2,yes,high
1297,Amex,Credit,yes,2,13700,02/2012,2012,no,14,2024,2,yes,premium
3605,Discover,Credit,yes,2,4200,06/2016,2016,no,10,2024,2,yes,medium
5167,Visa,Debit,yes,2,2292,10/2009,2015,no,11,2020,6,yes,medium
3922,Amex,Credit,yes,1,8800,07/2010,2010,no,16,2021,5,no,high
5453,Mastercard,Credit,no,2,7600,11/2006,2009,no,17,2023,3,yes,high
2888,Visa,Credit,yes,2,6200,05/2005,2018,no,8,2021,5,yes,high
3208,Mastercard,Credit,yes,1,12900,06/1999,2011,no,15,2023,3,no,premium
4661,Mastercard,Debit,yes,2,18820,09/2008,2015,no,11,2022,4,yes,premium
3277,Visa,Debit,yes,2,16167,06/2004,2009,no,17,2005,21,yes,premium
1107,Mastercard,Credit,yes,2,4200,02/2007,2011,no,15,2023,3,yes,medium
3310,Mastercard,Debit,yes,2,18861,06/2006,2011,no,15,2024,2,yes,premium
1279,Visa,Debit,no,1,27231,02/2011,2011,no,15,2020,6,no,premium
1778,Visa,Debit,yes,1,24390,02/2020,2020,no,6,2024,2,no,premium
1478,Mastercard,Debit,yes,1,3106,02/2020,2020,no,6,2023,3,no,medium
2108,Mastercard,Debit,yes,2,13595,03/2006,2010,no,16,2020,6,yes,premium
5143,Discover,Credit,no,2,12300,10/2009,2009,no,17,2009,17,yes,premium
4151,Mastercard,Credit,yes,2,12300,08/2005,2009,no,17,2019,7,yes,premium
3606,Mastercard,Debit,yes,1,20743,06/2016,2016,no,10,2021,5,no,premium
3248,Mastercard,Debit,yes,2,17706,06/2003,2010,no,16,2021,5,yes,premium
2996,Mastercard,Debit,yes,2,20962,05/2009,2009,no,17,2022,4,yes,premium
4,Mastercard,Debit,yes,2,19439,01/1997,2007,no,19,2024,2,yes,premium
3257,Visa,Debit,no,1,30160,06/2003,2017,no,9,2022,4,no,premium
3626,Amex,Credit,yes,2,0,06/2018,2018,no,8,2022,4,yes,low
1039,Visa,Debit,no,1,28937,02/2004,2008,no,18,2012,14,no,premium
2080,Mastercard,Debit (Prepaid),no,2,22,03/2005,2011,no,15,2020,6,yes,low
49,Mastercard,Debit,yes,2,1575,01/2004,2005,no,21,2015,11,yes,medium
4964,Mastercard,Debit,yes,2,7562,10/2002,2011,no,15,2020,6,yes,high
4093,Mastercard,Debit,yes,2,17211,08/1999,2013,no,13,2024,2,yes,premium
2979,Visa,Credit,no,2,9500,05/2008,2010,no,16,2010,16,yes,high
3513,Mastercard,Debit,yes,2,24191,06/2011,2011,no,15,2022,4,yes,premium
3732,Mastercard,Debit (Prepaid),yes,2,68,07/2005,2006,no,20,2023,3,yes,low
2925,Mastercard,Debit,yes,2,8037,05/2007,2010,no,16,2020,6,yes,high
1167,Mastercard,Debit (Prepaid),yes,2,97,02/2009,2015,no,11,2018,8,yes,low
450,Mastercard,Debit,yes,1,15555,01/2020,2020,no,6,2021,5,no,premium
2759,Mastercard,Debit,yes,1,18242,04/2016,2016,no,10,2016,10,no,premium
1779,Visa,Debit (Prepaid),yes,2,62,02/2020,2020,no,6,2021,5,yes,low
754,Visa,Debit,no,1,16715,01/2020,2020,no,6,2022,4,no,premium
1479,Mastercard,Debit (Prepaid),yes,1,46,02/2020,2020,no,6,2020,6,no,low
1298,Mastercard,Debit,yes,2,20195,02/2012,2012,no,14,2021,5,yes,premium
3640,Mastercard,Debit,yes,2,39818,06/2019,2019,no,7,2019,7,yes,premium
3074,Visa,Debit,yes,2,33736,05/2010,2010,no,16,2018,8,yes,premium
4239,Mastercard,Debit,yes,2,17850,08/2008,2008,no,18,2011,15,yes,premium
4147,Amex,Credit,yes,2,11300,08/2005,2008,no,18,2021,5,yes,premium
3075,Visa,Debit,no,2,1981,05/2010,2014,no,12,2015,11,yes,medium
4289,Mastercard,Debit,yes,1,15695,08/2009,2010,no,16,2024,2,no,premium
2172,Mastercard,Debit,yes,2,23475,03/2008,2011,no,15,2014,12,yes,premium
5366,Mastercard,Credit,yes,1,12900,11/2001,2011,no,15,2017,9,no,premium
2673,Mastercard,Debit (Prepaid),yes,1,91,04/2011,2011,no,15,2021,5,no,low
965,Mastercard,Debit,yes,2,15341,02/1999,2014,no,12,2022,4,yes,premium
4763,Mastercard,Debit,yes,2,42116,09/2010,2011,no,15,2015,11,yes,premium
451,Mastercard,Debit,no,2,39312,01/2020,2020,no,6,2020,6,yes,premium
3300,Visa,Debit,no,2,21370,06/2005,2010,no,16,2008,18,yes,premium
5226,Amex,Credit,yes,2,16700,10/2011,2011,no,15,2022,4,yes,premium
5477,Amex,Credit,yes,1,17800,11/2007,2011,no,15,2024,2,no,premium
5877,Mastercard,Credit,yes,2,16200,12/2007,2011,no,15,2020,6,yes,premium
3084,Amex,Credit,yes,1,17700,05/2011,2013,no,13,2020,6,no,premium
13,Mastercard,Credit,yes,1,14600,01/2000,2012,no,14,2021,5,no,premium
4735,Visa,Credit,yes,2,10700,09/2009,2011,no,15,2024,2,yes,premium
2633,Mastercard,Debit (Prepaid),yes,1,89,04/2010,2010,no,16,2023,3,no,low
4173,Mastercard,Debit,yes,3,11398,08/2006,2013,no,13,2006,20,yes,premium
5925,Mastercard,Credit,yes,2,8200,12/2008,2010,no,16,2023,3,yes,high
4240,Mastercard,Credit,yes,1,6100,08/2008,2008,no,18,2021,5,no,high
3514,Mastercard,Debit,yes,1,15820,06/2011,2011,no,15,2024,2,no,premium
1480,Mastercard,Debit,yes,2,9774,02/2020,2020,no,6,2023,3,yes,high
3136,Visa,Debit,yes,1,22833,05/2013,2013,no,13,2023,3,no,premium
755,Visa,Debit,yes,1,48502,01/2020,2020,no,6,2022,4,no,premium
2787,Visa,Debit,yes,2,34888,04/2019,2019,no,7,2022,4,yes,premium
4435,Visa,Debit,no,1,29503,08/2014,2014,no,12,2019,7,no,premium
378,Mastercard,Debit,yes,2,19570,01/2019,2019,no,7,2021,5,yes,premium
3189,Mastercard,Debit,yes,1,22297,05/2017,2017,no,9,2023,3,no,premium
3595,Visa,Debit,yes,1,20031,06/2015,2015,no,11,2023,3,no,premium
1481,Mastercard,Debit,yes,2,30323,02/2020,2020,no,6,2020,6,yes,premium
390,Amex,Credit,yes,1,19000,01/2020,2020,no,6,2024,2,no,premium
4065,Mastercard,Debit,yes,1,18162,07/2018,2018,no,8,2020,6,no,premium
756,Visa,Debit (Prepaid),yes,1,54,01/2020,2020,no,6,2020,6,no,low
1482,Mastercard,Credit,yes,1,8700,02/2020,2020,no,6,2022,4,no,high
452,Mastercard,Debit,yes,1,14295,01/2020,2020,no,6,2021,5,no,premium
5743,Visa,Debit,no,1,17620,11/2019,2019,no,7,2024,2,no,premium
344,Mastercard,Debit,yes,2,17201,01/2015,2015,no,11,2020,6,yes,premium
423,Discover,Credit,yes,1,8300,01/2020,2020,no,6,2021,5,no,high
5542,Visa,Debit,yes,2,17853,11/2008,2011,no,15,2023,3,yes,premium
2777,Mastercard,Debit,yes,1,10794,04/2018,2018,no,8,2024,2,no,premium
5598,Mastercard,Debit,yes,1,15832,11/2010,2011,no,15,2019,7,no,premium
3759,Mastercard,Debit (Prepaid),yes,1,26,07/2006,2019,no,7,2006,20,no,low
5483,Mastercard,Credit,yes,2,16300,11/2007,2009,no,17,2013,13,yes,premium
453,Mastercard,Debit,yes,2,14836,01/2020,2020,no,6,2024,2,yes,premium
454,Mastercard,Debit,yes,2,13972,01/2020,2020,no,6,2024,2,yes,premium
3564,Mastercard,Debit,yes,1,33103,06/2013,2013,no,13,2024,2,no,premium
4241,Mastercard,Debit,yes,1,20847,08/2008,2010,no,16,2023,3,no,premium
5268,Mastercard,Debit,yes,1,31807,10/2013,2013,no,13,2013,13,no,premium
1006,Visa,Credit,yes,1,16100,02/2002,2014,no,12,2024,2,no,premium
2825,Mastercard,Debit,yes,1,28894,05/2002,2011,no,15,2021,5,no,premium
1007,Visa,Debit (Prepaid),yes,1,61,02/2002,2009,no,17,2002,24,no,low
4792,Visa,Credit,yes,1,12500,09/2010,2012,no,14,2023,3,no,premium
2599,Mastercard,Debit,yes,2,15409,04/2009,2010,no,16,2023,3,yes,premium
4984,Mastercard,Credit,yes,1,5300,10/2003,2012,no,14,2023,3,no,high
2895,Mastercard,Debit,yes,1,13469,05/2006,2009,no,17,2016,10,no,premium
455,Mastercard,Debit,yes,1,16524,01/2020,2020,no,6,2020,6,no,premium
456,Mastercard,Debit,no,1,29526,01/2020,2020,no,6,2020,6,no,premium
1483,Mastercard,Debit,yes,1,16407,02/2020,2020,no,6,2023,3,no,premium
3378,Mastercard,Debit (Prepaid),yes,2,61,06/2008,2015,no,11,2023,3,yes,low
5146,Mastercard,Debit,yes,2,40628,10/2009,2014,no,12,2020,6,yes,premium
2559,Mastercard,Debit,yes,2,24980,04/2008,2014,no,12,2010,16,yes,premium
1484,Mastercard,Debit,yes,1,10290,02/2020,2020,no,6,2020,6,no,premium
5328,Mastercard,Debit (Prepaid),yes,1,84,10/2018,2018,no,8,2023,3,no,low
2154,Visa,Debit,yes,1,13725,03/2007,2014,no,12,2018,8,no,premium
4686,Visa,Debit,yes,2,8278,09/2008,2010,no,16,2024,2,yes,high
3440,Visa,Debit,yes,2,13514,06/2009,2018,no,8,2020,6,yes,premium
2674,Mastercard,Credit,yes,1,3800,04/2011,2011,no,15,2024,2,no,medium
2478,Mastercard,Debit,yes,2,15119,04/2005,2011,no,15,2024,2,yes,premium
457,Mastercard,Debit (Prepaid),yes,1,81,01/2020,2020,no,6,2021,5,no,low
458,Mastercard,Debit,yes,1,34183,01/2020,2020,no,6,2020,6,no,premium
757,Visa,Credit,yes,1,22200,01/2020,2020,no,6,2022,4,no,premium
1485,Mastercard,Debit,yes,1,15117,02/2020,2020,no,6,2022,4,no,premium
3491,Visa,Debit (Prepaid),yes,2,81,06/2010,2010,no,16,2020,6,yes,low
3249,Mastercard,Debit,yes,2,1543,06/2003,2009,no,17,2023,3,yes,medium
459,Mastercard,Debit,yes,1,22821,01/2020,2020,no,6,2024,2,no,premium
1780,Visa,Credit,yes,1,13200,02/2020,2020,no,6,2023,3,no,premium
460,Mastercard,Debit,yes,1,16330,01/2020,2020,no,6,2024,2,no,premium
758,Visa,Debit (Prepaid),no,2,39,01/2020,2020,no,6,2020,6,yes,low
5484,Mastercard,Credit,yes,2,6400,11/2007,2011,no,15,2007,19,yes,high
2809,Visa,Credit,yes,1,3500,05/2000,2007,no,19,2000,26,no,medium
6138,Visa,Debit,yes,1,12606,12/2018,2018,no,8,2023,3,no,premium
374,Visa,Debit,yes,1,9921,01/2018,2018,no,8,2023,3,no,high
4225,Visa,Debit (Prepaid),yes,2,96,08/2007,2009,no,17,2022,4,yes,low
1014,Mastercard,Debit,yes,1,18964,02/2003,2009,no,17,2024,2,no,premium
2526,Mastercard,Debit,yes,2,3711,04/2007,2013,no,13,2024,2,yes,medium
1352,Mastercard,Debit,no,1,35279,02/2015,2015,no,11,2023,3,no,premium
5543,Visa,Credit,yes,2,13800,11/2008,2015,no,11,2020,6,yes,premium
3671,Mastercard,Debit,yes,2,24215,07/2002,2007,no,19,2022,4,yes,premium
5503,Visa,Credit,yes,1,19400,11/2007,2010,no,16,2024,2,no,premium
2096,Visa,Debit (Prepaid),yes,2,30,03/2005,2014,no,12,2020,6,yes,low
243,Visa,Debit,yes,2,17208,01/2010,2016,no,10,2024,2,yes,premium
18,Mastercard,Credit,yes,2,18300,01/2001,2011,no,15,2004,22,yes,premium
1336,Mastercard,Debit,yes,1,51012,02/2014,2014,no,12,2021,5,no,premium
189,Amex,Credit,yes,1,15000,01/2009,2011,no,15,2019,7,no,premium
2910,Visa,Credit,yes,1,7600,05/2006,2009,no,17,2018,8,no,high
2081,Mastercard,Debit,yes,2,8052,03/2005,2012,no,14,2023,3,yes,high
2082,Mastercard,Credit,yes,1,8600,03/2005,2007,no,19,2024,2,no,high
5336,Mastercard,Debit,yes,2,20128,10/2019,2019,no,7,2020,6,yes,premium
3831,Amex,Credit,yes,1,9000,07/2008,2013,no,13,2023,3,no,high
5645,Mastercard,Debit (Prepaid),yes,2,91,11/2011,2012,no,14,2020,6,yes,low
958,Amex,Credit,yes,1,6800,02/1996,2009,no,17,2024,2,no,high
3043,Mastercard,Debit (Prepaid),yes,1,93,05/2010,2010,no,16,2011,15,no,low
2319,Visa,Credit,yes,2,9800,03/2013,2013,no,13,2016,10,yes,high
3492,Visa,Credit,yes,2,6700,06/2010,2011,no,15,2021,5,yes,high
108,Visa,Credit,yes,1,9800,01/2006,2015,no,11,2023,3,no,high
3329,Visa,Debit,yes,2,24544,06/2006,2013,no,13,2018,8,yes,premium
2956,Mastercard,Debit,yes,1,22639,05/2008,2010,no,16,2023,3,no,premium
4033,Discover,Credit,yes,1,1100,07/2015,2015,no,11,2023,3,no,medium
2715,Mastercard,Debit (Prepaid),yes,1,86,04/2013,2013,no,13,2016,10,no,low
2655,Visa,Debit,yes,2,2330,04/2010,2011,no,15,2020,6,yes,medium
1781,Visa,Credit,yes,2,5900,02/2020,2020,no,6,2020,6,yes,high
5909,Visa,Debit,yes,2,47372,12/2007,2008,no,18,2020,6,yes,premium
3076,Visa,Debit,no,2,28127,05/2010,2010,no,16,2022,4,yes,premium
4595,Mastercard,Debit (Prepaid),yes,1,28,09/2006,2006,no,20,2010,16,no,low
1782,Visa,Debit,yes,2,62081,02/2020,2020,no,6,2024,2,yes,premium
4806,Amex,Credit,yes,1,5800,09/2011,2011,no,15,2022,4,no,high
3902,Visa,Credit,yes,1,6700,07/2009,2009,no,17,2016,10,no,high
2127,Visa,Credit,yes,1,6700,03/2006,2012,no,14,2015,11,no,high
5807,Mastercard,Debit,yes,2,1424,12/2004,2012,no,14,2022,4,yes,medium
1486,Mastercard,Debit (Prepaid),no,1,58,02/2020,2020,no,6,2024,2,no,low
3785,Visa,Credit,yes,2,19400,07/2006,2008,no,18,2009,17,yes,premium
6020,Visa,Debit,yes,2,4052,12/2010,2013,no,13,2012,14,yes,medium
2468,Visa,Credit,yes,2,9300,04/2004,2010,no,16,2010,16,yes,high
1783,Visa,Credit,yes,1,9600,02/2020,2020,no,6,2022,4,no,high
1487,Mastercard,Debit,yes,1,16923,02/2020,2020,no,6,2020,6,no,premium
461,Mastercard,Credit,yes,1,7700,01/2020,2020,no,6,2020,6,no,high
1488,Mastercard,Debit,yes,2,146,02/2020,2020,no,6,2022,4,yes,low
2997,Mastercard,Debit,no,1,12091,05/2009,2009,no,17,2023,3,no,premium
4596,Mastercard,Debit,yes,2,11157,09/2006,2011,no,15,2006,20,yes,premium
5784,Visa,Credit,yes,2,7100,12/2002,2012,no,14,2010,16,yes,high
4319,Mastercard,Debit,yes,1,7612,08/2010,2011,no,15,2012,14,no,high
1328,Visa,Credit,yes,2,6100,02/2013,2013,no,13,2021,5,yes,high
5941,Visa,Debit,yes,2,27706,12/2008,2008,no,18,2023,3,yes,premium
2173,Mastercard,Debit (Prepaid),no,2,45,03/2008,2009,no,17,2009,17,yes,low
975,Mastercard,Debit,no,2,2046,02/2000,2008,no,18,2021,5,yes,medium
4831,Mastercard,Credit,yes,1,17400,09/2012,2012,no,14,2024,2,no,premium
5926,Mastercard,Debit,yes,1,26231,12/2008,2008,no,18,2020,6,no,premium
3358,Visa,Credit,yes,2,18300,06/2007,2010,no,16,2009,17,yes,premium
3668,Visa,Credit,yes,2,13900,07/2001,2014,no,12,2016,10,yes,premium
3209,Mastercard,Credit,yes,2,17200,06/1999,2013,no,13,2022,4,yes,premium
5058,Visa,Debit,yes,2,14217,10/2006,2012,no,14,2023,3,yes,premium
2527,Mastercard,Debit,yes,2,39533,04/2007,2016,no,10,2024,2,yes,premium
4242,Mastercard,Debit,yes,2,3141,08/2008,2013,no,13,2023,3,yes,medium
2733,Visa,Credit,yes,2,12800,04/2014,2014,no,12,2022,4,yes,premium
4764,Mastercard,Debit,no,1,38342,09/2010,2010,no,16,2020,6,no,premium
462,Mastercard,Credit,yes,1,3000,01/2020,2020,no,6,2020,6,no,medium
1784,Visa,Debit,no,1,16486,02/2020,2020,no,6,2020,6,no,premium
463,Mastercard,Debit,yes,2,28868,01/2020,2020,no,6,2024,2,yes,premium
464,Mastercard,Debit,yes,1,51836,01/2020,2020,no,6,2021,5,no,premium
1785,Visa,Credit,yes,2,8900,02/2020,2020,no,6,2021,5,yes,high
1489,Mastercard,Credit,yes,1,9900,02/2020,2020,no,6,2020,6,no,high
759,Visa,Debit,yes,1,22935,01/2020,2020,no,6,2020,6,no,premium
1786,Visa,Credit,yes,2,7900,02/2020,2020,no,6,2023,3,yes,high
6100,Mastercard,Debit,yes,1,17336,12/2014,2014,no,12,2020,6,no,premium
3981,Visa,Debit,yes,2,20206,07/2011,2011,no,15,2021,5,yes,premium
375,Visa,Credit,yes,2,9900,01/2018,2018,no,8,2023,3,yes,high
295,Mastercard,Debit (Prepaid),no,1,78,01/2012,2012,no,14,2021,5,no,low
5599,Mastercard,Debit,yes,1,17335,11/2010,2010,no,16,2023,3,no,premium
43,Visa,Credit,yes,1,9700,01/2003,2020,no,6,2024,2,no,high
5820,Visa,Debit,no,2,25048,12/2004,2010,no,16,2021,5,yes,premium
2332,Visa,Debit,yes,1,25214,03/2014,2014,no,12,2014,12,no,premium
1490,Mastercard,Debit,yes,1,33580,02/2020,2020,no,6,2023,3,no,premium
2286,Visa,Debit,no,2,1952,03/2011,2011,no,15,2013,13,yes,medium
3882,Mastercard,Debit,yes,1,18491,07/2009,2011,no,15,2023,3,no,premium
4336,Visa,Credit,yes,1,9800,08/2010,2014,no,12,2013,13,no,high
5957,Mastercard,Credit,yes,1,0,12/2009,2010,no,16,2021,5,no,low
267,Mastercard,Debit,yes,1,5857,01/2011,2012,no,14,2023,3,no,high
5094,Visa,Debit,yes,2,10366,10/2007,2014,no,12,2020,6,yes,premium
2469,Visa,Debit,yes,1,10161,04/2004,2008,no,18,2024,2,no,premium
68,Mastercard,Debit,yes,2,9297,01/2005,2012,no,14,2021,5,yes,high
3703,Visa,Debit,yes,1,12434,07/2003,2012,no,14,2021,5,no,premium
5600,Mastercard,Debit,yes,2,29973,11/2010,2010,no,16,2020,6,yes,premium
4886,Visa,Debit,yes,2,25330,09/2015,2015,no,11,2020,6,yes,premium
2512,Visa,Debit,yes,2,52609,04/2006,2010,no,16,2020,6,yes,premium
5867,Visa,Credit,yes,1,25200,12/2006,2016,no,10,2020,6,no,premium
5750,Visa,Debit,yes,1,11832,12/1996,2007,no,19,2022,4,no,premium
2580,Visa,Credit,yes,1,5400,04/2008,2013,no,13,2016,10,no,high
3417,Mastercard,Debit,no,1,3384,06/2009,2009,no,17,2024,2,no,medium
3543,Mastercard,Debit,yes,1,13756,06/2012,2012,no,14,2014,12,no,premium
94,Mastercard,Debit,yes,1,9263,01/2006,2010,no,16,2022,4,no,high
2723,Mastercard,Debit,yes,1,16899,04/2014,2014,no,12,2024,2,no,premium
3278,Visa,Credit,yes,1,5700,06/2004,2012,no,14,2022,4,no,high
2140,Mastercard,Debit (Prepaid),yes,1,46,03/2007,2012,no,14,2021,5,no,low
1491,Mastercard,Credit,yes,2,11400,02/2020,2020,no,6,2024,2,yes,premium
5646,Mastercard,Debit (Prepaid),yes,1,95,11/2011,2011,no,15,2022,4,no,low
1108,Mastercard,Credit,yes,2,10700,02/2007,2015,no,11,2023,3,yes,premium
3508,Amex,Credit,yes,1,8700,06/2011,2011,no,15,2024,2,no,high
3279,Visa,Debit,yes,2,12150,06/2004,2008,no,18,2022,4,yes,premium
3617,Discover,Credit,yes,1,7800,06/2017,2017,no,9,2019,7,no,high
1329,Visa,Debit,no,1,13761,02/2013,2013,no,13,2013,13,no,premium
3946,Visa,Debit,yes,2,45377,07/2010,2011,no,15,2020,6,yes,premium
465,Mastercard,Debit,yes,1,18091,01/2020,2020,no,6,2020,6,no,premium
466,Mastercard,Debit,yes,1,14514,01/2020,2020,no,6,2022,4,no,premium
1492,Mastercard,Credit,yes,1,15900,02/2020,2020,no,6,2022,4,no,premium
760,Visa,Credit,yes,1,13000,01/2020,2020,no,6,2020,6,no,premium
761,Visa,Debit,yes,2,17905,01/2020,2020,no,6,2021,5,yes,premium
5624,Visa,Credit,yes,2,7000,11/2010,2011,no,15,2022,4,yes,high
2656,Visa,Credit,yes,3,7100,04/2010,2010,no,16,2020,6,yes,high
2876,Mastercard,Debit,yes,2,16476,05/2005,2008,no,18,2024,2,yes,premium
5868,Visa,Credit,no,2,7200,12/2006,2011,no,15,2009,17,yes,high
5996,Mastercard,Credit,yes,1,11800,12/2010,2011,no,15,2017,9,no,premium
4320,Mastercard,Debit,yes,2,6832,08/2010,2015,no,11,2018,8,yes,high
4708,Mastercard,Debit,yes,2,6222,09/2009,2009,no,17,2023,3,yes,high
2920,Amex,Credit,yes,1,13300,05/2007,2015,no,11,2024,2,no,premium
5797,Visa,Debit,yes,2,2942,12/2003,2014,no,12,2023,3,yes,medium
3301,Visa,Debit,yes,2,33539,06/2005,2018,no,8,2022,4,yes,premium
1787,Visa,Credit,yes,2,14000,02/2020,2020,no,6,2023,3,yes,premium
762,Visa,Debit,yes,1,20160,01/2020,2020,no,6,2024,2,no,premium
467,Mastercard,Debit,yes,1,35466,01/2020,2020,no,6,2022,4,no,premium
1788,Visa,Debit,yes,2,24677,02/2020,2020,no,6,2020,6,yes,premium
1789,Visa,Debit,yes,1,16520,02/2020,2020,no,6,2020,6,no,premium
5028,Visa,Debit,yes,2,6708,10/2005,2013,no,13,2008,18,yes,high
328,Mastercard,Credit,yes,1,1200,01/2014,2014,no,12,2022,4,no,medium
4374,Visa,Debit,yes,1,10903,08/2011,2011,no,15,2022,4,no,premium
1312,Mastercard,Debit,yes,1,6710,02/2013,2013,no,13,2021,5,no,high
5730,Mastercard,Debit,yes,2,10841,11/2017,2017,no,9,2024,2,yes,premium
763,Visa,Debit (Prepaid),yes,1,40,01/2020,2020,no,6,2024,2,no,low
2957,Mastercard,Debit,yes,2,29340,05/2008,2010,no,16,2023,3,yes,premium
3627,Amex,Credit,yes,2,13600,06/2018,2018,no,8,2020,6,yes,premium
3044,Mastercard,Credit,yes,2,7700,05/2010,2010,no,16,2022,4,yes,high
5401,Mastercard,Debit,yes,1,18803,11/2004,2008,no,18,2021,5,no,premium
3205,Mastercard,Debit,yes,2,28405,06/1998,2008,no,18,2022,4,yes,premium
1269,Mastercard,Debit,yes,1,15521,02/2011,2011,no,15,2011,15,no,premium
20,Visa,Credit,yes,1,3800,01/2001,2003,no,23,2021,5,no,medium
3493,Visa,Credit,yes,2,10900,06/2010,2013,no,13,2022,4,yes,premium
153,Mastercard,Debit,yes,2,1930,01/2008,2015,no,11,2023,3,yes,medium
4422,Discover,Credit,yes,2,13900,08/2014,2014,no,12,2024,2,yes,premium
223,Mastercard,Debit,yes,1,5575,01/2010,2010,no,16,2024,2,no,high
2756,Amex,Credit,no,2,8300,04/2016,2016,no,10,2023,3,yes,high
208,Visa,Debit,yes,1,13009,01/2009,2009,no,17,2020,6,no,premium
468,Mastercard,Debit,yes,2,12029,01/2020,2020,no,6,2024,2,yes,premium
764,Visa,Credit,yes,1,6100,01/2020,2020,no,6,2022,4,no,high
4414,Visa,Debit,yes,1,24123,08/2013,2013,no,13,2022,4,no,premium
1155,Visa,Credit,yes,1,14700,02/2008,2010,no,16,2015,11,no,premium
5869,Visa,Debit (Prepaid),yes,2,12,12/2006,2013,no,13,2020,6,yes,low
4559,Visa,Debit,yes,1,11737,09/2004,2009,no,17,2020,6,no,premium
2005,Visa,Debit,yes,1,14366,03/1997,2008,no,18,2024,2,no,premium
345,Mastercard,Debit,yes,1,17272,01/2015,2015,no,11,2015,11,no,premium
3672,Mastercard,Debit,yes,2,13605,07/2002,2009,no,17,2023,3,yes,premium
3742,Visa,Credit,yes,1,21000,07/2005,2009,no,17,2023,3,no,premium
1493,Mastercard,Debit,yes,2,21470,02/2020,2020,no,6,2024,2,yes,premium
4915,Visa,Debit,yes,1,26850,09/2017,2017,no,9,2017,9,no,premium
1190,Visa,Credit,yes,2,10400,02/2009,2010,no,16,2024,2,yes,premium
5095,Visa,Credit,yes,2,8000,10/2007,2011,no,15,2008,18,yes,high
2409,Visa,Credit,yes,2,13000,04/2000,2010,no,16,2020,6,yes,premium
3760,Mastercard,Debit,yes,1,5840,07/2006,2009,no,17,2020,6,no,high
2174,Mastercard,Debit (Prepaid),yes,2,68,03/2008,2012,no,14,2012,14,yes,low
4756,Amex,Credit,yes,1,16000,09/2010,2016,no,10,2022,4,no,premium
3240,Visa,Debit,no,1,32223,06/2002,2005,no,21,2008,18,no,premium
5189,Mastercard,Debit,yes,2,13323,10/2010,2010,no,16,2022,4,yes,premium
4103,Visa,Debit,yes,2,576,08/2001,2011,no,15,2021,5,yes,low
2547,Visa,Debit,yes,1,25977,04/2007,2009,no,17,2024,2,no,premium
4436,Visa,Debit (Prepaid),yes,1,84,08/2014,2014,no,12,2016,10,no,low
4597,Mastercard,Debit (Prepaid),yes,2,23,09/2006,2010,no,16,2021,5,yes,low
5359,Visa,Credit,no,2,5200,11/1999,2009,no,17,2023,3,yes,high
3311,Mastercard,Debit (Prepaid),yes,2,66,06/2006,2010,no,16,2013,13,yes,low
5040,Amex,Credit,yes,1,1200,10/2006,2009,no,17,2024,2,no,medium
127,Mastercard,Debit,yes,1,20759,01/2007,2009,no,17,2020,6,no,premium
3224,Mastercard,Credit,yes,1,15100,06/2001,2010,no,16,2024,2,no,premium
469,Mastercard,Credit,yes,1,11100,01/2020,2020,no,6,2021,5,no,premium
470,Mastercard,Debit (Prepaid),yes,2,52,01/2020,2020,no,6,2022,4,yes,low
4548,Mastercard,Debit,yes,2,15110,09/2004,2009,no,17,2024,2,yes,premium
4765,Mastercard,Credit,yes,2,10600,09/2010,2014,no,12,2023,3,yes,premium
4583,Visa,Credit,yes,2,8600,09/2005,2011,no,15,2020,6,yes,high
4316,Amex,Credit,yes,2,8400,08/2010,2012,no,14,2020,6,yes,high
3144,Mastercard,Credit,yes,2,11100,05/2014,2014,no,12,2022,4,yes,premium
1139,Mastercard,Credit,yes,1,2800,02/2008,2010,no,16,2021,5,no,medium
6128,Visa,Credit,yes,2,5700,12/2016,2016,no,10,2019,7,yes,high
3241,Visa,Debit,yes,1,12252,06/2002,2010,no,16,2011,15,no,premium
3565,Mastercard,Debit,yes,1,22420,06/2013,2013,no,13,2023,3,no,premium
5029,Visa,Debit,yes,2,3715,10/2005,2009,no,17,2018,8,yes,medium
4298,Visa,Debit (Prepaid),yes,1,67,08/2009,2011,no,15,2021,5,no,low
3819,Visa,Debit,yes,2,26460,07/2007,2017,no,9,2020,6,yes,premium
4736,Visa,Debit,yes,1,12783,09/2009,2015,no,11,2023,3,no,premium
88,Amex,Credit,yes,2,21400,01/2006,2011,no,15,2023,3,yes,premium
3359,Visa,Credit,no,2,13600,06/2007,2007,no,19,2021,5,yes,premium
5269,Mastercard,Debit,no,1,46201,10/2013,2013,no,13,2020,6,no,premium
2657,Visa,Credit,yes,2,7700,04/2010,2010,no,16,2022,4,yes,high
5020,Mastercard,Debit,yes,2,18937,10/2005,2010,no,16,2010,16,yes,premium
3544,Mastercard,Debit,yes,1,14539,06/2012,2012,no,14,2021,5,no,premium
6038,Mastercard,Debit,yes,2,21723,12/2011,2011,no,15,2020,6,yes,premium
1494,Mastercard,Debit,yes,1,16858,02/2020,2020,no,6,2023,3,no,premium
1790,Visa,Debit,no,2,22143,02/2020,2020,no,6,2022,4,yes,premium
1791,Visa,Debit (Prepaid),yes,2,61,02/2020,2020,no,6,2023,3,yes,low
5721,Mastercard,Debit,yes,1,15683,11/2016,2016,no,10,2022,4,no,premium
471,Mastercard,Debit (Prepaid),yes,1,65,01/2020,2020,no,6,2020,6,no,low
4922,Mastercard,Debit,yes,1,12139,09/2019,2019,no,7,2022,4,no,premium
3669,Visa,Debit,yes,1,10130,07/2001,2011,no,15,2021,5,no,premium
3717,Visa,Credit,yes,1,7300,07/2004,2010,no,16,2023,3,no,high
5580,Visa,Debit (Prepaid),no,1,57,11/2009,2016,no,10,2012,14,no,low
3494,Visa,Credit,yes,1,3800,06/2010,2011,no,15,2022,4,no,medium
3837,Mastercard,Debit (Prepaid),yes,2,121,07/2008,2008,no,18,2021,5,yes,low
1080,Mastercard,Debit,yes,1,13569,02/2006,2007,no,19,2020,6,no,premium
472,Mastercard,Debit,yes,1,15358,01/2020,2020,no,6,2020,6,no,premium
5356,Mastercard,Debit,no,1,9550,11/1999,2018,no,8,1999,27,no,high
3530,Visa,Credit,yes,1,17300,06/2011,2011,no,15,2024,2,no,premium
4199,Mastercard,Credit,yes,2,15000,08/2007,2007,no,19,2021,5,yes,premium
3863,Visa,Debit (Prepaid),yes,2,106,07/2008,2008,no,18,2023,3,yes,low
2258,Visa,Credit,yes,1,20100,03/2010,2017,no,9,2021,5,no,premium
4096,Visa,Debit (Prepaid),yes,2,50,08/2000,2008,no,18,2022,4,yes,low
2175,Mastercard,Debit,yes,1,10843,03/2008,2009,no,17,2015,11,no,premium
2734,Visa,Debit,yes,2,12057,04/2014,2014,no,12,2023,3,yes,premium
3202,Mastercard,Credit,yes,2,11100,05/2019,2019,no,7,2022,4,yes,premium
3718,Visa,Debit,yes,1,13969,07/2004,2008,no,18,2012,14,no,premium
3688,Mastercard,Credit,yes,1,7600,07/2003,2017,no,9,2023,3,no,high
765,Visa,Debit,yes,1,9578,01/2020,2020,no,6,2024,2,no,high
1792,Visa,Debit,yes,1,16711,02/2020,2020,no,6,2023,3,no,premium
6136,Mastercard,Debit,yes,2,15435,12/2018,2018,no,8,2020,6,yes,premium
391,Amex,Credit,yes,1,14300,01/2020,2020,no,6,2020,6,no,premium
2743,Mastercard,Debit,yes,1,9431,04/2015,2015,no,11,2020,6,no,high
3883,Mastercard,Credit,yes,1,6100,07/2009,2012,no,14,2022,4,no,high
5186,Discover,Credit,yes,1,17400,10/2010,2013,no,13,2014,12,no,premium
5454,Mastercard,Debit,yes,1,35500,11/2006,2011,no,15,2024,2,no,premium
3271,Mastercard,Debit,yes,2,27687,06/2004,2007,no,19,2023,3,yes,premium
1495,Mastercard,Debit,no,2,40073,02/2020,2020,no,6,2024,2,yes,premium
1496,Mastercard,Credit,yes,2,22000,02/2020,2020,no,6,2023,3,yes,premium
766,Visa,Debit,no,2,8509,01/2020,2020,no,6,2021,5,yes,high
3566,Mastercard,Debit,yes,1,11037,06/2013,2013,no,13,2018,8,no,premium
2141,Mastercard,Debit,yes,1,16986,03/2007,2010,no,16,2023,3,no,premium
5096,Visa,Credit,yes,1,8800,10/2007,2014,no,12,2011,15,no,high
4321,Mastercard,Debit,yes,2,8212,08/2010,2011,no,15,2024,2,yes,high
4649,Visa,Debit,yes,2,24270,09/2007,2008,no,18,2023,3,yes,premium
767,Visa,Debit,yes,2,12586,01/2020,2020,no,6,2024,2,yes,premium
365,Amex,Credit,no,2,11800,01/2018,2018,no,8,2019,7,yes,premium
2042,Mastercard,Debit,no,2,18050,03/2003,2010,no,16,2021,5,yes,premium
3924,Discover,Credit,yes,2,21800,07/2010,2011,no,15,2022,4,yes,premium
1497,Mastercard,Debit (Prepaid),yes,1,97,02/2020,2020,no,6,2024,2,no,low
2557,Amex,Credit,yes,2,19600,04/2008,2011,no,15,2009,17,yes,premium
2273,Discover,Credit,no,2,21900,03/2011,2011,no,15,2019,7,yes,premium
5544,Visa,Credit,yes,2,21400,11/2008,2011,no,15,2008,18,yes,premium
5147,Mastercard,Debit,no,2,34572,10/2009,2015,no,11,2024,2,yes,premium
1498,Mastercard,Credit,yes,2,11700,02/2020,2020,no,6,2020,6,yes,premium
154,Mastercard,Credit,yes,1,8500,01/2008,2009,no,17,2020,6,no,high
4709,Mastercard,Debit,yes,2,19928,09/2009,2011,no,15,2021,5,yes,premium
5601,Mastercard,Debit,yes,1,9902,11/2010,2012,no,14,2023,3,no,high
1008,Visa,Credit,yes,1,11000,02/2002,2015,no,11,2021,5,no,premium
4766,Mastercard,Credit,yes,1,6300,09/2010,2010,no,16,2023,3,no,high
4394,Visa,Debit,yes,1,22474,08/2012,2012,no,14,2022,4,no,premium
4098,Mastercard,Debit,yes,1,24926,08/2001,2011,no,15,2024,2,no,premium
1499,Mastercard,Debit (Prepaid),yes,2,77,02/2020,2020,no,6,2020,6,yes,low
768,Visa,Credit,yes,1,9100,01/2020,2020,no,6,2020,6,no,high
5958,Mastercard,Debit,yes,1,10838,12/2009,2010,no,16,2018,8,no,premium
473,Mastercard,Debit,yes,1,1940,01/2020,2020,no,6,2020,6,no,medium
3838,Mastercard,Debit,yes,2,100,07/2008,2008,no,18,2016,10,yes,low
5074,Mastercard,Debit,yes,1,23231,10/2007,2011,no,15,2021,5,no,premium
2097,Visa,Debit,yes,2,17323,03/2005,2011,no,15,2009,17,yes,premium
1060,Visa,Credit,yes,2,11800,02/2005,2018,no,8,2021,5,yes,premium
4054,Mastercard,Credit,yes,2,6100,07/2017,2017,no,9,2022,4,yes,high
2760,Mastercard,Debit,yes,1,18241,04/2016,2016,no,10,2022,4,no,premium
2864,Visa,Debit (Prepaid),no,2,100,05/2004,2010,no,16,2007,19,yes,low
5485,Mastercard,Credit,yes,2,12700,11/2007,2010,no,16,2007,19,yes,premium
2581,Visa,Credit,yes,3,4600,04/2008,2010,no,16,2022,4,yes,medium
474,Mastercard,Debit,yes,1,21106,01/2020,2020,no,6,2023,3,no,premium
1500,Mastercard,Debit,yes,1,16417,02/2020,2020,no,6,2020,6,no,premium
1353,Mastercard,Credit,yes,1,6500,02/2015,2015,no,11,2020,6,no,high
475,Mastercard,Credit,yes,2,5600,01/2020,2020,no,6,2020,6,yes,high
2297,Mastercard,Credit,yes,1,5700,03/2012,2012,no,14,2015,11,no,high
6051,Visa,Credit,yes,1,11800,12/2011,2011,no,15,2022,4,no,premium
1122,Visa,Credit,yes,2,20700,02/2007,2007,no,19,2022,4,yes,premium
1365,Mastercard,Debit,yes,2,17587,02/2016,2016,no,10,2021,5,yes,premium
5168,Visa,Debit,yes,2,24651,10/2009,2015,no,11,2021,5,yes,premium
5798,Visa,Debit,yes,2,27727,12/2003,2009,no,17,2020,6,yes,premium
5518,Mastercard,Debit,yes,1,21727,11/2008,2008,no,18,2023,3,no,premium
6021,Visa,Credit,yes,1,13900,12/2010,2010,no,16,2023,3,no,premium
4075,Mastercard,Credit,yes,2,10300,07/2019,2019,no,7,2022,4,yes,premium
769,Visa,Debit (Prepaid),yes,1,16,01/2020,2020,no,6,2024,2,no,low
770,Visa,Debit,yes,1,9146,01/2020,2020,no,6,2024,2,no,high
1501,Mastercard,Credit,yes,2,5000,02/2020,2020,no,6,2020,6,yes,medium
2761,Mastercard,Debit,yes,1,17895,04/2016,2016,no,10,2016,10,no,premium
4375,Visa,Debit (Prepaid),yes,1,59,08/2011,2011,no,15,2022,4,no,low
1040,Visa,Credit,yes,1,11800,02/2004,2013,no,13,2022,4,no,premium
2298,Mastercard,Debit (Prepaid),yes,2,74,03/2012,2012,no,14,2016,10,yes,low
4099,Mastercard,Debit,yes,1,13168,08/2001,2007,no,19,2020,6,no,premium
2479,Mastercard,Debit,yes,1,12431,04/2005,2007,no,19,2006,20,no,premium
1502,Mastercard,Debit,yes,2,21478,02/2020,2020,no,6,2020,6,yes,premium
4598,Mastercard,Debit,yes,2,4583,09/2006,2015,no,11,2022,4,yes,medium
1793,Visa,Debit (Prepaid),yes,1,11,02/2020,2020,no,6,2020,6,no,low
5097,Visa,Credit,yes,1,5800,10/2007,2013,no,13,2020,6,no,high
2896,Mastercard,Debit,yes,2,2704,05/2006,2013,no,13,2013,13,yes,medium
3733,Mastercard,Debit,no,1,7581,07/2005,2014,no,12,2021,5,no,high
1794,Visa,Credit,no,1,10200,02/2020,2020,no,6,2020,6,no,premium
476,Mastercard,Debit,yes,1,9984,01/2020,2020,no,6,2022,4,no,high
1795,Visa,Debit,yes,2,2174,02/2020,2020,no,6,2022,4,yes,medium
771,Visa,Credit,yes,2,200,01/2020,2020,no,6,2023,3,yes,low
1503,Mastercard,Credit,yes,2,7900,02/2020,2020,no,6,2021,5,yes,high
2683,Visa,Debit,no,1,20827,04/2011,2011,no,15,2020,6,no,premium
1504,Mastercard,Debit (Prepaid),no,1,74,02/2020,2020,no,6,2020,6,no,low
1796,Visa,Debit,yes,1,52585,02/2020,2020,no,6,2020,6,no,premium
5942,Visa,Credit,no,1,16700,12/2008,2009,no,17,2023,3,no,premium
4139,Visa,Debit,yes,2,32030,08/2004,2009,no,17,2023,3,yes,premium
4923,Mastercard,Debit (Prepaid),yes,2,64,09/2019,2019,no,7,2020,6,yes,low
95,Mastercard,Debit (Prepaid),yes,1,78,01/2006,2011,no,15,2014,12,no,low
2582,Visa,Credit,yes,1,18500,04/2008,2012,no,14,2022,4,no,premium
5049,Mastercard,Debit,yes,2,26357,10/2006,2013,no,13,2019,7,yes,premium
5190,Mastercard,Debit,yes,1,28864,10/2010,2013,no,13,2020,6,no,premium
976,Mastercard,Debit,no,2,19651,02/2000,2013,no,13,2020,6,yes,premium
3689,Mastercard,Debit,no,2,52179,07/2003,2010,no,16,2021,5,yes,premium
4425,Mastercard,Debit,yes,2,47709,08/2014,2014,no,12,2022,4,yes,premium
4687,Visa,Debit,yes,2,54128,09/2008,2011,no,15,2016,10,yes,premium
4473,Visa,Debit,yes,2,39389,08/2018,2018,no,8,2024,2,yes,premium
3864,Visa,Credit,yes,1,29800,07/2008,2011,no,15,2020,6,no,premium
424,Discover,Credit,yes,1,19100,01/2020,2020,no,6,2020,6,no,premium
3013,Visa,Debit,no,2,2819,05/2009,2009,no,17,2009,17,yes,medium
772,Visa,Credit,yes,1,12100,01/2020,2020,no,6,2020,6,no,premium
2634,Mastercard,Credit,yes,1,18000,04/2010,2010,no,16,2021,5,no,premium
1109,Mastercard,Credit,yes,2,8700,02/2007,2007,no,19,2019,7,yes,high
2940,Visa,Debit (Prepaid),yes,2,30,05/2007,2008,no,18,2020,6,yes,low
2030,Mastercard,Debit,yes,2,22248,03/2002,2015,no,11,2013,13,yes,premium
2031,Mastercard,Debit (Prepaid),yes,1,69,03/2002,2012,no,14,2007,19,no,low
3729,Discover,Credit,yes,1,9600,07/2005,2012,no,14,2024,2,no,high
4152,Mastercard,Debit,yes,2,4319,08/2005,2011,no,15,2022,4,yes,medium
773,Visa,Debit,yes,1,24079,01/2020,2020,no,6,2020,6,no,premium
477,Mastercard,Debit,yes,2,10058,01/2020,2020,no,6,2020,6,yes,premium
2782,Visa,Debit,yes,2,974,04/2018,2018,no,8,2023,3,yes,low
3090,Mastercard,Debit,yes,2,1212,05/2011,2011,no,15,2020,6,yes,medium
2783,Visa,Credit,yes,1,2700,04/2018,2018,no,8,2021,5,no,medium
3045,Mastercard,Debit,yes,1,16113,05/2010,2010,no,16,2022,4,no,premium
4477,Amex,Credit,yes,2,13700,08/2019,2019,no,7,2019,7,yes,premium
1061,Visa,Debit,no,2,19097,02/2005,2010,no,16,2024,2,yes,premium
1505,Mastercard,Debit,yes,1,12874,02/2020,2020,no,6,2020,6,no,premium
3302,Visa,Credit,yes,2,8900,06/2005,2011,no,15,2015,11,yes,high
4490,Mastercard,Debit (Prepaid),yes,2,46,09/1996,2007,no,19,2024,2,yes,low
3704,Visa,Debit,yes,2,13116,07/2003,2012,no,14,2015,11,yes,premium
1239,Visa,Debit,yes,2,21022,02/2010,2011,no,15,2021,5,yes,premium
774,Visa,Credit,no,1,13200,01/2020,2020,no,6,2021,5,no,premium
1506,Mastercard,Debit,yes,1,12569,02/2020,2020,no,6,2020,6,no,premium
2911,Visa,Credit,yes,2,10100,05/2006,2010,no,16,2010,16,yes,premium
1081,Mastercard,Debit,yes,2,15714,02/2006,2006,no,20,2012,14,yes,premium
2359,Visa,Credit,yes,1,15000,03/2016,2016,no,10,2017,9,no,premium
1140,Mastercard,Debit,no,2,14664,02/2008,2010,no,16,2022,4,yes,premium
3162,Mastercard,Debit,yes,1,12605,05/2015,2015,no,11,2015,11,no,premium
5455,Mastercard,Credit,yes,2,500,11/2006,2011,no,15,2023,3,yes,low
2767,Mastercard,Debit,yes,1,15492,04/2017,2017,no,9,2021,5,no,premium
2528,Mastercard,Credit,yes,2,12800,04/2007,2010,no,16,2020,6,yes,premium
1507,Mastercard,Credit,yes,2,3300,02/2020,2020,no,6,2023,3,yes,medium
5769,Discover,Credit,yes,1,15500,12/2001,2008,no,18,2020,6,no,premium
2501,Amex,Credit,yes,2,4100,04/2006,2010,no,16,2022,4,yes,medium
2635,Mastercard,Debit,yes,2,18764,04/2010,2014,no,12,2020,6,yes,premium
775,Visa,Debit,yes,2,33302,01/2020,2020,no,6,2022,4,yes,premium
3799,Amex,Credit,yes,1,12600,07/2007,2011,no,15,2024,2,no,premium
1191,Visa,Debit,yes,1,28320,02/2009,2009,no,17,2023,3,no,premium
2176,Mastercard,Debit,yes,2,2883,03/2008,2015,no,11,2023,3,yes,medium
2440,Mastercard,Debit,yes,2,28886,04/2003,2011,no,15,2023,3,yes,premium
192,Discover,Credit,yes,1,14400,01/2009,2009,no,17,2022,4,no,premium
3379,Mastercard,Debit (Prepaid),no,2,86,06/2008,2010,no,16,2023,3,yes,low
5927,Mastercard,Credit,no,1,11800,12/2008,2008,no,18,2024,2,no,premium
4115,Mastercard,Credit,yes,2,18900,08/2003,2007,no,19,2021,5,yes,premium
2778,Mastercard,Debit,yes,1,37318,04/2018,2018,no,8,2020,6,no,premium
5256,Discover,Credit,yes,1,2400,10/2012,2012,no,14,2020,6,no,medium
4862,Visa,Credit,no,2,3500,09/2013,2013,no,13,2019,7,yes,medium
2109,Mastercard,Credit,yes,1,10400,03/2006,2015,no,11,2022,4,no,premium
2941,Visa,Debit,yes,1,10629,05/2007,2008,no,18,2020,6,no,premium
4270,Visa,Debit (Prepaid),yes,2,64,08/2008,2012,no,14,2023,3,yes,low
4165,Visa,Debit,yes,1,13361,08/2005,2010,no,16,2024,2,no,premium
6084,Mastercard,Debit,yes,1,24739,12/2013,2013,no,13,2021,5,no,premium
5979,Visa,Debit,yes,2,12978,12/2009,2009,no,17,2022,4,yes,premium
3982,Visa,Credit,yes,1,9500,07/2011,2016,no,10,2021,5,no,high
346,Mastercard,Debit,yes,1,15331,01/2015,2015,no,11,2021,5,no,premium
2420,Visa,Debit,yes,1,16725,04/2001,2008,no,18,2010,16,no,premium
4013,Visa,Debit,yes,1,22861,07/2013,2013,no,13,2014,12,no,premium
4662,Mastercard,Debit,yes,1,24186,09/2008,2008,no,18,2024,2,no,premium
155,Mastercard,Debit (Prepaid),yes,2,21,01/2008,2013,no,13,2024,2,yes,low
3719,Visa,Debit,yes,2,32075,07/2004,2010,no,16,2023,3,yes,premium
4663,Mastercard,Debit,yes,2,3934,09/2008,2015,no,11,2020,6,yes,medium
5232,Mastercard,Debit,yes,1,5204,10/2011,2013,no,13,2022,4,no,high
2583,Visa,Debit,yes,2,11239,04/2008,2010,no,16,2023,3,yes,premium
1508,Mastercard,Credit,yes,1,11200,02/2020,2020,no,6,2020,6,no,premium
1797,Visa,Debit,yes,2,10430,02/2020,2020,no,6,2022,4,yes,premium
1798,Visa,Credit,yes,1,9400,02/2020,2020,no,6,2021,5,no,high
478,Mastercard,Debit,no,2,18296,01/2020,2020,no,6,2022,4,yes,premium
1440,Discover,Credit,yes,2,4300,02/2020,2020,no,6,2024,2,yes,medium
5744,Visa,Credit,yes,2,7500,11/2019,2019,no,7,2022,4,yes,high
776,Visa,Debit,yes,1,22811,01/2020,2020,no,6,2021,5,no,premium
777,Visa,Debit,yes,1,9865,01/2020,2020,no,6,2022,4,no,high
44,Visa,Debit,yes,2,27584,01/2003,2008,no,18,2024,2,yes,premium
4299,Visa,Debit (Prepaid),yes,1,50,08/2009,2009,no,17,2024,2,no,low
3926,Mastercard,Debit,yes,2,23152,07/2010,2010,no,16,2011,15,yes,premium
3802,Mastercard,Debit,yes,2,11108,07/2007,2015,no,11,2022,4,yes,premium
1509,Mastercard,Debit,yes,1,37192,02/2020,2020,no,6,2023,3,no,premium
4832,Mastercard,Debit (Prepaid),yes,2,59,09/2012,2012,no,14,2017,9,yes,low
5021,Mastercard,Debit,yes,2,24413,10/2005,2015,no,11,2009,17,yes,premium
3709,Mastercard,Debit,yes,1,27491,07/2004,2014,no,12,2020,6,no,premium
2865,Visa,Credit,yes,2,12100,05/2004,2010,no,16,2023,3,yes,premium
3623,Visa,Debit,yes,2,19256,06/2017,2017,no,9,2024,2,yes,premium
479,Mastercard,Debit,yes,1,12053,01/2020,2020,no,6,2024,2,no,premium
318,Visa,Credit,yes,2,8700,01/2013,2013,no,13,2020,6,yes,high
3993,Mastercard,Debit,yes,1,19267,07/2012,2012,no,14,2023,3,no,premium
2980,Visa,Debit,yes,1,14074,05/2008,2009,no,17,2013,13,no,premium
1799,Visa,Credit,yes,2,0,02/2020,2020,no,6,2020,6,yes,low
1800,Visa,Credit,no,1,12300,02/2020,2020,no,6,2021,5,no,premium
480,Mastercard,Debit,no,2,2055,01/2020,2020,no,6,2020,6,yes,medium
4389,Mastercard,Debit,yes,1,33070,08/2012,2012,no,14,2021,5,no,premium
6101,Mastercard,Debit,yes,2,16094,12/2014,2014,no,12,2024,2,yes,premium
5560,Mastercard,Debit,yes,2,19651,11/2009,2009,no,17,2020,6,yes,premium
1510,Mastercard,Debit,yes,1,23875,02/2020,2020,no,6,2023,3,no,premium
2177,Mastercard,Credit,yes,1,10600,03/2008,2016,no,10,2023,3,no,premium
4153,Mastercard,Debit,yes,2,26774,08/2005,2015,no,11,2010,16,yes,premium
5075,Mastercard,Debit,no,2,7842,10/2007,2014,no,12,2022,4,yes,high
4080,Visa,Debit (Prepaid),yes,1,55,07/2019,2019,no,7,2024,2,no,low
2926,Mastercard,Credit,yes,1,12600,05/2007,2012,no,14,2014,12,no,premium
2636,Mastercard,Debit,yes,2,16647,04/2010,2012,no,14,2012,14,yes,premium
5682,Amex,Credit,yes,1,8600,11/2013,2013,no,13,2022,4,no,high
268,Mastercard,Credit,yes,3,15900,01/2011,2011,no,15,2012,14,yes,premium
2167,Amex,Credit,yes,1,5800,03/2008,2008,no,18,2009,17,no,high
481,Mastercard,Debit,yes,2,31845,01/2020,2020,no,6,2024,2,yes,premium
296,Mastercard,Credit,yes,2,25300,01/2012,2012,no,14,2018,8,yes,premium
2299,Mastercard,Debit,yes,1,35299,03/2012,2012,no,14,2022,4,no,premium
482,Mastercard,Debit,yes,2,7488,01/2020,2020,no,6,2020,6,yes,high
483,Mastercard,Credit,yes,2,10200,01/2020,2020,no,6,2021,5,yes,premium
1801,Visa,Credit,no,2,15300,02/2020,2020,no,6,2022,4,yes,premium
3657,Visa,Debit,yes,1,23798,07/2000,2007,no,19,2022,4,no,premium
1168,Mastercard,Debit,yes,1,20859,02/2009,2009,no,17,2023,3,no,premium
2924,Discover,Credit,yes,1,9200,05/2007,2014,no,12,2007,19,no,high
4518,Mastercard,Debit,yes,1,35681,09/2002,2014,no,12,2024,2,no,premium
4902,Amex,Credit,yes,1,9000,09/2017,2017,no,9,2023,3,no,high
3168,Visa,Debit,yes,1,15206,05/2015,2015,no,11,2021,5,no,premium
4907,Mastercard,Credit,yes,2,19800,09/2017,2017,no,9,2020,6,yes,premium
1511,Mastercard,Credit,no,2,5400,02/2020,2020,no,6,2024,2,yes,high
1512,Mastercard,Debit,yes,1,15834,02/2020,2020,no,6,2022,4,no,premium
484,Mastercard,Debit,yes,1,15688,01/2020,2020,no,6,2020,6,no,premium
1513,Mastercard,Credit,yes,1,12200,02/2020,2020,no,6,2024,2,no,premium
5519,Mastercard,Credit,yes,1,12500,11/2008,2010,no,16,2020,6,no,premium
4549,Mastercard,Debit,yes,1,5796,09/2004,2011,no,15,2022,4,no,high
4538,Visa,Debit (Prepaid),yes,2,109,09/2003,2009,no,17,2022,4,yes,low
1802,Visa,Debit,yes,2,15747,02/2020,2020,no,6,2020,6,yes,premium
485,Mastercard,Credit,yes,1,11900,01/2020,2020,no,6,2021,5,no,premium
1397,Amex,Credit,yes,2,12700,02/2020,2020,no,6,2023,3,yes,premium
3983,Visa,Credit,yes,2,20300,07/2011,2011,no,15,2021,5,yes,premium
1514,Mastercard,Debit (Prepaid),yes,1,75,02/2020,2020,no,6,2021,5,no,low
1515,Mastercard,Debit,no,1,15163,02/2020,2020,no,6,2022,4,no,premium
3124,Visa,Debit,yes,1,30952,05/2012,2012,no,14,2022,4,no,premium
5928,Mastercard,Debit,yes,2,13177,12/2008,2014,no,12,2022,4,yes,premium
5980,Visa,Credit,yes,1,2500,12/2009,2009,no,17,2019,7,no,medium
379,Mastercard,Debit,no,2,20819,01/2019,2019,no,7,2020,6,yes,premium
3014,Visa,Debit,yes,1,10599,05/2009,2010,no,16,2023,3,no,premium
1156,Visa,Debit,yes,2,38171,02/2008,2011,no,15,2023,3,yes,premium
3927,Mastercard,Debit,yes,1,61324,07/2010,2011,no,15,2020,6,no,premium
4985,Mastercard,Debit,yes,1,31362,10/2003,2010,no,16,2016,10,no,premium
1803,Visa,Debit,yes,2,15569,02/2020,2020,no,6,2021,5,yes,premium
2326,Mastercard,Debit,yes,1,16398,03/2014,2014,no,12,2016,10,no,premium
21,Visa,Credit,yes,1,6600,01/2001,2010,no,16,2012,14,no,high
995,Mastercard,Credit,yes,2,6600,02/2002,2007,no,19,2022,4,yes,high
2637,Mastercard,Debit (Prepaid),yes,1,59,04/2010,2010,no,16,2021,5,no,low
2958,Mastercard,Debit (Prepaid),yes,1,42,05/2008,2014,no,12,2022,4,no,low
2616,Visa,Debit (Prepaid),yes,2,119,04/2009,2009,no,17,2022,4,yes,low
3720,Visa,Debit,yes,2,24250,07/2004,2010,no,16,2006,20,yes,premium
1024,Visa,Credit,yes,1,12400,02/2003,2013,no,13,2024,2,no,premium
4875,Visa,Credit,yes,2,6500,09/2014,2014,no,12,2022,4,yes,high
5997,Mastercard,Credit,yes,1,13900,12/2010,2010,no,16,2020,6,no,premium
4006,Mastercard,Debit (Prepaid),yes,2,100,07/2013,2013,no,13,2015,11,yes,low
1141,Mastercard,Credit,yes,1,8000,02/2008,2010,no,16,2022,4,no,high
2600,Mastercard,Debit (Prepaid),yes,2,49,04/2009,2009,no,17,2018,8,yes,low
2851,Discover,Credit,yes,2,2900,05/2004,2011,no,15,2020,6,yes,medium
3835,Discover,Credit,yes,1,10400,07/2008,2014,no,12,2016,10,no,premium
1015,Mastercard,Debit (Prepaid),yes,2,37,02/2003,2016,no,10,2023,3,yes,low
5929,Mastercard,Debit,no,2,13606,12/2008,2016,no,10,2023,3,yes,premium
5386,Mastercard,Debit,yes,2,13347,11/2003,2007,no,19,2024,2,yes,premium
1047,Mastercard,Debit (Prepaid),no,1,54,02/2005,2007,no,19,2023,3,no,low
5878,Mastercard,Debit,no,2,23402,12/2007,2011,no,15,2024,2,yes,premium
778,Visa,Debit,no,2,30393,01/2020,2020,no,6,2020,6,yes,premium
2213,Mastercard,Debit,yes,2,1298,03/2009,2012,no,14,2022,4,yes,medium
5855,Mastercard,Debit (Prepaid),yes,1,101,12/2006,2010,no,16,2024,2,no,low
5821,Visa,Debit (Prepaid),yes,1,70,12/2004,2007,no,19,2020,6,no,low
486,Mastercard,Debit,yes,3,15163,01/2020,2020,no,6,2022,4,yes,premium
2480,Mastercard,Debit (Prepaid),yes,1,107,04/2005,2011,no,15,2022,4,no,low
5169,Visa,Debit,yes,2,21107,10/2009,2009,no,17,2009,17,yes,premium
5248,Visa,Debit,yes,1,15807,10/2011,2011,no,15,2023,3,no,premium
380,Mastercard,Debit,yes,2,18689,01/2019,2019,no,7,2024,2,yes,premium
2441,Mastercard,Debit,yes,2,15839,04/2003,2010,no,16,2018,8,yes,premium
2658,Visa,Credit,yes,2,5900,04/2010,2010,no,16,2018,8,yes,high
4965,Mastercard,Debit,no,1,11726,10/2002,2011,no,15,2022,4,no,premium
5520,Mastercard,Debit,yes,1,13537,11/2008,2009,no,17,2022,4,no,premium
1804,Visa,Debit,yes,1,10609,02/2020,2020,no,6,2022,4,no,premium
3820,Visa,Credit,yes,2,2000,07/2007,2007,no,19,2021,5,yes,medium
3743,Visa,Debit,yes,2,4817,07/2005,2014,no,12,2023,3,yes,medium
5426,Mastercard,Credit,yes,2,1300,11/2005,2011,no,15,2024,2,yes,medium
1516,Mastercard,Debit,yes,1,1684,02/2020,2020,no,6,2023,3,no,medium
1805,Visa,Credit,yes,2,2000,02/2020,2020,no,6,2024,2,yes,medium
4154,Mastercard,Credit,yes,1,13200,08/2005,2009,no,17,2022,4,no,premium
1517,Mastercard,Debit,yes,2,11641,02/2020,2020,no,6,2021,5,yes,premium
1082,Mastercard,Credit,no,2,7100,02/2006,2011,no,15,2024,2,yes,high
5953,Amex,Credit,yes,1,8500,12/2009,2012,no,14,2009,17,no,high
5521,Mastercard,Credit,yes,1,6000,11/2008,2013,no,13,2021,5,no,high
3575,Mastercard,Credit,yes,2,2000,06/2014,2014,no,12,2020,6,yes,medium
4058,Visa,Debit,yes,2,15240,07/2017,2017,no,9,2020,6,yes,premium
2110,Mastercard,Debit,yes,2,7272,03/2006,2016,no,10,2024,2,yes,high
1806,Visa,Debit,yes,2,9542,02/2020,2020,no,6,2022,4,yes,high
3337,Amex,Credit,yes,1,4500,06/2007,2007,no,19,2024,2,no,medium
4710,Mastercard,Credit,yes,2,8000,09/2009,2011,no,15,2021,5,yes,high
4876,Visa,Debit (Prepaid),yes,1,84,09/2014,2014,no,12,2021,5,no,low
487,Mastercard,Debit,no,1,9957,01/2020,2020,no,6,2020,6,no,high
3046,Mastercard,Credit,yes,2,8300,05/2010,2015,no,11,2015,11,yes,high
5625,Visa,Debit,yes,1,11739,11/2010,2011,no,15,2010,16,no,premium
269,Mastercard,Debit (Prepaid),yes,1,79,01/2011,2011,no,15,2022,4,no,low
4819,Visa,Debit,yes,1,11093,09/2011,2011,no,15,2024,2,no,premium
5210,Visa,Debit,yes,2,20447,10/2010,2016,no,10,2022,4,yes,premium
3088,Discover,Credit,yes,2,8800,05/2011,2011,no,15,2022,4,yes,high
2768,Mastercard,Debit,yes,1,13946,04/2017,2017,no,9,2023,3,no,premium
6022,Visa,Debit,no,2,25529,12/2010,2010,no,16,2020,6,yes,premium
4474,Visa,Debit (Prepaid),yes,1,61,08/2018,2018,no,8,2022,4,no,low
4908,Mastercard,Debit,yes,2,17536,09/2017,2017,no,9,2022,4,yes,premium
334,Visa,Debit,yes,2,20770,01/2014,2014,no,12,2015,11,yes,premium
488,Mastercard,Debit (Prepaid),yes,2,22,01/2020,2020,no,6,2020,6,yes,low
1337,Mastercard,Debit,yes,1,10691,02/2014,2014,no,12,2023,3,no,premium
2601,Mastercard,Debit (Prepaid),yes,1,75,04/2009,2009,no,17,2010,16,no,low
156,Mastercard,Credit,yes,1,4900,01/2008,2011,no,15,2022,4,no,medium
5754,Mastercard,Debit,yes,2,14661,12/1997,2009,no,17,2020,6,yes,premium
1518,Mastercard,Credit,yes,1,6900,02/2020,2020,no,6,2020,6,no,high
779,Visa,Credit,yes,2,5400,01/2020,2020,no,6,2022,4,yes,high
1519,Mastercard,Debit,yes,2,2725,02/2020,2020,no,6,2024,2,yes,medium
1387,Discover,Credit,yes,2,19600,02/2019,2019,no,7,2020,6,yes,premium
3303,Visa,Debit,yes,2,2572,06/2005,2010,no,16,2023,3,yes,medium
4359,Mastercard,Credit,yes,2,5000,08/2011,2011,no,15,2022,4,yes,medium
2456,Discover,Credit,yes,1,10300,04/2004,2012,no,14,2013,13,no,premium
6097,Amex,Credit,yes,2,11400,12/2014,2014,no,12,2018,8,yes,premium
4664,Mastercard,Debit,yes,2,9230,09/2008,2013,no,13,2020,6,yes,high
2055,Mastercard,Debit,yes,1,11203,03/2004,2008,no,18,2024,2,no,premium
4599,Mastercard,Debit,yes,2,12369,09/2006,2010,no,16,2021,5,yes,premium
5943,Visa,Credit,yes,1,7900,12/2008,2017,no,9,2017,9,no,high
2855,Mastercard,Debit,yes,2,20362,05/2004,2012,no,14,2014,12,yes,premium
4491,Mastercard,Debit,yes,2,13529,09/1996,2007,no,19,2021,5,yes,premium
1204,Discover,Credit,yes,2,16800,02/2010,2015,no,11,2022,4,yes,premium
6083,Discover,Credit,yes,1,7100,12/2013,2013,no,13,2022,4,no,high
2584,Visa,Credit,yes,1,9600,04/2008,2008,no,18,2020,6,no,high
2056,Mastercard,Debit (Prepaid),yes,1,113,03/2004,2008,no,18,2021,5,no,low
489,Mastercard,Debit,yes,1,16818,01/2020,2020,no,6,2020,6,no,premium
2043,Mastercard,Debit,yes,1,12358,03/2003,2003,no,23,2021,5,no,premium
5919,Amex,Credit,yes,2,8100,12/2008,2012,no,14,2011,15,yes,high
2847,Visa,Credit,yes,2,9800,05/2003,2008,no,18,2020,6,yes,high
3967,Mastercard,Debit,yes,2,17332,07/2011,2012,no,14,2024,2,yes,premium
1520,Mastercard,Credit,yes,2,6000,02/2020,2020,no,6,2021,5,yes,high
4290,Mastercard,Debit,yes,2,18776,08/2009,2012,no,14,2021,5,yes,premium
5249,Visa,Credit,yes,1,9300,10/2011,2011,no,15,2022,4,no,high
4454,Discover,Credit,yes,2,8000,08/2016,2016,no,10,2021,5,yes,high
4020,Mastercard,Debit,no,1,11194,07/2014,2014,no,12,2021,5,no,premium
5261,Visa,Debit,yes,2,12754,10/2012,2012,no,14,2023,3,yes,premium
5250,Visa,Credit,yes,1,9700,10/2011,2013,no,13,2024,2,no,high
3116,Mastercard,Debit,yes,1,17936,05/2012,2012,no,14,2020,6,no,premium
2627,Amex,Credit,yes,1,8500,04/2010,2011,no,15,2021,5,no,high
302,Visa,Debit,yes,1,24826,01/2012,2012,no,14,2023,3,no,premium
4121,Visa,Debit,yes,1,27091,08/2003,2018,no,8,2020,6,no,premium
3515,Mastercard,Debit (Prepaid),yes,1,67,06/2011,2011,no,15,2021,5,no,low
122,Amex,Credit,no,1,14600,01/2007,2007,no,19,2020,6,no,premium
3545,Mastercard,Credit,yes,2,13500,06/2012,2012,no,14,2021,5,yes,premium
2310,Mastercard,Debit,yes,1,27132,03/2013,2013,no,13,2023,3,no,premium
5602,Mastercard,Debit,yes,2,10400,11/2010,2013,no,13,2024,2,yes,premium
2083,Mastercard,Debit,yes,1,43169,03/2005,2012,no,14,2020,6,no,premium
37,Mastercard,Debit,yes,2,5269,01/2003,2016,no,10,2023,3,yes,high
2416,Mastercard,Debit,yes,2,48370,04/2001,2011,no,15,2024,2,yes,premium
3633,Visa,Credit,yes,2,17100,06/2018,2018,no,8,2019,7,yes,premium
4992,Visa,Debit (Prepaid),yes,1,65,10/2003,2009,no,17,2024,2,no,low
3091,Mastercard,Debit,yes,2,2656,05/2011,2015,no,11,2020,6,yes,medium
2529,Mastercard,Credit,yes,2,7800,04/2007,2011,no,15,2024,2,yes,high
3707,Discover,Credit,yes,1,13400,07/2004,2005,no,21,2020,6,no,premium
1048,Mastercard,Debit,no,1,16726,02/2005,2020,no,6,2023,3,no,premium
2098,Visa,Debit,yes,1,30162,03/2005,2010,no,16,2024,2,no,premium
4767,Mastercard,Debit,yes,1,19970,09/2010,2010,no,16,2010,16,no,premium
5735,Mastercard,Debit,yes,1,31199,11/2018,2018,no,8,2024,2,no,premium
5456,Mastercard,Debit,yes,2,14983,11/2006,2010,no,16,2024,2,yes,premium
5287,Mastercard,Debit,yes,2,18491,10/2014,2014,no,12,2014,12,yes,premium
2201,Visa,Debit,yes,2,23094,03/2008,2011,no,15,2021,5,yes,premium
4584,Visa,Credit,yes,1,18300,09/2005,2005,no,21,2022,4,no,premium
1389,Mastercard,Debit,yes,1,31907,02/2019,2019,no,7,2024,2,no,premium
2202,Visa,Debit,yes,2,32761,03/2008,2008,no,18,2020,6,yes,premium
4665,Mastercard,Debit,yes,1,11105,09/2008,2009,no,17,2024,2,no,premium
490,Mastercard,Debit,yes,2,32267,01/2020,2020,no,6,2021,5,yes,premium
491,Mastercard,Debit,yes,1,30670,01/2020,2020,no,6,2021,5,no,premium
5910,Visa,Debit (Prepaid),yes,2,83,12/2007,2007,no,19,2017,9,yes,low
1157,Visa,Debit,yes,1,13821,02/2008,2009,no,17,2020,6,no,premium
2866,Visa,Credit,yes,1,14400,05/2004,2010,no,16,2021,5,no,premium
3761,Mastercard,Credit,yes,1,13300,07/2006,2007,no,19,2010,16,no,premium
209,Visa,Credit,no,1,9300,01/2009,2009,no,17,2014,12,no,high
3968,Mastercard,Debit,yes,1,8580,07/2011,2011,no,15,2022,4,no,high
5879,Mastercard,Credit,yes,2,6600,12/2007,2008,no,18,2023,3,yes,high
2585,Visa,Debit,yes,1,12783,04/2008,2010,no,16,2014,12,no,premium
1299,Mastercard,Debit,yes,2,14321,02/2012,2012,no,14,2021,5,yes,premium
4070,Visa,Debit,yes,2,14488,07/2018,2018,no,8,2020,6,yes,premium
780,Visa,Debit,no,1,16116,01/2020,2020,no,6,2020,6,no,premium
4972,Visa,Credit,yes,2,14800,10/2002,2012,no,14,2021,5,yes,premium
6023,Visa,Debit (Prepaid),yes,2,43,12/2010,2011,no,15,2021,5,yes,low
1375,Visa,Debit,yes,2,36546,02/2017,2017,no,9,2024,2,yes,premium
3272,Mastercard,Debit,yes,1,18462,06/2004,2007,no,19,2021,5,no,premium
2954,Amex,Credit,no,1,13300,05/2008,2013,no,13,2021,5,no,premium
2178,Mastercard,Debit (Prepaid),yes,2,36,03/2008,2018,no,8,2020,6,yes,low
6035,Amex,Credit,yes,2,11200,12/2011,2011,no,15,2023,3,yes,premium
1016,Mastercard,Debit,yes,2,30074,02/2003,2006,no,20,2020,6,yes,premium
1017,Mastercard,Debit,yes,1,7589,02/2003,2011,no,15,2016,10,no,high
1169,Mastercard,Debit,no,2,27112,02/2009,2015,no,11,2014,12,yes,premium
2179,Mastercard,Credit,yes,1,16700,03/2008,2008,no,18,2021,5,no,premium
1240,Visa,Debit,yes,2,24968,02/2010,2010,no,16,2013,13,yes,premium
4155,Mastercard,Debit,yes,2,16751,08/2005,2010,no,16,2012,14,yes,premium
5191,Mastercard,Debit,yes,2,12852,10/2010,2012,no,14,2021,5,yes,premium
2137,Discover,Credit,no,2,10200,03/2007,2010,no,16,2023,3,yes,premium
2084,Mastercard,Debit,yes,1,21922,03/2005,2011,no,15,2006,20,no,premium
781,Visa,Credit,yes,2,5600,01/2020,2020,no,6,2022,4,yes,high
3762,Mastercard,Debit,yes,2,9609,07/2006,2008,no,18,2006,20,yes,high
492,Mastercard,Debit (Prepaid),yes,1,62,01/2020,2020,no,6,2020,6,no,low
5647,Mastercard,Debit,yes,2,12194,11/2011,2011,no,15,2018,8,yes,premium
493,Mastercard,Debit,yes,2,12636,01/2020,2020,no,6,2020,6,yes,premium
782,Visa,Credit,yes,1,0,01/2020,2020,no,6,2020,6,no,low
1170,Mastercard,Debit,yes,2,8024,02/2009,2012,no,14,2020,6,yes,high
2203,Visa,Debit,yes,2,8902,03/2008,2008,no,18,2020,6,yes,high
2449,Visa,Debit,no,2,8081,04/2003,2011,no,15,2020,6,yes,high
494,Mastercard,Debit,yes,1,9773,01/2020,2020,no,6,2023,3,no,high
1521,Mastercard,Debit,yes,1,13130,02/2020,2020,no,6,2023,3,no,premium
495,Mastercard,Debit,yes,2,9953,01/2020,2020,no,6,2023,3,yes,high
3923,Amex,Credit,yes,1,9000,07/2010,2015,no,11,2021,5,no,high
2838,Mastercard,Debit,yes,2,11415,05/2003,2013,no,13,2024,2,yes,premium
5262,Visa,Credit,yes,2,1900,10/2012,2012,no,14,2022,4,yes,medium
1110,Mastercard,Debit (Prepaid),yes,1,54,02/2007,2008,no,18,2017,9,no,low
1522,Mastercard,Debit,yes,1,405,02/2020,2020,no,6,2021,5,no,low
1210,Mastercard,Debit,no,1,23907,02/2010,2010,no,16,2011,15,no,premium
5030,Visa,Credit,yes,2,15500,10/2005,2010,no,16,2022,4,yes,premium
4086,Visa,Debit,yes,2,3415,08/1996,2012,no,14,2020,6,yes,medium
1123,Visa,Credit,yes,2,8500,02/2007,2007,no,19,2023,3,yes,high
2155,Visa,Debit,yes,2,11473,03/2007,2008,no,18,2020,6,yes,premium
5759,Mastercard,Debit,yes,3,23932,12/1999,2011,no,15,2022,4,yes,premium
4322,Mastercard,Debit,yes,1,9614,08/2010,2010,no,16,2013,13,no,high
5959,Mastercard,Debit,yes,1,58709,12/2009,2009,no,17,2020,6,no,premium
2214,Mastercard,Debit (Prepaid),yes,1,98,03/2009,2009,no,17,2016,10,no,low
3125,Visa,Debit,yes,1,24401,05/2012,2012,no,14,2022,4,no,premium
4174,Mastercard,Debit,yes,1,3628,08/2006,2013,no,13,2016,10,no,medium
1807,Visa,Debit,yes,1,47359,02/2020,2020,no,6,2020,6,no,premium
244,Visa,Debit,yes,2,41205,01/2010,2010,no,16,2010,16,yes,premium
194,Mastercard,Credit,yes,2,17400,01/2009,2010,no,16,2016,10,yes,premium
4469,Mastercard,Debit,yes,1,17688,08/2018,2018,no,8,2022,4,no,premium
5076,Mastercard,Credit,yes,1,15000,10/2007,2013,no,13,2021,5,no,premium
996,Mastercard,Debit,yes,2,27075,02/2002,2015,no,11,2023,3,yes,premium
5954,Discover,Credit,yes,1,13700,12/2009,2010,no,16,2022,4,no,premium
2009,Mastercard,Credit,yes,1,19000,03/1998,2016,no,10,2024,2,no,premium
193,Discover,Credit,no,2,14300,01/2009,2010,no,16,2014,12,yes,premium
3495,Visa,Credit,yes,1,7600,06/2010,2010,no,16,2024,2,no,high
2380,Mastercard,Debit,no,1,13788,03/2019,2019,no,7,2020,6,no,premium
496,Mastercard,Debit,yes,1,20801,01/2020,2020,no,6,2022,4,no,premium
2684,Visa,Debit,yes,2,19015,04/2011,2011,no,15,2024,2,yes,premium
245,Visa,Debit,yes,2,2181,01/2010,2011,no,15,2013,13,yes,medium
5504,Visa,Credit,yes,2,6400,11/2007,2007,no,19,2023,3,yes,high
6024,Visa,Debit (Prepaid),yes,2,78,12/2010,2011,no,15,2011,15,yes,low
497,Mastercard,Debit (Prepaid),no,2,63,01/2020,2020,no,6,2024,2,yes,low
1523,Mastercard,Debit,no,1,12907,02/2020,2020,no,6,2023,3,no,premium
498,Mastercard,Credit,yes,1,6500,01/2020,2020,no,6,2022,4,no,high
1441,Discover,Credit,yes,1,7100,02/2020,2020,no,6,2024,2,no,high
3380,Mastercard,Debit,yes,1,12353,06/2008,2008,no,18,2020,6,no,premium
4390,Mastercard,Debit (Prepaid),yes,2,65,08/2012,2012,no,14,2020,6,yes,low
3555,Visa,Debit (Prepaid),yes,1,72,06/2012,2012,no,14,2018,8,no,low
3173,Mastercard,Debit,yes,2,18526,05/2016,2016,no,10,2024,2,yes,premium
2867,Visa,Debit,yes,2,6513,05/2004,2013,no,13,2023,3,yes,high
5522,Mastercard,Debit,yes,1,5044,11/2008,2008,no,18,2020,6,no,high
3821,Visa,Debit,no,2,25079,07/2007,2008,no,18,2023,3,yes,premium
2788,Visa,Debit,yes,1,39578,04/2019,2019,no,7,2024,2,no,premium
210,Visa,Debit,yes,1,36641,01/2009,2009,no,17,2022,4,no,premium
783,Visa,Debit,yes,1,1083,01/2020,2020,no,6,2023,3,no,medium
1524,Mastercard,Debit,yes,1,9628,02/2020,2020,no,6,2021,5,no,high
392,Amex,Credit,yes,2,13500,01/2020,2020,no,6,2024,2,yes,premium
5211,Visa,Debit,yes,2,12512,10/2010,2012,no,14,2019,7,yes,premium
2586,Visa,Debit,yes,2,21442,04/2008,2015,no,11,2023,3,yes,premium
195,Mastercard,Debit (Prepaid),yes,2,69,01/2009,2013,no,13,2024,2,yes,low
784,Visa,Debit,no,2,22700,01/2020,2020,no,6,2022,4,yes,premium
1808,Visa,Debit (Prepaid),yes,2,60,02/2020,2020,no,6,2020,6,yes,low
4688,Visa,Debit (Prepaid),no,2,80,09/2008,2013,no,13,2021,5,yes,low
3155,Visa,Credit,yes,1,1300,05/2014,2014,no,12,2023,3,no,medium
4395,Visa,Debit,yes,1,40984,08/2012,2012,no,14,2019,7,no,premium
5233,Mastercard,Debit,yes,1,19536,10/2011,2014,no,12,2016,10,no,premium
2010,Mastercard,Debit,yes,1,9044,03/1999,2013,no,13,2009,17,no,high
3634,Visa,Credit,no,2,12500,06/2018,2018,no,8,2024,2,yes,premium
5880,Mastercard,Debit,yes,2,2338,12/2007,2016,no,10,2021,5,yes,medium
6131,Amex,Credit,yes,1,3900,12/2017,2017,no,9,2024,2,no,medium
59,Visa,Debit,yes,2,12528,01/2004,2012,no,14,2019,7,yes,premium
2403,Mastercard,Debit,yes,2,19756,04/1999,2013,no,13,2020,6,yes,premium
5355,Mastercard,Debit,yes,1,2042,11/1998,2008,no,18,1999,27,no,medium
3286,Discover,Credit,yes,1,8300,06/2005,2013,no,13,2020,6,no,high
4156,Mastercard,Debit,yes,2,8571,08/2005,2015,no,11,2022,4,yes,high
499,Mastercard,Debit,yes,1,19369,01/2020,2020,no,6,2020,6,no,premium
785,Visa,Debit (Prepaid),yes,1,70,01/2020,2020,no,6,2024,2,no,low
1525,Mastercard,Debit,yes,1,15127,02/2020,2020,no,6,2020,6,no,premium
425,Discover,Credit,yes,1,9400,01/2020,2020,no,6,2022,4,no,high
1809,Visa,Credit,yes,2,5400,02/2020,2020,no,6,2022,4,yes,high
3312,Mastercard,Debit,yes,1,17167,06/2006,2007,no,19,2006,20,no,premium
4807,Mastercard,Debit,yes,1,25048,09/2011,2011,no,15,2020,6,no,premium
5786,Amex,Credit,yes,1,25600,12/2003,2009,no,17,2022,4,no,premium
3343,Mastercard,Debit,yes,2,17257,06/2007,2007,no,19,2020,6,yes,premium
2481,Mastercard,Debit,no,2,31829,04/2005,2020,no,6,2022,4,yes,premium
5106,Mastercard,Debit,yes,2,3991,10/2008,2013,no,13,2014,12,yes,medium
5457,Mastercard,Debit,yes,2,3991,11/2006,2013,no,13,2024,2,yes,medium
5808,Mastercard,Debit,yes,2,34953,12/2004,2011,no,15,2024,2,yes,premium
1378,Mastercard,Debit,yes,1,21726,02/2018,2018,no,8,2021,5,no,premium
3197,Visa,Debit,yes,1,15063,05/2017,2017,no,9,2020,6,no,premium
500,Mastercard,Debit,yes,1,12596,01/2020,2020,no,6,2020,6,no,premium
2912,Visa,Debit,no,2,6335,05/2006,2020,no,6,2009,17,yes,high
4243,Mastercard,Debit (Prepaid),yes,1,43,08/2008,2013,no,13,2014,12,no,low
3613,Visa,Credit,yes,2,8100,06/2016,2016,no,10,2020,6,yes,high
1241,Visa,Credit,yes,2,8900,02/2010,2010,no,16,2023,3,yes,high
4148,Amex,Credit,yes,1,16000,08/2005,2008,no,18,2024,2,no,premium
4157,Mastercard,Debit,yes,2,19304,08/2005,2010,no,16,2011,15,yes,premium
3360,Visa,Debit,yes,2,36548,06/2007,2015,no,11,2020,6,yes,premium
1142,Mastercard,Debit,yes,1,10354,02/2008,2010,no,16,2023,3,no,premium
3188,Discover,Credit,yes,1,8000,05/2017,2017,no,9,2024,2,no,high
501,Mastercard,Debit,yes,2,1559,01/2020,2020,no,6,2020,6,yes,medium
1526,Mastercard,Debit,yes,1,15100,02/2020,2020,no,6,2020,6,no,premium
4948,Mastercard,Debit,yes,1,51302,10/2001,2010,no,16,2023,3,no,premium
3690,Mastercard,Debit (Prepaid),yes,1,80,07/2003,2010,no,16,2014,12,no,low
4337,Visa,Credit,yes,1,15800,08/2010,2012,no,14,2021,5,no,premium
6052,Visa,Credit,yes,1,16800,12/2011,2011,no,15,2020,6,no,premium
4166,Visa,Debit,no,1,2508,08/2005,2012,no,14,2021,5,no,medium
5689,Visa,Credit,no,2,2600,11/2013,2013,no,13,2022,4,yes,medium
2482,Mastercard,Debit,yes,1,4851,04/2005,2020,no,6,2022,4,no,medium
3047,Mastercard,Credit,yes,1,7300,05/2010,2011,no,15,2023,3,no,high
3884,Mastercard,Debit,yes,1,18540,07/2009,2009,no,17,2024,2,no,premium
3928,Mastercard,Debit,no,2,4072,07/2010,2010,no,16,2014,12,yes,medium
1527,Mastercard,Debit,yes,1,1744,02/2020,2020,no,6,2020,6,no,medium
3885,Mastercard,Debit (Prepaid),yes,2,33,07/2009,2013,no,13,2014,12,yes,low
2327,Mastercard,Debit,yes,1,17767,03/2014,2014,no,12,2020,6,no,premium
4847,Mastercard,Debit (Prepaid),yes,1,57,09/2013,2013,no,13,2022,4,no,low
4338,Visa,Debit,yes,1,23011,08/2010,2010,no,16,2022,4,no,premium
1171,Mastercard,Debit,yes,1,21160,02/2009,2009,no,17,2023,3,no,premium
502,Mastercard,Debit,no,2,21291,01/2020,2020,no,6,2021,5,yes,premium
2784,Visa,Credit,yes,1,19100,04/2018,2018,no,8,2020,6,no,premium
2790,Mastercard,Debit,yes,2,7834,05/1996,2012,no,14,2020,6,yes,high
2735,Visa,Debit,yes,2,38317,04/2014,2014,no,12,2020,6,yes,premium
16,Visa,Debit,yes,2,55693,01/2000,2006,no,20,2023,3,yes,premium
4793,Visa,Debit,yes,1,40710,09/2010,2010,no,16,2020,6,no,premium
2744,Mastercard,Debit,yes,2,61355,04/2015,2015,no,11,2024,2,yes,premium
503,Mastercard,Credit,yes,1,5300,01/2020,2020,no,6,2020,6,no,high
504,Mastercard,Credit,yes,1,15800,01/2020,2020,no,6,2022,4,no,premium
505,Mastercard,Debit,yes,1,26219,01/2020,2020,no,6,2020,6,no,premium
1442,Discover,Credit,yes,1,20400,02/2020,2020,no,6,2020,6,no,premium
1528,Mastercard,Debit,yes,1,28066,02/2020,2020,no,6,2020,6,no,premium
786,Visa,Credit,no,2,19500,01/2020,2020,no,6,2024,2,yes,premium
506,Mastercard,Credit,yes,1,15100,01/2020,2020,no,6,2020,6,no,premium
5790,Mastercard,Debit,yes,1,9059,12/2003,2008,no,18,2022,4,no,high
3576,Mastercard,Credit,yes,2,6300,06/2014,2014,no,12,2024,2,yes,high
4909,Mastercard,Debit,yes,1,12793,09/2017,2017,no,9,2017,9,no,premium
1529,Mastercard,Credit,yes,1,7800,02/2020,2020,no,6,2020,6,no,high
1280,Visa,Credit,yes,1,14000,02/2011,2011,no,15,2022,4,no,premium
1530,Mastercard,Debit (Prepaid),no,1,80,02/2020,2020,no,6,2023,3,no,low
507,Mastercard,Credit,yes,1,15400,01/2020,2020,no,6,2024,2,no,premium
2638,Mastercard,Debit,yes,2,28747,04/2010,2010,no,16,2021,5,yes,premium
3092,Mastercard,Debit (Prepaid),yes,2,110,05/2011,2011,no,15,2021,5,yes,low
5107,Mastercard,Debit (Prepaid),yes,2,112,10/2008,2012,no,14,2022,4,yes,low
3416,Discover,Credit,no,2,9700,06/2009,2011,no,15,2010,16,yes,high
5581,Visa,Credit,yes,1,8600,11/2009,2014,no,12,2013,13,no,high
987,Mastercard,Debit (Prepaid),yes,2,43,02/2001,2012,no,14,2004,22,yes,low
5998,Mastercard,Debit,yes,2,19629,12/2010,2011,no,15,2015,11,yes,premium
4531,Mastercard,Credit,yes,2,3400,09/2003,2008,no,18,2021,5,yes,medium
1531,Mastercard,Debit,yes,2,20769,02/2020,2020,no,6,2022,4,yes,premium
1398,Amex,Credit,yes,2,12100,02/2020,2020,no,6,2022,4,yes,premium
1532,Mastercard,Debit,yes,1,16371,02/2020,2020,no,6,2023,3,no,premium
1533,Mastercard,Credit,yes,1,12500,02/2020,2020,no,6,2020,6,no,premium
1534,Mastercard,Debit,yes,1,18976,02/2020,2020,no,6,2020,6,no,premium
508,Mastercard,Debit,yes,2,30119,01/2020,2020,no,6,2020,6,yes,premium
2354,Mastercard,Debit,yes,2,26147,03/2016,2016,no,10,2022,4,yes,premium
1810,Visa,Debit (Prepaid),yes,2,74,02/2020,2020,no,6,2020,6,yes,low
787,Visa,Credit,yes,1,7100,01/2020,2020,no,6,2024,2,no,high
1811,Visa,Debit,yes,2,13964,02/2020,2020,no,6,2021,5,yes,premium
1062,Visa,Credit,yes,2,12000,02/2005,2013,no,13,2020,6,yes,premium
5856,Mastercard,Debit,yes,2,14710,12/2006,2016,no,10,2021,5,yes,premium
2959,Mastercard,Credit,no,2,5600,05/2008,2011,no,15,2024,2,yes,high
123,Amex,Credit,yes,1,13600,01/2007,2009,no,17,2007,19,no,premium
2826,Mastercard,Debit,yes,2,14592,05/2002,2018,no,8,2023,3,yes,premium
4404,Mastercard,Debit,yes,1,16791,08/2013,2013,no,13,2024,2,no,premium
3839,Mastercard,Debit,yes,1,15909,07/2008,2008,no,18,2024,2,no,premium
1535,Mastercard,Debit,no,2,13466,02/2020,2020,no,6,2022,4,yes,premium
5108,Mastercard,Debit,yes,2,5066,10/2008,2016,no,10,2020,6,yes,high
4585,Visa,Debit,yes,2,13452,09/2005,2012,no,14,2024,2,yes,premium
788,Visa,Debit,yes,1,17652,01/2020,2020,no,6,2020,6,no,premium
3156,Visa,Debit,yes,1,22566,05/2014,2014,no,12,2018,8,no,premium
1536,Mastercard,Debit (Prepaid),yes,2,101,02/2020,2020,no,6,2023,3,yes,low
4200,Mastercard,Debit,yes,1,17860,08/2007,2010,no,16,2009,17,no,premium
1812,Visa,Debit,yes,1,13635,02/2020,2020,no,6,2024,2,no,premium
3725,Amex,Credit,yes,1,12800,07/2005,2014,no,12,2024,2,no,premium
966,Mastercard,Debit,yes,1,12076,02/1999,2012,no,14,2022,4,no,premium
1537,Mastercard,Credit,yes,1,13500,02/2020,2020,no,6,2024,2,no,premium
509,Mastercard,Debit (Prepaid),yes,1,38,01/2020,2020,no,6,2024,2,no,low
510,Mastercard,Debit (Prepaid),yes,2,100,01/2020,2020,no,6,2024,2,yes,low
4482,Visa,Debit,yes,1,24501,08/2019,2019,no,7,2023,3,no,premium
3304,Visa,Credit,yes,1,15100,06/2005,2011,no,15,2020,6,no,premium
5809,Mastercard,Debit,yes,2,14709,12/2004,2013,no,13,2023,3,yes,premium
5603,Mastercard,Debit,no,1,45782,11/2010,2015,no,11,2020,6,no,premium
511,Mastercard,Debit,yes,2,18292,01/2020,2020,no,6,2020,6,yes,premium
4938,Amex,Credit,yes,1,13400,10/1999,2012,no,14,2020,6,no,premium
3596,Visa,Credit,yes,2,11100,06/2015,2015,no,11,2021,5,yes,premium
1813,Visa,Debit,yes,1,33397,02/2020,2020,no,6,2023,3,no,premium
2032,Mastercard,Debit (Prepaid),yes,1,80,03/2002,2008,no,18,2017,9,no,low
2942,Visa,Credit,yes,2,5400,05/2007,2013,no,13,2023,3,yes,high
2628,Amex,Credit,yes,2,11000,04/2010,2010,no,16,2021,5,yes,premium
3330,Visa,Debit,yes,1,8374,06/2006,2010,no,16,2012,14,no,high
3418,Mastercard,Debit,yes,2,23691,06/2009,2015,no,11,2021,5,yes,premium
2259,Visa,Debit,yes,2,15817,03/2010,2013,no,13,2023,3,yes,premium
4711,Mastercard,Debit,yes,2,36912,09/2009,2015,no,11,2024,2,yes,premium
1814,Visa,Debit,yes,2,36976,02/2020,2020,no,6,2021,5,yes,premium
512,Mastercard,Debit,yes,1,52121,01/2020,2020,no,6,2022,4,no,premium
367,Mastercard,Debit,yes,1,12564,01/2018,2018,no,8,2024,2,no,premium
5130,Visa,Debit,yes,1,15981,10/2008,2008,no,18,2021,5,no,premium
5911,Visa,Debit,yes,2,12758,12/2007,2011,no,15,2007,19,yes,premium
513,Mastercard,Debit (Prepaid),yes,2,24,01/2020,2020,no,6,2020,6,yes,low
2111,Mastercard,Debit,yes,2,13209,03/2006,2012,no,14,2017,9,yes,premium
514,Mastercard,Debit,yes,1,11254,01/2020,2020,no,6,2024,2,no,premium
3577,Mastercard,Debit,yes,2,16703,06/2014,2014,no,12,2024,2,yes,premium
3040,Discover,Credit,yes,2,7300,05/2010,2010,no,16,2020,6,yes,high
1300,Mastercard,Credit,yes,2,8600,02/2012,2012,no,14,2022,4,yes,high
960,Visa,Debit,yes,1,17173,02/1997,2014,no,12,2013,13,no,premium
4415,Visa,Credit,yes,2,22000,08/2013,2013,no,13,2020,6,yes,premium
5402,Mastercard,Debit,yes,1,29739,11/2004,2008,no,18,2009,17,no,premium
3048,Mastercard,Debit,yes,2,12905,05/2010,2010,no,16,2020,6,yes,premium
4175,Mastercard,Debit,yes,2,447,08/2006,2015,no,11,2022,4,yes,low
5458,Mastercard,Debit,yes,1,22100,11/2006,2009,no,17,2014,12,no,premium
3947,Visa,Debit,yes,2,7616,07/2010,2010,no,16,2024,2,yes,high
515,Mastercard,Debit,yes,1,17665,01/2020,2020,no,6,2021,5,no,premium
5337,Mastercard,Debit,yes,1,12551,10/2019,2019,no,7,2024,2,no,premium
1399,Amex,Credit,yes,2,7400,02/2020,2020,no,6,2022,4,yes,high
1313,Mastercard,Debit,yes,2,14223,02/2013,2013,no,13,2024,2,yes,premium
2138,Discover,Credit,no,1,11200,03/2007,2007,no,19,2012,14,no,premium
2381,Mastercard,Credit,yes,1,14000,03/2019,2019,no,7,2020,6,no,premium
5981,Visa,Debit (Prepaid),yes,2,79,12/2009,2009,no,17,2022,4,yes,low
1815,Visa,Debit,yes,2,13547,02/2020,2020,no,6,2020,6,yes,premium
1538,Mastercard,Debit,yes,1,12626,02/2020,2020,no,6,2022,4,no,premium
3969,Mastercard,Debit,yes,2,17042,07/2011,2011,no,15,2024,2,yes,premium
3516,Mastercard,Debit,yes,2,11930,06/2011,2011,no,15,2024,2,yes,premium
5427,Mastercard,Debit,yes,2,10442,11/2005,2005,no,21,2013,13,yes,premium
5561,Mastercard,Debit,yes,2,23296,11/2009,2014,no,12,2023,3,yes,premium
5212,Visa,Debit,yes,1,19555,10/2010,2010,no,16,2015,11,no,premium
516,Mastercard,Debit,yes,1,22310,01/2020,2020,no,6,2020,6,no,premium
5722,Mastercard,Credit,no,1,14800,11/2016,2016,no,10,2021,5,no,premium
2434,Visa,Credit,yes,2,11300,04/2002,2011,no,15,2020,6,yes,premium
2442,Mastercard,Debit (Prepaid),yes,1,31,04/2003,2010,no,16,2022,4,no,low
4493,Mastercard,Debit,yes,1,24090,09/1998,2009,no,17,2024,2,no,premium
2112,Mastercard,Debit,yes,1,18138,03/2006,2008,no,18,2011,15,no,premium
3635,Visa,Debit (Prepaid),yes,3,74,06/2018,2018,no,8,2023,3,yes,low
224,Mastercard,Debit,yes,1,23016,01/2010,2010,no,16,2021,5,no,premium
5582,Visa,Debit,yes,2,35791,11/2009,2009,no,17,2020,6,yes,premium
1539,Mastercard,Debit,yes,1,15116,02/2020,2020,no,6,2022,4,no,premium
5843,Visa,Credit,yes,1,8000,12/2005,2011,no,15,2022,4,no,high
1386,Amex,Credit,yes,2,2200,02/2019,2019,no,7,2023,3,yes,medium
789,Visa,Credit,yes,1,6800,01/2020,2020,no,6,2024,2,no,high
2960,Mastercard,Debit,yes,1,427,05/2008,2010,no,16,2020,6,no,low
997,Mastercard,Debit,yes,1,22112,02/2002,2010,no,16,2002,24,no,premium
4863,Visa,Debit,yes,2,10211,09/2013,2013,no,13,2018,8,yes,premium
5077,Mastercard,Debit,yes,1,11940,10/2007,2011,no,15,2008,18,no,premium
2395,Visa,Credit,yes,1,7400,04/1994,2010,no,16,2021,5,no,high
3305,Visa,Debit (Prepaid),no,1,64,06/2005,2014,no,12,2021,5,no,low
2856,Mastercard,Debit,yes,2,7343,05/2004,2013,no,13,2022,4,yes,high
3258,Visa,Credit,yes,1,5500,06/2003,2010,no,16,2023,3,no,high
157,Mastercard,Debit,yes,2,3843,01/2008,2009,no,17,2014,12,yes,medium
517,Mastercard,Debit (Prepaid),yes,2,72,01/2020,2020,no,6,2020,6,yes,low
1540,Mastercard,Debit,yes,1,21227,02/2020,2020,no,6,2020,6,no,premium
1541,Mastercard,Debit,yes,1,21943,02/2020,2020,no,6,2022,4,no,premium
5003,Mastercard,Debit,yes,2,47833,10/2004,2010,no,16,2020,6,yes,premium
2712,Amex,Credit,no,2,13400,04/2013,2013,no,13,2018,8,yes,premium
2629,Amex,Credit,yes,1,21700,04/2010,2010,no,16,2010,16,no,premium
5270,Mastercard,Debit,yes,2,19122,10/2013,2013,no,13,2022,4,yes,premium
3644,Visa,Debit,yes,2,17245,06/2019,2019,no,7,2019,7,yes,premium
5999,Mastercard,Debit,no,2,17564,12/2010,2010,no,16,2022,4,yes,premium
4614,Visa,Credit,yes,1,14100,09/2006,2011,no,15,2020,6,no,premium
393,Amex,Credit,yes,1,11400,01/2020,2020,no,6,2021,5,no,premium
1542,Mastercard,Debit,yes,2,18281,02/2020,2020,no,6,2022,4,yes,premium
2724,Mastercard,Debit,yes,1,14471,04/2014,2014,no,12,2021,5,no,premium
5109,Mastercard,Debit,yes,1,11399,10/2008,2010,no,16,2024,2,no,premium
2961,Mastercard,Credit,yes,3,12400,05/2008,2008,no,18,2011,15,yes,premium
303,Visa,Debit,yes,2,27520,01/2012,2012,no,14,2021,5,yes,premium
5391,Visa,Debit,yes,1,38648,11/2003,2005,no,21,2022,4,no,premium
1083,Mastercard,Debit,yes,2,41051,02/2006,2006,no,20,2008,18,yes,premium
3413,Amex,Credit,yes,1,19300,06/2009,2018,no,8,2014,12,no,premium
4201,Mastercard,Debit,yes,2,9683,08/2007,2016,no,10,2023,3,yes,high
3344,Mastercard,Debit,no,2,15061,06/2007,2007,no,19,2020,6,yes,premium
5110,Mastercard,Debit,yes,2,16652,10/2008,2010,no,16,2022,4,yes,premium
4848,Mastercard,Debit,yes,1,10970,09/2013,2013,no,13,2020,6,no,premium
4926,Visa,Debit,yes,2,15458,09/2019,2019,no,7,2021,5,yes,premium
3145,Mastercard,Debit,yes,2,11475,05/2014,2014,no,12,2020,6,yes,premium
4021,Mastercard,Debit,yes,1,12031,07/2014,2014,no,12,2017,9,no,premium
5779,Mastercard,Debit (Prepaid),yes,1,49,12/2002,2009,no,17,2024,2,no,low
4666,Mastercard,Debit,yes,2,14408,09/2008,2008,no,18,2022,4,yes,premium
3049,Mastercard,Debit,yes,1,18035,05/2010,2010,no,16,2020,6,no,premium
4667,Mastercard,Debit,yes,2,16786,09/2008,2008,no,18,2022,4,yes,premium
2128,Visa,Debit,yes,1,12009,03/2006,2009,no,17,2020,6,no,premium
4423,Discover,Credit,yes,1,6800,08/2014,2014,no,12,2021,5,no,high
2504,Mastercard,Credit,yes,1,10300,04/2006,2009,no,17,2021,5,no,premium
5148,Mastercard,Debit,yes,2,16274,10/2009,2009,no,17,2021,5,yes,premium
518,Mastercard,Credit,yes,1,28000,01/2020,2020,no,6,2020,6,no,premium
790,Visa,Debit,yes,2,4201,01/2020,2020,no,6,2024,2,yes,medium
2525,Discover,Credit,yes,1,25300,04/2007,2012,no,14,2015,11,no,premium
1158,Visa,Debit,yes,1,40350,02/2008,2014,no,12,2022,4,no,premium
3400,Visa,Credit,yes,1,22500,06/2008,2010,no,16,2018,8,no,premium
6075,Visa,Debit,yes,1,26110,12/2012,2012,no,14,2023,3,no,premium
519,Mastercard,Debit (Prepaid),yes,1,46,01/2020,2020,no,6,2020,6,no,low
1543,Mastercard,Debit,yes,1,24886,02/2020,2020,no,6,2020,6,no,premium
1816,Visa,Debit,yes,2,12257,02/2020,2020,no,6,2022,4,yes,premium
520,Mastercard,Debit,no,2,27489,01/2020,2020,no,6,2020,6,yes,premium
5626,Visa,Credit,yes,1,9700,11/2010,2012,no,14,2022,4,no,high
3381,Mastercard,Debit,yes,1,11712,06/2008,2019,no,7,2024,2,no,premium
4018,Amex,Credit,yes,2,5900,07/2014,2014,no,12,2020,6,yes,high
3614,Visa,Debit,yes,1,10318,06/2016,2016,no,10,2021,5,no,premium
3763,Mastercard,Debit,yes,1,3836,07/2006,2009,no,17,2014,12,no,medium
3496,Visa,Credit,yes,2,13200,06/2010,2011,no,15,2023,3,yes,premium
5562,Mastercard,Debit (Prepaid),no,2,56,11/2009,2011,no,15,2021,5,yes,low
394,Amex,Credit,yes,2,13800,01/2020,2020,no,6,2020,6,yes,premium
521,Mastercard,Debit,yes,2,7767,01/2020,2020,no,6,2022,4,yes,high
3077,Visa,Debit,yes,1,14999,05/2010,2010,no,16,2022,4,no,premium
4007,Mastercard,Debit,yes,2,9281,07/2013,2013,no,13,2024,2,yes,high
5690,Visa,Debit,no,1,15512,11/2013,2013,no,13,2024,2,no,premium
1817,Visa,Debit (Prepaid),yes,2,67,02/2020,2020,no,6,2023,3,yes,low
5583,Visa,Debit,yes,1,10564,11/2009,2010,no,16,2022,4,no,premium
2371,Mastercard,Debit,yes,1,13206,03/2018,2018,no,8,2019,7,no,premium
5415,Visa,Debit,yes,1,11809,11/2004,2010,no,16,2024,2,no,premium
2103,Discover,Credit,yes,1,8800,03/2006,2008,no,18,2024,2,no,high
5324,Visa,Debit,no,1,29793,10/2017,2017,no,9,2018,8,no,premium
5523,Mastercard,Debit (Prepaid),yes,1,80,11/2008,2008,no,18,2022,4,no,low
2560,Mastercard,Debit,yes,2,24739,04/2008,2011,no,15,2024,2,yes,premium
4712,Mastercard,Debit,yes,2,32447,09/2009,2009,no,17,2020,6,yes,premium
124,Amex,Credit,no,2,20900,01/2007,2007,no,19,2020,6,yes,premium
5392,Visa,Debit,yes,1,23912,11/2003,2009,no,17,2024,2,no,premium
2400,Amex,Credit,yes,2,8200,04/1998,2010,no,16,2024,2,yes,high
3721,Visa,Debit,yes,2,119,07/2004,2012,no,14,2008,18,yes,low
5563,Mastercard,Debit,yes,1,19137,11/2009,2012,no,14,2017,9,no,premium
5524,Mastercard,Debit,yes,1,13609,11/2008,2010,no,16,2021,5,no,premium
2868,Visa,Credit,yes,2,8600,05/2004,2012,no,14,2021,5,yes,high
1400,Amex,Credit,yes,2,27000,02/2020,2020,no,6,2020,6,yes,premium
426,Discover,Credit,yes,2,17500,01/2020,2020,no,6,2021,5,yes,premium
791,Visa,Credit,yes,1,21000,01/2020,2020,no,6,2020,6,no,premium
2639,Mastercard,Debit,yes,2,9401,04/2010,2011,no,15,2023,3,yes,high
5584,Visa,Debit,yes,2,17146,11/2009,2009,no,17,2023,3,yes,premium
2998,Mastercard,Debit,yes,2,10863,05/2009,2011,no,15,2021,5,yes,premium
2640,Mastercard,Debit,yes,1,9742,04/2010,2010,no,16,2018,8,no,high
1544,Mastercard,Credit,yes,2,4600,02/2020,2020,no,6,2021,5,yes,medium
792,Visa,Debit,yes,1,29925,01/2020,2020,no,6,2022,4,no,premium
5377,Mastercard,Debit,yes,2,10305,11/2002,2010,no,16,2021,5,yes,premium
4668,Mastercard,Credit,yes,2,13300,09/2008,2008,no,18,2023,3,yes,premium
2897,Mastercard,Debit (Prepaid),yes,2,48,05/2006,2014,no,12,2012,14,yes,low
96,Mastercard,Credit,no,2,0,01/2006,2012,no,14,2020,6,yes,low
4525,Visa,Credit,no,1,10600,09/2002,2013,no,13,2022,4,no,premium
2962,Mastercard,Debit,yes,2,1778,05/2008,2011,no,15,2021,5,yes,medium
793,Visa,Debit,yes,1,47523,01/2020,2020,no,6,2021,5,no,premium
522,Mastercard,Debit (Prepaid),yes,1,82,01/2020,2020,no,6,2024,2,no,low
3112,Amex,Credit,yes,1,19400,05/2012,2012,no,14,2017,9,no,premium
311,Mastercard,Debit,yes,1,23403,01/2013,2013,no,13,2014,12,no,premium
69,Mastercard,Credit,yes,1,13900,01/2005,2012,no,14,2024,2,no,premium
4966,Mastercard,Debit (Prepaid),yes,1,95,10/2002,2011,no,15,2008,18,no,low
3607,Mastercard,Debit,yes,2,20417,06/2016,2016,no,10,2022,4,yes,premium
109,Visa,Credit,yes,1,6300,01/2006,2011,no,15,2022,4,no,high
6118,Mastercard,Debit,yes,1,16064,12/2016,2016,no,10,2020,6,no,premium
1545,Mastercard,Debit (Prepaid),yes,1,98,02/2020,2020,no,6,2020,6,no,low
2345,Visa,Debit,yes,2,16386,03/2015,2015,no,11,2015,11,yes,premium
1818,Visa,Credit,yes,1,10100,02/2020,2020,no,6,2023,3,no,premium
794,Visa,Debit,yes,2,3472,01/2020,2020,no,6,2020,6,yes,medium
395,Amex,Credit,yes,1,7700,01/2020,2020,no,6,2022,4,no,high
523,Mastercard,Debit,yes,3,11018,01/2020,2020,no,6,2023,3,yes,premium
3636,Visa,Credit,yes,2,8200,06/2018,2018,no,8,2024,2,yes,high
3840,Mastercard,Debit,yes,1,4976,07/2008,2008,no,18,2018,8,no,medium
5399,Amex,Credit,yes,1,4100,11/2004,2009,no,17,2018,8,no,medium
4560,Visa,Debit,yes,2,6076,09/2004,2011,no,15,2021,5,yes,high
1546,Mastercard,Credit,yes,3,8000,02/2020,2020,no,6,2021,5,yes,high
1443,Discover,Credit,yes,2,14600,02/2020,2020,no,6,2023,3,yes,premium
5111,Mastercard,Credit,yes,1,8300,10/2008,2010,no,16,2024,2,no,high
3015,Visa,Debit,yes,2,19054,05/2009,2017,no,9,2024,2,yes,premium
1547,Mastercard,Debit,yes,1,29265,02/2020,2020,no,6,2020,6,no,premium
1548,Mastercard,Debit,yes,1,22245,02/2020,2020,no,6,2020,6,no,premium
1549,Mastercard,Debit,yes,2,17028,02/2020,2020,no,6,2021,5,yes,premium
1172,Mastercard,Debit (Prepaid),yes,2,67,02/2009,2014,no,12,2020,6,yes,low
3222,Discover,Credit,yes,2,15300,06/2001,2011,no,15,2005,21,yes,premium
4882,Mastercard,Debit,yes,1,20552,09/2015,2015,no,11,2021,5,no,premium
524,Mastercard,Debit (Prepaid),yes,2,32,01/2020,2020,no,6,2021,5,yes,low
297,Mastercard,Debit,yes,1,48003,01/2012,2012,no,14,2024,2,no,premium
2617,Visa,Credit,yes,1,16300,04/2009,2013,no,13,2024,2,no,premium
2999,Mastercard,Credit,yes,2,10800,05/2009,2010,no,16,2024,2,yes,premium
89,Amex,Credit,yes,2,11100,01/2006,2009,no,17,2021,5,yes,premium
1281,Visa,Debit (Prepaid),yes,3,64,02/2011,2011,no,15,2022,4,yes,low
2070,Visa,Credit,yes,1,17300,03/2004,2007,no,19,2022,4,no,premium
2328,Mastercard,Credit,yes,1,13900,03/2014,2014,no,12,2023,3,no,premium
3117,Mastercard,Debit,yes,2,23807,05/2012,2012,no,14,2020,6,yes,premium
4059,Visa,Debit (Prepaid),no,2,140,07/2017,2017,no,9,2021,5,yes,low
4446,Mastercard,Debit,yes,2,26329,08/2015,2015,no,11,2024,2,yes,premium
3929,Mastercard,Debit,no,1,25224,07/2010,2011,no,15,2023,3,no,premium
4387,Discover,Credit,yes,2,8500,08/2012,2012,no,14,2020,6,yes,high
1063,Visa,Credit,no,1,11200,02/2005,2009,no,17,2023,3,no,premium
3382,Mastercard,Debit,yes,2,14576,06/2008,2011,no,15,2013,13,yes,premium
3016,Visa,Credit,yes,1,9000,05/2009,2009,no,17,2021,5,no,high
1819,Visa,Debit,yes,1,21409,02/2020,2020,no,6,2020,6,no,premium
2602,Mastercard,Debit,yes,2,7406,04/2009,2014,no,12,2014,12,yes,high
5170,Visa,Credit,yes,2,3300,10/2009,2010,no,16,2016,10,yes,medium
5112,Mastercard,Credit,yes,1,7300,10/2008,2010,no,16,2023,3,no,high
4794,Visa,Debit,yes,1,4386,09/2010,2016,no,10,2024,2,no,medium
6025,Visa,Credit,yes,1,13000,12/2010,2012,no,14,2023,3,no,premium
977,Mastercard,Debit,yes,2,14418,02/2000,2005,no,21,2020,6,yes,premium
3000,Mastercard,Debit,yes,2,9120,05/2009,2013,no,13,2022,4,yes,high
2913,Visa,Debit,yes,1,11588,05/2006,2008,no,18,2013,13,no,premium
4808,Mastercard,Credit,no,1,7500,09/2011,2011,no,15,2023,3,no,high
4376,Visa,Debit,yes,2,18042,08/2011,2011,no,15,2011,15,yes,premium
5731,Mastercard,Debit,yes,2,13694,11/2017,2017,no,9,2018,8,yes,premium
4100,Mastercard,Debit,yes,2,15849,08/2001,2009,no,17,2021,5,yes,premium
4167,Visa,Debit,yes,1,16566,08/2005,2009,no,17,2024,2,no,premium
5955,Discover,Credit,yes,1,10400,12/2009,2009,no,17,2012,14,no,premium
1550,Mastercard,Credit,yes,1,9200,02/2020,2020,no,6,2020,6,no,high
1551,Mastercard,Debit,yes,2,17967,02/2020,2020,no,6,2020,6,yes,premium
396,Amex,Credit,yes,2,8400,01/2020,2020,no,6,2021,5,yes,high
525,Mastercard,Debit,yes,1,14168,01/2020,2020,no,6,2024,2,no,premium
1820,Visa,Debit,yes,1,3149,02/2020,2020,no,6,2020,6,no,medium
1552,Mastercard,Debit,yes,1,13161,02/2020,2020,no,6,2023,3,no,premium
1041,Visa,Credit,yes,2,11700,02/2004,2008,no,18,2020,6,yes,premium
1370,Mastercard,Debit,yes,1,17678,02/2017,2017,no,9,2019,7,no,premium
4887,Visa,Debit (Prepaid),yes,1,81,09/2015,2015,no,11,2020,6,no,low
4055,Mastercard,Debit,yes,2,26231,07/2017,2017,no,9,2023,3,yes,premium
2367,Visa,Credit,yes,1,7700,03/2017,2017,no,9,2021,5,no,high
5467,Visa,Credit,yes,1,6800,11/2006,2009,no,17,2022,4,no,high
2247,Mastercard,Debit,yes,2,736,03/2010,2015,no,11,2023,3,yes,low
5263,Visa,Debit (Prepaid),yes,1,96,10/2012,2012,no,14,2018,8,no,low
5304,Mastercard,Debit,no,1,14977,10/2015,2015,no,11,2017,9,no,premium
1821,Visa,Debit,yes,1,13162,02/2020,2020,no,6,2023,3,no,premium
4864,Visa,Debit,yes,2,17649,09/2013,2013,no,13,2019,7,yes,premium
5658,Visa,Debit,yes,1,10538,11/2011,2011,no,15,2021,5,no,premium
5486,Mastercard,Credit,yes,2,10500,11/2007,2011,no,15,2022,4,yes,premium
128,Mastercard,Debit (Prepaid),yes,2,74,01/2007,2010,no,16,2020,6,yes,low
4973,Visa,Debit,yes,1,39441,10/2002,2008,no,18,2018,8,no,premium
3174,Mastercard,Debit,yes,2,27720,05/2016,2016,no,10,2022,4,yes,premium
2670,Amex,Credit,yes,1,20800,04/2011,2013,no,13,2023,3,no,premium
2772,Visa,Credit,yes,2,5300,04/2017,2017,no,9,2022,4,yes,high
22,Visa,Debit (Prepaid),no,1,65,01/2001,2007,no,19,2023,3,no,low
1822,Visa,Debit,yes,2,20182,02/2020,2020,no,6,2021,5,yes,premium
795,Visa,Credit,yes,2,8700,01/2020,2020,no,6,2020,6,yes,high
796,Visa,Credit,yes,1,23300,01/2020,2020,no,6,2020,6,no,premium
797,Visa,Debit,yes,1,8989,01/2020,2020,no,6,2020,6,no,high
1553,Mastercard,Debit,yes,1,41816,02/2020,2020,no,6,2024,2,no,premium
798,Visa,Debit,yes,1,16202,01/2020,2020,no,6,2020,6,no,premium
3586,Visa,Debit,yes,2,39457,06/2014,2014,no,12,2020,6,yes,premium
3441,Visa,Credit,yes,3,7900,06/2009,2009,no,17,2024,2,yes,high
1084,Mastercard,Credit,yes,2,7400,02/2006,2008,no,18,2023,3,yes,high
3628,Mastercard,Debit (Prepaid),yes,2,107,06/2018,2018,no,8,2023,3,yes,low
2421,Visa,Debit (Prepaid),yes,1,24,04/2001,2009,no,17,2021,5,no,low
3280,Visa,Debit,yes,2,88743,06/2004,2010,no,16,2022,4,yes,premium
12,Visa,Credit,no,1,57200,01/1999,2011,no,15,2023,3,no,premium
3143,Discover,Credit,no,1,2500,05/2014,2014,no,12,2022,4,no,medium
4128,Mastercard,Debit,yes,1,151223,08/2004,2009,no,17,2009,17,no,premium
175,Visa,Credit,yes,1,61100,01/2008,2010,no,16,2020,6,no,premium
3764,Mastercard,Debit,yes,1,26960,07/2006,2010,no,16,2022,4,no,premium
6053,Visa,Debit,yes,1,16531,12/2011,2011,no,15,2022,4,no,premium
2716,Mastercard,Debit (Prepaid),yes,1,69,04/2013,2013,no,13,2024,2,no,low
6119,Mastercard,Debit,yes,1,14054,12/2016,2016,no,10,2021,5,no,premium
4575,Mastercard,Credit,yes,1,9100,09/2005,2015,no,11,2024,2,no,high
526,Mastercard,Debit (Prepaid),yes,3,74,01/2020,2020,no,6,2020,6,yes,low
5316,Visa,Credit,yes,2,23000,10/2016,2016,no,10,2024,2,yes,premium
5213,Visa,Credit,yes,2,21900,10/2010,2013,no,13,2024,2,yes,premium
368,Mastercard,Credit,yes,2,11200,01/2018,2018,no,8,2020,6,yes,premium
5545,Visa,Debit,yes,1,22676,11/2008,2012,no,14,2020,6,no,premium
3442,Visa,Debit (Prepaid),yes,1,65,06/2009,2009,no,17,2022,4,no,low
4196,Discover,Credit,yes,2,12000,08/2007,2012,no,14,2010,16,yes,premium
2156,Visa,Debit,yes,1,20723,03/2007,2013,no,13,2020,6,no,premium
2927,Mastercard,Credit,yes,2,11500,05/2007,2007,no,19,2023,3,yes,premium
5747,Discover,Credit,yes,2,7300,12/1991,2009,no,17,2021,5,yes,high
5041,Amex,Credit,no,1,14400,10/2006,2010,no,16,2010,16,no,premium
3608,Mastercard,Credit,yes,2,14200,06/2016,2016,no,10,2021,5,yes,premium
3705,Visa,Debit,yes,1,18818,07/2003,2008,no,18,2020,6,no,premium
4586,Visa,Debit,yes,1,20509,09/2005,2007,no,19,2022,4,no,premium
4526,Visa,Debit,yes,1,17510,09/2002,2008,no,18,2023,3,no,premium
4937,Visa,Debit,yes,1,3335,10/1998,2012,no,14,2024,2,no,medium
5791,Mastercard,Debit,yes,2,4598,12/2003,2017,no,9,2020,6,yes,medium
304,Visa,Credit,yes,2,4900,01/2012,2012,no,14,2020,6,yes,medium
5004,Mastercard,Debit,yes,2,18498,10/2004,2010,no,16,2013,13,yes,premium
2943,Visa,Debit,yes,2,7312,05/2007,2008,no,18,2024,2,yes,high
2603,Mastercard,Debit,yes,2,34799,04/2009,2014,no,12,2024,2,yes,premium
972,Visa,Debit,yes,2,19882,02/1999,2010,no,16,2021,5,yes,premium
6026,Visa,Debit (Prepaid),yes,2,57,12/2010,2017,no,9,2019,7,yes,low
2049,Visa,Debit,yes,1,14383,03/2003,2011,no,15,2005,21,no,premium
4507,Visa,Debit,no,1,20666,09/2000,2011,no,15,2005,21,no,premium
4768,Mastercard,Credit,no,1,8600,09/2010,2012,no,14,2024,2,no,high
4849,Mastercard,Credit,yes,2,11400,09/2013,2013,no,13,2021,5,yes,premium
3994,Mastercard,Debit,yes,2,19695,07/2012,2012,no,14,2012,14,yes,premium
5766,Visa,Debit,yes,1,16578,12/2000,2010,no,16,2021,5,no,premium
5297,Visa,Credit,yes,2,8700,10/2014,2014,no,12,2020,6,yes,high
5403,Mastercard,Credit,yes,1,10600,11/2004,2013,no,13,2022,4,no,premium
97,Mastercard,Debit,yes,1,12925,01/2006,2010,no,16,2021,5,no,premium
4487,Mastercard,Debit,yes,2,906,09/1994,2013,no,13,1997,29,yes,low
527,Mastercard,Credit,yes,1,11600,01/2020,2020,no,6,2023,3,no,premium
4903,Amex,Credit,yes,2,10700,09/2017,2017,no,9,2021,5,yes,premium
1173,Mastercard,Debit,no,1,42142,02/2009,2010,no,16,2022,4,no,premium
1554,Mastercard,Credit,yes,1,4000,02/2020,2020,no,6,2020,6,no,medium
1350,Amex,Credit,yes,2,7200,02/2015,2015,no,11,2015,11,yes,high
312,Mastercard,Debit,yes,2,13019,01/2013,2013,no,13,2023,3,yes,premium
4047,Visa,Debit,yes,1,16647,07/2016,2016,no,10,2023,3,no,premium
5960,Mastercard,Debit,yes,1,12247,12/2009,2009,no,17,2017,9,no,premium
528,Mastercard,Debit (Prepaid),yes,1,23,01/2020,2020,no,6,2020,6,no,low
799,Visa,Debit (Prepaid),yes,1,91,01/2020,2020,no,6,2024,2,no,low
1555,Mastercard,Debit (Prepaid),yes,2,77,02/2020,2020,no,6,2020,6,yes,low
1823,Visa,Debit,yes,1,82677,02/2020,2020,no,6,2021,5,no,premium
800,Visa,Credit,yes,2,23400,01/2020,2020,no,6,2023,3,yes,premium
529,Mastercard,Debit,yes,1,72868,01/2020,2020,no,6,2020,6,no,premium
4539,Visa,Debit,no,2,15029,09/2003,2007,no,19,2024,2,yes,premium
3903,Visa,Credit,yes,1,9700,07/2009,2013,no,13,2021,5,no,high
5961,Mastercard,Debit,yes,2,6847,12/2009,2009,no,17,2023,3,yes,high
2044,Mastercard,Credit,yes,2,4800,03/2003,2011,no,15,2022,4,yes,medium
4108,Mastercard,Debit,yes,1,17294,08/2002,2010,no,16,2022,4,no,premium
5680,Visa,Credit,yes,3,0,11/2012,2012,no,14,2012,14,yes,low
5005,Mastercard,Debit,yes,2,5857,10/2004,2007,no,19,2024,2,yes,high
4986,Mastercard,Debit,yes,2,17536,10/2003,2010,no,16,2023,3,yes,premium
3803,Mastercard,Debit (Prepaid),yes,2,61,07/2007,2016,no,10,2020,6,yes,low
5104,Amex,Credit,yes,1,13300,10/2008,2014,no,12,2024,2,no,premium
2020,Mastercard,Debit,yes,1,34278,03/2001,2010,no,16,2022,4,no,premium
4129,Mastercard,Debit,yes,2,38235,08/2004,2016,no,10,2007,19,yes,premium
3948,Visa,Debit,no,2,1587,07/2010,2013,no,13,2024,2,yes,medium
2659,Visa,Debit,yes,2,28156,04/2010,2010,no,16,2022,4,yes,premium
5468,Visa,Credit,no,1,6500,11/2006,2018,no,8,2022,4,no,high
6039,Mastercard,Debit,yes,2,4324,12/2011,2011,no,15,2012,14,yes,medium
3497,Visa,Debit,yes,2,1112,06/2010,2010,no,16,2022,4,yes,medium
1824,Visa,Credit,yes,1,19600,02/2020,2020,no,6,2020,6,no,premium
2548,Visa,Debit,yes,2,15182,04/2007,2009,no,17,2023,3,yes,premium
4396,Visa,Credit,yes,1,14200,08/2012,2012,no,14,2017,9,no,premium
2812,Mastercard,Debit,yes,1,30065,05/2001,2011,no,15,2022,4,no,premium
1825,Visa,Credit,no,1,10600,02/2020,2020,no,6,2022,4,no,premium
5691,Visa,Debit,yes,1,39764,11/2013,2013,no,13,2020,6,no,premium
3841,Mastercard,Debit,yes,1,27208,07/2008,2008,no,18,2023,3,no,premium
2248,Mastercard,Debit,no,1,29637,03/2010,2010,no,16,2016,10,no,premium
1556,Mastercard,Debit,yes,1,24442,02/2020,2020,no,6,2020,6,no,premium
2561,Mastercard,Debit,yes,2,28390,04/2008,2008,no,18,2024,2,yes,premium
4869,Amex,Credit,yes,2,6600,09/2014,2014,no,12,2024,2,yes,high
4094,Mastercard,Debit,yes,1,11510,08/1999,2011,no,15,2007,19,no,premium
4600,Mastercard,Credit,yes,1,6400,09/2006,2011,no,15,2012,14,no,high
93,Discover,Credit,yes,1,1800,01/2006,2007,no,19,2024,2,no,medium
81,Visa,Credit,yes,2,1500,01/2005,2009,no,17,2024,2,yes,medium
801,Visa,Debit,yes,1,14813,01/2020,2020,no,6,2020,6,no,premium
2877,Mastercard,Debit,yes,2,40176,05/2005,2009,no,17,2020,6,yes,premium
90,Amex,Credit,yes,1,10300,01/2006,2013,no,13,2023,3,no,premium
1282,Visa,Credit,yes,2,4400,02/2011,2011,no,15,2020,6,yes,medium
4187,Visa,Debit,yes,2,15878,08/2006,2008,no,18,2019,7,yes,premium
4039,Visa,Credit,yes,2,8500,07/2015,2015,no,11,2020,6,yes,high
530,Mastercard,Debit,yes,2,18022,01/2020,2020,no,6,2023,3,yes,premium
3468,Mastercard,Debit,yes,1,19597,06/2010,2010,no,16,2016,10,no,premium
6027,Visa,Debit,yes,1,51504,12/2010,2010,no,16,2021,5,no,premium
82,Visa,Debit,yes,2,28717,01/2005,2014,no,12,2021,5,yes,premium
5042,Amex,Credit,no,1,7100,10/2006,2006,no,20,2021,5,no,high
4532,Mastercard,Debit,no,1,27974,09/2003,2012,no,14,2020,6,no,premium
5078,Mastercard,Debit,no,2,6629,10/2007,2008,no,18,2022,4,yes,high
5487,Mastercard,Debit,yes,2,2093,11/2007,2015,no,11,2024,2,yes,medium
3984,Visa,Debit,yes,2,27053,07/2011,2011,no,15,2023,3,yes,premium
3235,Mastercard,Debit,yes,2,15800,06/2002,2012,no,14,2023,3,yes,premium
2831,Visa,Debit,yes,1,20699,05/2002,2008,no,18,2015,11,no,premium
2705,Visa,Debit,yes,2,31662,04/2012,2012,no,14,2020,6,yes,premium
6000,Mastercard,Credit,yes,1,18900,12/2010,2011,no,15,2023,3,no,premium
5059,Visa,Credit,yes,2,14200,10/2006,2010,no,16,2006,20,yes,premium
6085,Mastercard,Debit,yes,2,25292,12/2013,2013,no,13,2022,4,yes,premium
1557,Mastercard,Debit,yes,1,19299,02/2020,2020,no,6,2023,3,no,premium
4226,Visa,Debit,yes,2,27215,08/2007,2010,no,16,2017,9,yes,premium
3765,Mastercard,Debit,yes,2,10934,07/2006,2015,no,11,2012,14,yes,premium
5564,Mastercard,Credit,yes,2,20300,11/2009,2010,no,16,2015,11,yes,premium
4939,Amex,Credit,yes,2,9700,10/1999,2007,no,19,2012,14,yes,high
3331,Visa,Debit (Prepaid),no,2,87,06/2006,2006,no,20,2023,3,yes,low
1330,Visa,Credit,yes,2,11700,02/2013,2013,no,13,2023,3,yes,premium
2641,Mastercard,Debit,yes,2,16460,04/2010,2010,no,16,2024,2,yes,premium
4483,Visa,Debit,yes,1,27036,08/2019,2019,no,7,2023,3,no,premium
5641,Amex,Credit,yes,2,3100,11/2011,2011,no,15,2020,6,yes,medium
283,Visa,Debit,yes,1,21757,01/2011,2011,no,15,2021,5,no,premium
4227,Visa,Debit,yes,2,15925,08/2007,2007,no,19,2021,5,yes,premium
2921,Amex,Credit,yes,1,10100,05/2007,2016,no,10,2019,7,no,premium
4066,Mastercard,Debit,yes,2,20660,07/2018,2018,no,8,2022,4,yes,premium
1242,Visa,Debit,yes,1,18301,02/2010,2010,no,16,2022,4,no,premium
5627,Visa,Credit,yes,2,14200,11/2010,2018,no,8,2011,15,yes,premium
5982,Visa,Debit,yes,1,24230,12/2009,2011,no,15,2024,2,no,premium
319,Visa,Debit,yes,1,19636,01/2013,2013,no,13,2013,13,no,premium
1379,Mastercard,Debit (Prepaid),yes,3,102,02/2018,2018,no,8,2024,2,yes,low
5329,Mastercard,Debit,yes,2,21218,10/2018,2018,no,8,2022,4,yes,premium
4918,Visa,Debit,yes,2,27066,09/2018,2018,no,8,2021,5,yes,premium
3766,Mastercard,Debit,yes,2,19723,07/2006,2010,no,16,2016,10,yes,premium
1826,Visa,Debit,yes,2,21990,02/2020,2020,no,6,2020,6,yes,premium
531,Mastercard,Debit,yes,2,26251,01/2020,2020,no,6,2021,5,yes,premium
1359,Visa,Debit,no,2,14614,02/2015,2015,no,11,2022,4,yes,premium
2422,Visa,Credit,yes,1,12800,04/2001,2003,no,23,2022,4,no,premium
978,Mastercard,Debit,yes,2,17897,02/2000,2013,no,13,2006,20,yes,premium
1827,Visa,Credit,yes,1,8700,02/2020,2020,no,6,2024,2,no,high
4570,Amex,Credit,yes,2,19500,09/2005,2007,no,19,2021,5,yes,premium
2341,Mastercard,Debit,yes,1,24111,03/2015,2015,no,11,2015,11,no,premium
5305,Mastercard,Debit,yes,1,34839,10/2015,2015,no,11,2023,3,no,premium
3469,Mastercard,Credit,yes,1,12800,06/2010,2012,no,14,2023,3,no,premium
5404,Mastercard,Credit,yes,2,9600,11/2004,2011,no,15,2021,5,yes,high
3744,Visa,Debit,yes,2,15112,07/2005,2016,no,10,2022,4,yes,premium
532,Mastercard,Credit,yes,2,11100,01/2020,2020,no,6,2024,2,yes,premium
1243,Visa,Debit,yes,1,14295,02/2010,2010,no,16,2023,3,no,premium
533,Mastercard,Credit,yes,1,5400,01/2020,2020,no,6,2020,6,no,high
225,Mastercard,Debit,yes,2,18092,01/2010,2015,no,11,2023,3,yes,premium
5488,Mastercard,Debit,yes,2,23244,11/2007,2007,no,19,2022,4,yes,premium
4397,Visa,Debit,yes,1,12639,08/2012,2012,no,14,2023,3,no,premium
4022,Mastercard,Debit,yes,1,13482,07/2014,2014,no,12,2021,5,no,premium
3050,Mastercard,Debit,yes,1,13022,05/2010,2010,no,16,2024,2,no,premium
2725,Mastercard,Debit,no,2,23999,04/2014,2014,no,12,2020,6,yes,premium
2819,Visa,Debit,yes,2,12837,05/2001,2013,no,13,2020,6,yes,premium
3345,Mastercard,Debit,yes,1,25177,06/2007,2012,no,14,2012,14,no,premium
2869,Visa,Credit,yes,1,18800,05/2004,2011,no,15,2006,20,no,premium
2736,Visa,Credit,yes,2,3900,04/2014,2014,no,12,2020,6,yes,medium
427,Discover,Credit,yes,2,7200,01/2020,2020,no,6,2023,3,yes,high
3250,Mastercard,Debit,yes,2,11749,06/2003,2015,no,11,2024,2,yes,premium
4550,Mastercard,Debit (Prepaid),yes,1,77,09/2004,2011,no,15,2021,5,no,low
5251,Visa,Debit,yes,2,86262,10/2011,2011,no,15,2011,15,yes,premium
1042,Visa,Debit,yes,1,92939,02/2004,2011,no,15,2010,16,no,premium
384,Visa,Debit,yes,2,64613,01/2019,2019,no,7,2024,2,yes,premium
1828,Visa,Debit,yes,2,27305,02/2020,2020,no,6,2020,6,yes,premium
4271,Visa,Debit,yes,1,24546,08/2008,2010,no,16,2023,3,no,premium
369,Mastercard,Debit,yes,1,25121,01/2018,2018,no,8,2018,8,no,premium
3663,Discover,Credit,yes,1,17000,07/2001,2018,no,8,2022,4,no,premium
5278,Visa,Credit,yes,2,6800,10/2013,2013,no,13,2023,3,yes,high
4360,Mastercard,Credit,yes,2,15100,08/2011,2011,no,15,2013,13,yes,premium
3842,Mastercard,Credit,yes,1,14300,07/2008,2008,no,18,2013,13,no,premium
1351,Amex,Credit,yes,2,8800,02/2015,2015,no,11,2024,2,yes,high
3126,Visa,Credit,yes,2,4100,05/2012,2012,no,14,2023,3,yes,medium
4235,Amex,Credit,yes,1,9500,08/2008,2016,no,10,2021,5,no,high
3767,Mastercard,Credit,yes,1,8500,07/2006,2011,no,15,2010,16,no,high
1829,Visa,Debit,no,2,21741,02/2020,2020,no,6,2023,3,yes,premium
1830,Visa,Debit,yes,1,1741,02/2020,2020,no,6,2020,6,no,medium
1558,Mastercard,Debit (Prepaid),yes,2,74,02/2020,2020,no,6,2021,5,yes,low
1831,Visa,Credit,no,1,8700,02/2020,2020,no,6,2024,2,no,high
534,Mastercard,Debit (Prepaid),yes,1,63,01/2020,2020,no,6,2024,2,no,low
221,Amex,Credit,yes,2,18400,01/2010,2015,no,11,2022,4,yes,premium
2789,Visa,Credit,yes,2,9700,04/2019,2019,no,7,2022,4,yes,high
3886,Mastercard,Credit,yes,1,13800,07/2009,2017,no,9,2022,4,no,premium
3443,Visa,Credit,yes,2,0,06/2009,2011,no,15,2020,6,yes,low
1244,Visa,Debit,yes,2,22501,02/2010,2010,no,16,2020,6,yes,premium
4838,Visa,Debit,yes,2,25307,09/2012,2012,no,14,2013,13,yes,premium
5131,Visa,Debit,yes,1,23401,10/2008,2011,no,15,2020,6,no,premium
353,Mastercard,Debit,yes,1,34385,01/2016,2016,no,10,2020,6,no,premium
5016,Visa,Debit,yes,2,15485,10/2004,2010,no,16,2023,3,yes,premium
129,Mastercard,Debit,no,3,14156,01/2007,2018,no,8,2022,4,yes,premium
4877,Visa,Credit,yes,2,12400,09/2014,2014,no,12,2021,5,yes,premium
4833,Mastercard,Debit,yes,2,14850,09/2012,2012,no,14,2024,2,yes,premium
3673,Mastercard,Debit,yes,1,25093,07/2002,2006,no,20,2023,3,no,premium
535,Mastercard,Debit,no,1,19991,01/2020,2020,no,6,2020,6,no,premium
536,Mastercard,Debit (Prepaid),yes,2,29,01/2020,2020,no,6,2022,4,yes,low
1832,Visa,Debit,yes,2,28422,02/2020,2020,no,6,2023,3,yes,premium
1833,Visa,Credit,yes,1,10100,02/2020,2020,no,6,2020,6,no,premium
4244,Mastercard,Debit (Prepaid),yes,2,40,08/2008,2018,no,8,2023,3,yes,low
211,Visa,Debit,yes,1,12589,01/2009,2011,no,15,2020,6,no,premium
2320,Visa,Debit,yes,2,11885,03/2013,2013,no,13,2023,3,yes,premium
3691,Mastercard,Debit,yes,1,18820,07/2003,2008,no,18,2024,2,no,premium
4615,Visa,Debit,yes,2,8562,09/2006,2008,no,18,2020,6,yes,high
5505,Visa,Debit,yes,1,5933,11/2007,2009,no,17,2022,4,no,high
3242,Visa,Debit (Prepaid),yes,2,33,06/2002,2018,no,8,2024,2,yes,low
3288,Mastercard,Debit,yes,1,10764,06/2005,2007,no,19,2021,5,no,premium
1559,Mastercard,Credit,yes,1,8900,02/2020,2020,no,6,2020,6,no,high
5659,Visa,Debit,yes,2,6781,11/2011,2011,no,15,2024,2,yes,high
802,Visa,Debit,yes,2,12116,01/2020,2020,no,6,2020,6,yes,premium
1111,Mastercard,Debit,yes,2,21131,02/2007,2007,no,19,2021,5,yes,premium
2745,Mastercard,Debit,yes,2,13383,04/2015,2015,no,11,2015,11,yes,premium
4769,Mastercard,Debit (Prepaid),yes,1,58,09/2010,2010,no,16,2023,3,no,low
5777,Discover,Credit,yes,2,14600,12/2002,2008,no,18,2021,5,yes,premium
397,Amex,Credit,no,1,6600,01/2020,2020,no,6,2020,6,no,high
2805,Visa,Debit,yes,1,23806,05/1999,2008,no,18,2020,6,no,premium
60,Visa,Debit,yes,2,17082,01/2004,2011,no,15,2022,4,yes,premium
5489,Mastercard,Debit,yes,1,16422,11/2007,2011,no,15,2024,2,no,premium
4632,Mastercard,Debit,yes,1,15353,09/2007,2011,no,15,2024,2,no,premium
4067,Mastercard,Debit (Prepaid),yes,1,66,07/2018,2018,no,8,2024,2,no,low
537,Mastercard,Debit,yes,2,7221,01/2020,2020,no,6,2024,2,yes,high
1834,Visa,Debit,yes,2,21032,02/2020,2020,no,6,2022,4,yes,premium
538,Mastercard,Credit,yes,1,11900,01/2020,2020,no,6,2022,4,no,premium
803,Visa,Debit,yes,2,15328,01/2020,2020,no,6,2020,6,yes,premium
270,Mastercard,Debit,yes,1,15023,01/2011,2011,no,15,2020,6,no,premium
5113,Mastercard,Credit,yes,2,8500,10/2008,2008,no,18,2023,3,yes,high
3930,Mastercard,Debit,yes,2,17667,07/2010,2011,no,15,2014,12,yes,premium
110,Visa,Debit,yes,2,20549,01/2006,2007,no,19,2023,3,yes,premium
967,Mastercard,Debit,yes,1,1738,02/1999,2007,no,19,2009,17,no,medium
5681,Visa,Debit,yes,1,34013,11/2012,2012,no,14,2020,6,no,premium
4023,Mastercard,Debit,yes,1,38290,07/2014,2014,no,12,2022,4,no,premium
5962,Mastercard,Debit,yes,1,17718,12/2009,2010,no,16,2018,8,no,premium
4533,Mastercard,Debit,no,1,25878,09/2003,2009,no,17,2020,6,no,premium
2963,Mastercard,Debit,yes,1,22858,05/2008,2010,no,16,2013,13,no,premium
5881,Mastercard,Debit,no,1,19913,12/2007,2010,no,16,2024,2,no,premium
1560,Mastercard,Debit,yes,1,18648,02/2020,2020,no,6,2022,4,no,premium
3215,Mastercard,Debit,yes,1,9676,06/2000,2009,no,17,2023,3,no,high
3680,Visa,Credit,yes,2,4900,07/2002,2004,no,22,2024,2,yes,medium
1283,Visa,Debit (Prepaid),yes,1,62,02/2011,2011,no,15,2023,3,no,low
3578,Mastercard,Debit,yes,1,17957,06/2014,2014,no,12,2020,6,no,premium
3843,Mastercard,Credit,yes,2,13100,07/2008,2008,no,18,2023,3,yes,premium
4594,Discover,Credit,yes,1,10700,09/2006,2017,no,9,2021,5,no,premium
5720,Amex,Credit,yes,1,14400,11/2016,2016,no,10,2022,4,no,premium
4571,Amex,Credit,yes,1,20400,09/2005,2016,no,10,2021,5,no,premium
4158,Mastercard,Debit,yes,2,1816,08/2005,2009,no,17,2024,2,yes,medium
2849,Amex,Credit,yes,2,2200,05/2004,2008,no,18,2009,17,yes,medium
4140,Visa,Credit,yes,2,4600,08/2004,2011,no,15,2020,6,yes,medium
2450,Visa,Debit (Prepaid),yes,2,91,04/2003,2015,no,11,2022,4,yes,low
2692,Mastercard,Credit,no,2,14400,04/2012,2012,no,14,2024,2,yes,premium
1064,Visa,Debit,yes,1,18647,02/2005,2007,no,19,2007,19,no,premium
4168,Visa,Credit,yes,1,18100,08/2005,2008,no,18,2020,6,no,premium
3419,Mastercard,Debit (Prepaid),yes,2,35,06/2009,2009,no,17,2020,6,yes,low
1835,Visa,Debit,yes,1,19079,02/2020,2020,no,6,2023,3,no,premium
804,Visa,Debit,yes,1,10686,01/2020,2020,no,6,2020,6,no,premium
1836,Visa,Debit,yes,2,30000,02/2020,2020,no,6,2021,5,yes,premium
3706,Visa,Debit,yes,1,41221,07/2003,2011,no,15,2021,5,no,premium
2085,Mastercard,Debit,yes,1,29170,03/2005,2006,no,20,2024,2,no,premium
5481,Discover,Credit,yes,3,19800,11/2007,2011,no,15,2022,4,yes,premium
2832,Visa,Credit,yes,2,14500,05/2002,2007,no,19,2022,4,yes,premium
4883,Mastercard,Credit,yes,2,12200,09/2015,2015,no,11,2024,2,yes,premium
1085,Mastercard,Debit,yes,2,1500,02/2006,2018,no,8,2022,4,yes,medium
3228,Visa,Credit,no,1,13700,06/2001,2005,no,21,2014,12,no,premium
539,Mastercard,Debit,yes,2,15895,01/2020,2020,no,6,2023,3,yes,premium
1837,Visa,Credit,yes,1,3000,02/2020,2020,no,6,2020,6,no,medium
2562,Mastercard,Debit,yes,1,1470,04/2008,2008,no,18,2021,5,no,medium
5844,Visa,Credit,yes,2,5500,12/2005,2010,no,16,2023,3,yes,high
1838,Visa,Debit,yes,2,4326,02/2020,2020,no,6,2021,5,yes,medium
1839,Visa,Credit,yes,2,13600,02/2020,2020,no,6,2023,3,yes,premium
540,Mastercard,Debit,yes,1,37002,01/2020,2020,no,6,2022,4,no,premium
4689,Visa,Debit,yes,2,9562,09/2008,2011,no,15,2020,6,yes,high
3995,Mastercard,Debit,yes,1,18244,07/2012,2012,no,14,2020,6,no,premium
4888,Visa,Debit (Prepaid),yes,2,81,09/2015,2015,no,11,2023,3,yes,low
34,Amex,Credit,yes,1,13700,01/2003,2017,no,9,2022,4,no,premium
5930,Mastercard,Credit,yes,1,6000,12/2008,2010,no,16,2020,6,no,high
2797,Mastercard,Debit,yes,1,16409,05/1998,2008,no,18,2024,2,no,premium
4616,Visa,Debit,yes,2,15822,09/2006,2009,no,17,2022,4,yes,premium
5810,Mastercard,Debit,yes,2,1447,12/2004,2010,no,16,2023,3,yes,medium
3768,Mastercard,Credit,yes,3,6600,07/2006,2010,no,16,2020,6,yes,high
3786,Visa,Credit,yes,1,15700,07/2006,2011,no,15,2009,17,no,premium
3629,Mastercard,Debit,yes,2,26704,06/2018,2018,no,8,2021,5,yes,premium
2530,Mastercard,Debit,yes,2,43033,04/2007,2013,no,13,2024,2,yes,premium
1444,Discover,Credit,yes,1,5800,02/2020,2020,no,6,2024,2,no,high
805,Visa,Credit,yes,1,6900,01/2020,2020,no,6,2023,3,no,high
4949,Mastercard,Debit,yes,1,17432,10/2001,2014,no,12,2022,4,no,premium
3146,Mastercard,Debit,yes,1,34453,05/2014,2014,no,12,2024,2,no,premium
4116,Mastercard,Credit,yes,1,14800,08/2003,2018,no,8,2023,3,no,premium
5031,Visa,Debit,yes,1,2603,10/2005,2012,no,14,2021,5,no,medium
2113,Mastercard,Debit,yes,2,11568,03/2006,2008,no,18,2023,3,yes,premium
3229,Visa,Debit,yes,1,35943,06/2001,2009,no,17,2024,2,no,premium
2672,Discover,Credit,yes,1,13600,04/2011,2011,no,15,2019,7,no,premium
5882,Mastercard,Debit,yes,2,8671,12/2007,2009,no,17,2022,4,yes,high
3556,Visa,Debit,yes,1,24498,06/2012,2012,no,14,2024,2,no,premium
5132,Visa,Debit,yes,1,21751,10/2008,2008,no,18,2020,6,no,premium
2215,Mastercard,Debit,yes,3,18021,03/2009,2009,no,17,2022,4,yes,premium
4587,Visa,Debit,yes,2,7830,09/2005,2010,no,16,2023,3,yes,high
2142,Mastercard,Debit,yes,2,17980,03/2007,2007,no,19,2021,5,yes,premium
4617,Visa,Credit,yes,2,9000,09/2006,2008,no,18,2024,2,yes,high
5405,Mastercard,Debit,yes,1,16034,11/2004,2013,no,13,2012,14,no,premium
3692,Mastercard,Debit,yes,2,323,07/2003,2009,no,17,2022,4,yes,low
3865,Visa,Debit,yes,1,6611,07/2008,2008,no,18,2021,5,no,high
4967,Mastercard,Debit,yes,1,14231,10/2002,2010,no,16,2023,3,no,premium
5171,Visa,Credit,yes,1,11400,10/2009,2009,no,17,2019,7,no,premium
1065,Visa,Credit,yes,2,5900,02/2005,2009,no,17,2021,5,yes,high
4795,Visa,Debit,yes,1,3915,09/2010,2010,no,16,2022,4,no,medium
3420,Mastercard,Debit,yes,2,8882,06/2009,2015,no,11,2022,4,yes,high
4361,Mastercard,Debit,yes,1,1218,08/2011,2012,no,14,2020,6,no,medium
284,Visa,Debit,yes,1,12057,01/2011,2018,no,8,2020,6,no,premium
4169,Visa,Debit,yes,2,13435,08/2005,2008,no,18,2023,3,yes,premium
3051,Mastercard,Debit,no,2,13055,05/2010,2010,no,16,2024,2,yes,premium
2216,Mastercard,Debit (Prepaid),yes,2,85,03/2009,2011,no,15,2020,6,yes,low
29,Visa,Credit,yes,3,1200,01/2002,2011,no,15,2021,5,yes,medium
2038,Visa,Credit,yes,2,10500,03/2002,2010,no,16,2023,3,yes,premium
4125,Amex,Credit,yes,2,9300,08/2004,2008,no,18,2021,5,yes,high
5857,Mastercard,Debit,yes,1,14056,12/2006,2008,no,18,2021,5,no,premium
1211,Mastercard,Debit,yes,1,2001,02/2010,2018,no,8,2023,3,no,medium
541,Mastercard,Debit (Prepaid),yes,1,80,01/2020,2020,no,6,2024,2,no,low
1561,Mastercard,Credit,yes,1,19500,02/2020,2020,no,6,2020,6,no,premium
1562,Mastercard,Debit,yes,1,14797,02/2020,2020,no,6,2022,4,no,premium
806,Visa,Debit,yes,1,14420,01/2020,2020,no,6,2021,5,no,premium
1563,Mastercard,Credit,yes,2,13600,02/2020,2020,no,6,2020,6,yes,premium
3769,Mastercard,Debit,yes,2,3013,07/2006,2006,no,20,2024,2,yes,medium
5963,Mastercard,Debit,yes,1,22304,12/2009,2010,no,16,2024,2,no,premium
176,Visa,Debit,yes,3,30242,01/2008,2013,no,13,2021,5,yes,premium
5133,Visa,Debit,yes,1,12948,10/2008,2008,no,18,2019,7,no,premium
1564,Mastercard,Debit,yes,1,20695,02/2020,2020,no,6,2020,6,no,premium
542,Mastercard,Debit,yes,2,23716,01/2020,2020,no,6,2020,6,yes,premium
1840,Visa,Debit,yes,1,17223,02/2020,2020,no,6,2020,6,no,premium
4601,Mastercard,Debit (Prepaid),yes,2,49,09/2006,2010,no,16,2015,11,yes,low
3103,Visa,Debit,yes,2,19792,05/2011,2011,no,15,2022,4,yes,premium
3104,Visa,Debit (Prepaid),yes,2,76,05/2011,2011,no,15,2024,2,yes,low
4405,Mastercard,Debit,yes,1,19811,08/2013,2013,no,13,2023,3,no,premium
3517,Mastercard,Debit,yes,2,17602,06/2011,2011,no,15,2020,6,yes,premium
5490,Mastercard,Debit (Prepaid),yes,1,96,11/2007,2011,no,15,2021,5,no,low
1565,Mastercard,Credit,yes,2,36900,02/2020,2020,no,6,2023,3,yes,premium
1841,Visa,Debit,yes,2,14263,02/2020,2020,no,6,2020,6,yes,premium
1566,Mastercard,Debit,yes,2,3013,02/2020,2020,no,6,2020,6,yes,medium
543,Mastercard,Debit,yes,2,17789,01/2020,2020,no,6,2023,3,yes,premium
6067,Mastercard,Debit,yes,1,7184,12/2012,2012,no,14,2021,5,no,high
5437,Visa,Debit (Prepaid),yes,1,62,11/2005,2007,no,19,2022,4,no,low
4130,Mastercard,Credit,yes,2,8300,08/2004,2018,no,8,2023,3,yes,high
1245,Visa,Credit,yes,1,11900,02/2010,2014,no,12,2022,4,no,premium
3949,Visa,Credit,no,2,2000,07/2010,2010,no,16,2018,8,yes,medium
4426,Mastercard,Debit,yes,2,12827,08/2014,2014,no,12,2023,3,yes,premium
2563,Mastercard,Credit,yes,1,10800,04/2008,2012,no,14,2010,16,no,premium
3361,Visa,Debit,yes,1,8400,06/2007,2008,no,18,2021,5,no,high
4377,Visa,Credit,yes,2,6700,08/2011,2011,no,15,2011,15,yes,high
158,Mastercard,Debit,yes,2,13417,01/2008,2008,no,18,2021,5,yes,premium
2587,Visa,Debit (Prepaid),yes,2,60,04/2008,2009,no,17,2021,5,yes,low
2848,Visa,Credit,yes,1,10300,05/2003,2016,no,10,2021,5,no,premium
1401,Amex,Credit,yes,2,4900,02/2020,2020,no,6,2021,5,yes,medium
4272,Visa,Debit,yes,2,9073,08/2008,2012,no,14,2015,11,yes,high
2944,Visa,Debit,yes,2,19635,05/2007,2018,no,8,2023,3,yes,premium
1124,Visa,Debit,yes,1,21207,02/2007,2007,no,19,2020,6,no,premium
4974,Visa,Credit,yes,1,14000,10/2002,2008,no,18,2023,3,no,premium
4529,Discover,Credit,no,1,14400,09/2003,2011,no,15,2012,14,no,premium
1567,Mastercard,Debit (Prepaid),yes,1,72,02/2020,2020,no,6,2020,6,no,low
139,Visa,Credit,yes,1,24600,01/2007,2011,no,15,2021,5,no,premium
2878,Mastercard,Debit,yes,1,43289,05/2005,2017,no,9,2022,4,no,premium
2564,Mastercard,Debit,yes,2,16475,04/2008,2009,no,17,2024,2,yes,premium
342,Amex,Credit,no,2,14600,01/2015,2015,no,11,2023,3,yes,premium
544,Mastercard,Debit (Prepaid),yes,2,28,01/2020,2020,no,6,2020,6,yes,low
4770,Mastercard,Credit,no,1,12600,09/2010,2012,no,14,2022,4,no,premium
98,Mastercard,Debit,yes,2,15416,01/2006,2014,no,12,2017,9,yes,premium
4467,Amex,Credit,yes,2,7100,08/2018,2018,no,8,2020,6,yes,high
2588,Visa,Credit,yes,2,16200,04/2008,2013,no,13,2023,3,yes,premium
5459,Mastercard,Debit,yes,1,17689,11/2006,2006,no,20,2020,6,no,premium
1314,Mastercard,Debit,no,1,18090,02/2013,2013,no,13,2020,6,no,premium
4071,Visa,Debit,no,1,16080,07/2018,2018,no,8,2024,2,no,premium
3175,Mastercard,Debit,no,1,17599,05/2016,2016,no,10,2024,2,no,premium
5829,Mastercard,Debit,yes,2,12224,12/2005,2006,no,20,2023,3,yes,premium
545,Mastercard,Debit,yes,1,8998,01/2020,2020,no,6,2024,2,no,high
3579,Mastercard,Debit,yes,2,10726,06/2014,2014,no,12,2024,2,yes,premium
1842,Visa,Credit,yes,1,6300,02/2020,2020,no,6,2020,6,no,high
2340,Discover,Credit,yes,2,4400,03/2015,2015,no,11,2020,6,yes,medium
5830,Mastercard,Debit,yes,2,18089,12/2005,2013,no,13,2020,6,yes,premium
2114,Mastercard,Debit,yes,1,10683,03/2006,2009,no,17,2020,6,no,premium
4026,Visa,Credit,yes,1,14600,07/2014,2014,no,12,2021,5,no,premium
370,Mastercard,Debit (Prepaid),yes,1,94,01/2018,2018,no,8,2019,7,no,low
1338,Mastercard,Debit,yes,1,27308,02/2014,2014,no,12,2024,2,no,premium
3866,Visa,Credit,yes,1,17900,07/2008,2008,no,18,2022,4,no,premium
2981,Visa,Debit,yes,1,26410,05/2008,2011,no,15,2022,4,no,premium
3745,Visa,Credit,yes,2,28600,07/2005,2011,no,15,2011,15,yes,premium
2115,Mastercard,Debit,yes,2,41057,03/2006,2010,no,16,2019,7,yes,premium
3078,Visa,Debit,yes,2,3864,05/2010,2015,no,11,2012,14,yes,medium
1402,Amex,Credit,yes,1,8400,02/2020,2020,no,6,2022,4,no,high
6054,Visa,Debit,yes,1,5024,12/2011,2012,no,14,2022,4,no,high
1843,Visa,Debit,yes,2,10607,02/2020,2020,no,6,2023,3,yes,premium
5264,Visa,Credit,yes,1,0,10/2012,2012,no,14,2017,9,no,low
4427,Mastercard,Credit,yes,2,10500,08/2014,2014,no,12,2015,11,yes,premium
546,Mastercard,Debit,yes,2,19185,01/2020,2020,no,6,2021,5,yes,premium
177,Visa,Credit,no,2,7100,01/2008,2011,no,15,2020,6,yes,high
3147,Mastercard,Credit,yes,1,4000,05/2014,2014,no,12,2014,12,no,medium
3383,Mastercard,Debit,no,2,12708,06/2008,2008,no,18,2023,3,yes,premium
352,Amex,Credit,yes,2,4400,01/2016,2016,no,10,2022,4,yes,medium
3137,Visa,Debit,yes,1,16017,05/2013,2013,no,13,2020,6,no,premium
547,Mastercard,Debit,yes,2,2066,01/2020,2020,no,6,2024,2,yes,medium
6040,Mastercard,Debit,yes,1,16320,12/2011,2011,no,15,2020,6,no,premium
4398,Visa,Debit,yes,2,13060,08/2012,2012,no,14,2023,3,yes,premium
1134,Amex,Credit,yes,2,8900,02/2008,2015,no,11,2022,4,yes,high
4339,Visa,Debit,yes,2,10517,08/2010,2014,no,12,2021,5,yes,premium
3470,Mastercard,Debit,no,2,13245,06/2010,2012,no,14,2024,2,yes,premium
5378,Mastercard,Debit (Prepaid),yes,1,90,11/2002,2009,no,17,2023,3,no,low
2779,Mastercard,Debit (Prepaid),yes,1,72,04/2018,2018,no,8,2023,3,no,low
2982,Visa,Debit,yes,1,18280,05/2008,2011,no,15,2013,13,no,premium
2443,Mastercard,Credit,no,1,13600,04/2003,2012,no,14,2021,5,no,premium
2889,Visa,Debit,yes,1,12778,05/2005,2010,no,16,2021,5,no,premium
4008,Mastercard,Debit,yes,1,12917,07/2013,2013,no,13,2021,5,no,premium
50,Mastercard,Credit,yes,2,6000,01/2004,2010,no,16,2007,19,yes,high
3243,Visa,Debit,yes,2,8874,06/2002,2012,no,14,2023,3,yes,high
3904,Visa,Debit,yes,2,4322,07/2009,2013,no,13,2015,11,yes,medium
3734,Mastercard,Debit,yes,1,9219,07/2005,2008,no,18,2024,2,no,high
5367,Mastercard,Debit,yes,1,6088,11/2001,2005,no,21,2021,5,no,high
1403,Amex,Credit,yes,2,20800,02/2020,2020,no,6,2022,4,yes,premium
1844,Visa,Credit,yes,2,12700,02/2020,2020,no,6,2020,6,yes,premium
1845,Visa,Debit (Prepaid),yes,2,76,02/2020,2020,no,6,2020,6,yes,low
3346,Mastercard,Debit,yes,2,12760,06/2007,2009,no,17,2012,14,yes,premium
5285,Discover,Credit,yes,1,3600,10/2014,2014,no,12,2021,5,no,medium
3471,Mastercard,Debit,no,2,15894,06/2010,2010,no,16,2023,3,yes,premium
1846,Visa,Credit,yes,2,11500,02/2020,2020,no,6,2020,6,yes,premium
5325,Visa,Debit,yes,2,21439,10/2017,2017,no,9,2023,3,yes,premium
5460,Mastercard,Debit,yes,1,32165,11/2006,2014,no,12,2018,8,no,premium
3651,Mastercard,Debit,yes,2,12346,07/1998,2006,no,20,2024,2,yes,premium
3273,Mastercard,Credit,yes,2,13500,06/2004,2014,no,12,2021,5,yes,premium
2333,Visa,Credit,yes,2,12700,03/2014,2014,no,12,2023,3,yes,premium
1847,Visa,Debit,yes,1,29335,02/2020,2020,no,6,2024,2,no,premium
2890,Visa,Debit,yes,1,16962,05/2005,2010,no,16,2023,3,no,premium
3313,Mastercard,Debit,yes,2,17007,06/2006,2009,no,17,2007,19,yes,premium
3931,Mastercard,Debit,yes,1,43673,07/2010,2011,no,15,2021,5,no,premium
6133,Mastercard,Debit,yes,1,43973,12/2017,2017,no,9,2020,6,no,premium
4447,Mastercard,Debit,yes,1,28069,08/2015,2015,no,11,2018,8,no,premium
5149,Mastercard,Debit,yes,1,30366,10/2009,2009,no,17,2023,3,no,premium
2492,Visa,Debit,yes,2,1241,04/2005,2014,no,12,2020,6,yes,medium
2642,Mastercard,Debit (Prepaid),yes,1,70,04/2010,2010,no,16,2020,6,no,low
2204,Visa,Debit,yes,1,60610,03/2008,2008,no,18,2022,4,no,premium
4245,Mastercard,Debit,yes,1,50961,08/2008,2010,no,16,2022,4,no,premium
4437,Visa,Debit,yes,1,31896,08/2014,2014,no,12,2020,6,no,premium
5043,Amex,Credit,yes,1,30500,10/2006,2007,no,19,2013,13,no,premium
5593,Amex,Credit,yes,2,19300,11/2010,2010,no,16,2015,11,yes,premium
1018,Mastercard,Credit,yes,1,24600,02/2003,2013,no,13,2006,20,no,premium
2922,Amex,Credit,yes,1,15700,05/2007,2013,no,13,2016,10,no,premium
4941,Visa,Debit (Prepaid),yes,2,22,10/1999,2016,no,10,2022,4,yes,low
2071,Visa,Credit,yes,1,3100,03/2004,2011,no,15,2007,19,no,medium
3531,Visa,Debit,yes,1,42241,06/2011,2012,no,14,2019,7,no,premium
5767,Visa,Debit,yes,1,25497,12/2000,2012,no,14,2020,6,no,premium
1568,Mastercard,Debit,yes,1,28188,02/2020,2020,no,6,2020,6,no,premium
2099,Visa,Credit,no,2,14300,03/2005,2012,no,14,2020,6,yes,premium
548,Mastercard,Debit,yes,2,12035,01/2020,2020,no,6,2020,6,yes,premium
1569,Mastercard,Credit,yes,2,10800,02/2020,2020,no,6,2020,6,yes,premium
2762,Mastercard,Debit,no,1,16332,04/2016,2016,no,10,2020,6,no,premium
5172,Visa,Debit,yes,2,6724,10/2009,2011,no,15,2021,5,yes,high
3216,Mastercard,Debit,yes,2,20933,06/2000,2014,no,12,2023,3,yes,premium
2180,Mastercard,Debit,yes,1,25253,03/2008,2008,no,18,2020,6,no,premium
1284,Visa,Debit,yes,2,13202,02/2011,2011,no,15,2021,5,yes,premium
2342,Mastercard,Debit (Prepaid),yes,2,78,03/2015,2015,no,11,2020,6,yes,low
2879,Mastercard,Debit,yes,1,16441,05/2005,2008,no,18,2021,5,no,premium
549,Mastercard,Credit,yes,2,7200,01/2020,2020,no,6,2021,5,yes,high
4633,Mastercard,Debit,yes,1,8342,09/2007,2009,no,17,2023,3,no,high
550,Mastercard,Credit,yes,2,5700,01/2020,2020,no,6,2021,5,yes,high
2660,Visa,Credit,yes,1,14300,04/2010,2010,no,16,2020,6,no,premium
2720,Visa,Debit,no,1,17252,04/2013,2013,no,13,2024,2,no,premium
4713,Mastercard,Credit,yes,1,11900,09/2009,2012,no,14,2023,3,no,premium
4323,Mastercard,Debit,yes,1,10445,08/2010,2010,no,16,2022,4,no,premium
4324,Mastercard,Debit (Prepaid),yes,1,73,08/2010,2010,no,16,2011,15,no,low
4690,Visa,Debit,yes,1,17319,09/2008,2010,no,16,2022,4,no,premium
5728,Visa,Credit,yes,2,9400,11/2016,2016,no,10,2020,6,yes,high
3089,Discover,Credit,yes,2,8900,05/2011,2014,no,12,2015,11,yes,high
5525,Mastercard,Debit,yes,2,9324,11/2008,2009,no,17,2021,5,yes,high
3867,Visa,Debit,yes,2,8834,07/2008,2017,no,9,2024,2,yes,high
3001,Mastercard,Debit,yes,1,8304,05/2009,2013,no,13,2022,4,no,high
3444,Visa,Credit,yes,1,10900,06/2009,2009,no,17,2023,3,no,premium
982,Visa,Credit,yes,2,9300,02/2000,2006,no,20,2014,12,yes,high
3118,Mastercard,Debit,yes,1,10946,05/2012,2012,no,14,2012,14,no,premium
1570,Mastercard,Debit,yes,2,24576,02/2020,2020,no,6,2020,6,yes,premium
4650,Visa,Credit,yes,2,12500,09/2007,2013,no,13,2017,9,yes,premium
4246,Mastercard,Debit (Prepaid),yes,2,40,08/2008,2009,no,17,2024,2,yes,low
4325,Mastercard,Debit,yes,2,21408,08/2010,2015,no,11,2024,2,yes,premium
1029,Mastercard,Debit,no,1,9433,02/2004,2009,no,17,2020,6,no,high
3266,Amex,Credit,yes,2,7400,06/2004,2006,no,20,2020,6,yes,high
1571,Mastercard,Debit,yes,1,34858,02/2020,2020,no,6,2020,6,no,premium
1848,Visa,Debit,no,1,28147,02/2020,2020,no,6,2020,6,no,premium
551,Mastercard,Debit,yes,1,13857,01/2020,2020,no,6,2022,4,no,premium
1572,Mastercard,Debit,yes,2,10236,02/2020,2020,no,6,2021,5,yes,premium
3770,Mastercard,Credit,yes,1,15700,07/2006,2010,no,16,2024,2,no,premium
130,Mastercard,Debit,yes,2,25080,01/2007,2012,no,14,2021,5,yes,premium
2565,Mastercard,Debit,yes,2,31604,04/2008,2014,no,12,2012,14,yes,premium
4009,Mastercard,Credit,yes,2,5600,07/2013,2013,no,13,2015,11,yes,high
5698,Mastercard,Debit,yes,1,16220,11/2014,2014,no,12,2022,4,no,premium
3002,Mastercard,Debit,yes,1,44568,05/2009,2011,no,15,2021,5,no,premium
196,Mastercard,Credit,yes,2,12500,01/2009,2009,no,17,2012,14,yes,premium
4714,Mastercard,Credit,yes,2,12200,09/2009,2009,no,17,2015,11,yes,premium
1849,Visa,Debit,yes,2,27220,02/2020,2020,no,6,2021,5,yes,premium
1573,Mastercard,Debit,yes,2,14303,02/2020,2020,no,6,2024,2,yes,premium
3571,Visa,Debit,yes,2,10289,06/2013,2013,no,13,2020,6,yes,premium
1174,Mastercard,Debit,yes,2,10618,02/2009,2009,no,17,2019,7,yes,premium
3421,Mastercard,Debit,yes,2,10909,06/2009,2009,no,17,2010,16,yes,premium
1246,Visa,Debit,yes,2,31554,02/2010,2010,no,16,2023,3,yes,premium
807,Visa,Debit,yes,1,35148,01/2020,2020,no,6,2020,6,no,premium
3996,Mastercard,Debit,yes,2,35968,07/2012,2012,no,14,2020,6,yes,premium
3034,Amex,Credit,yes,1,30900,05/2010,2016,no,10,2022,4,no,premium
5308,Visa,Debit,yes,1,22122,10/2015,2015,no,11,2017,9,no,premium
4551,Mastercard,Debit,yes,1,21240,09/2004,2006,no,20,2023,3,no,premium
4865,Visa,Debit,yes,2,33181,09/2013,2013,no,13,2023,3,yes,premium
3401,Visa,Credit,yes,2,13900,06/2008,2008,no,18,2016,10,yes,premium
2773,Visa,Debit,yes,2,18316,04/2017,2017,no,9,2018,8,yes,premium
3615,Visa,Debit,yes,1,14858,06/2016,2016,no,10,2024,2,no,premium
5506,Visa,Debit,yes,1,21414,11/2007,2008,no,18,2022,4,no,premium
4758,Discover,Credit,yes,1,14900,09/2010,2010,no,16,2021,5,no,premium
3804,Mastercard,Debit,yes,1,12992,07/2007,2015,no,11,2020,6,no,premium
4247,Mastercard,Credit,yes,1,8300,08/2008,2013,no,13,2020,6,no,high
2057,Mastercard,Debit (Prepaid),yes,1,56,03/2004,2008,no,18,2011,15,no,low
2205,Visa,Debit,yes,2,5283,03/2008,2010,no,16,2023,3,yes,high
2077,Discover,Credit,yes,2,10600,03/2005,2008,no,18,2012,14,yes,premium
552,Mastercard,Debit,yes,1,5158,01/2020,2020,no,6,2023,3,no,high
4475,Visa,Debit,yes,1,30320,08/2018,2018,no,8,2021,5,no,premium
1143,Mastercard,Credit,yes,1,14200,02/2008,2011,no,15,2022,4,no,premium
2470,Visa,Debit,yes,1,28911,04/2004,2011,no,15,2021,5,no,premium
1574,Mastercard,Debit,yes,2,65185,02/2020,2020,no,6,2023,3,yes,premium
6141,Mastercard,Debit,yes,1,36570,12/2019,2019,no,7,2022,4,no,premium
5858,Mastercard,Debit,yes,1,14138,12/2006,2011,no,15,2006,20,no,premium
1850,Visa,Debit,yes,1,21752,02/2020,2020,no,6,2020,6,no,premium
808,Visa,Debit,yes,2,23137,01/2020,2020,no,6,2020,6,yes,premium
5469,Visa,Debit,yes,1,32808,11/2006,2012,no,14,2021,5,no,premium
553,Mastercard,Debit,no,1,29674,01/2020,2020,no,6,2020,6,no,premium
4993,Visa,Credit,yes,2,24300,10/2003,2007,no,19,2021,5,yes,premium
5393,Visa,Debit,yes,2,17280,11/2003,2014,no,12,2024,2,yes,premium
4340,Visa,Debit,yes,2,4660,08/2010,2013,no,13,2022,4,yes,medium
159,Mastercard,Debit,yes,2,12557,01/2008,2013,no,13,2011,15,yes,premium
5703,Visa,Debit,yes,2,49425,11/2014,2014,no,12,2024,2,yes,premium
4010,Mastercard,Debit,yes,1,47330,07/2013,2013,no,13,2024,2,no,premium
3997,Mastercard,Debit,yes,2,50774,07/2012,2012,no,14,2020,6,yes,premium
2168,Amex,Credit,yes,1,22800,03/2008,2008,no,18,2022,4,no,premium
5387,Mastercard,Debit,yes,2,75640,11/2003,2009,no,17,2009,17,yes,premium
2945,Visa,Debit,yes,1,65540,05/2007,2012,no,14,2024,2,no,premium
1851,Visa,Debit,yes,2,16998,02/2020,2020,no,6,2023,3,yes,premium
809,Visa,Credit,yes,2,12300,01/2020,2020,no,6,2023,3,yes,premium
1852,Visa,Credit,no,1,17100,02/2020,2020,no,6,2021,5,no,premium
226,Mastercard,Debit,yes,2,23039,01/2010,2010,no,16,2020,6,yes,premium
298,Mastercard,Debit,yes,1,17795,01/2012,2012,no,14,2023,3,no,premium
2217,Mastercard,Credit,yes,2,9000,03/2009,2011,no,15,2022,4,yes,high
5507,Visa,Debit,yes,1,14424,11/2007,2010,no,16,2008,18,no,premium
3905,Visa,Credit,yes,2,5700,07/2009,2011,no,15,2022,4,yes,high
4024,Mastercard,Debit,no,1,14626,07/2014,2014,no,12,2014,12,no,premium
1306,Visa,Credit,yes,1,200,02/2012,2012,no,14,2023,3,no,low
5883,Mastercard,Debit,yes,1,282,12/2007,2009,no,17,2021,5,no,low
2086,Mastercard,Debit,yes,2,350,03/2005,2011,no,15,2019,7,yes,low
4771,Mastercard,Debit,no,2,42537,09/2010,2010,no,16,2020,6,yes,premium
5508,Visa,Debit,yes,1,21073,11/2007,2011,no,15,2021,5,no,premium
1404,Amex,Credit,yes,1,14600,02/2020,2020,no,6,2022,4,no,premium
1575,Mastercard,Debit,yes,2,10722,02/2020,2020,no,6,2024,2,yes,premium
1853,Visa,Debit,no,2,27618,02/2020,2020,no,6,2024,2,yes,premium
4809,Mastercard,Debit,yes,1,27180,09/2011,2011,no,15,2020,6,no,premium
554,Mastercard,Debit,yes,2,10522,01/2020,2020,no,6,2020,6,yes,premium
5379,Mastercard,Debit,no,2,18555,11/2002,2011,no,15,2020,6,yes,premium
3998,Mastercard,Debit,no,1,16746,07/2012,2012,no,14,2020,6,no,premium
4850,Mastercard,Debit,yes,1,15974,09/2013,2013,no,13,2018,8,no,premium
2964,Mastercard,Debit,yes,2,17417,05/2008,2009,no,17,2024,2,yes,premium
1854,Visa,Debit,yes,2,519,02/2020,2020,no,6,2022,4,yes,low
5831,Mastercard,Credit,yes,1,11500,12/2005,2013,no,13,2009,17,no,premium
3950,Visa,Credit,yes,1,10100,07/2010,2011,no,15,2022,4,no,premium
5192,Mastercard,Debit,yes,2,26174,10/2010,2011,no,15,2014,12,yes,premium
2027,Visa,Credit,yes,2,16400,03/2001,2011,no,15,2024,2,yes,premium
1855,Visa,Credit,yes,1,8000,02/2020,2020,no,6,2020,6,no,high
810,Visa,Credit,yes,2,9800,01/2020,2020,no,6,2021,5,yes,high
1354,Mastercard,Debit,yes,1,24645,02/2015,2015,no,11,2021,5,no,premium
6139,Visa,Debit,yes,2,14805,12/2018,2018,no,8,2018,8,yes,premium
4618,Visa,Credit,no,1,3100,09/2006,2006,no,20,2019,7,no,medium
2483,Mastercard,Debit,yes,2,6710,04/2005,2013,no,13,2024,2,yes,high
3236,Mastercard,Debit,yes,2,7176,06/2002,2012,no,14,2018,8,yes,high
2050,Visa,Credit,yes,2,8000,03/2003,2008,no,18,2021,5,yes,high
2021,Mastercard,Debit (Prepaid),yes,2,64,03/2001,2006,no,20,2024,2,yes,low
3906,Visa,Credit,yes,2,16400,07/2009,2009,no,17,2022,4,yes,premium
4669,Mastercard,Debit,yes,2,2536,09/2008,2008,no,18,2022,4,yes,medium
1175,Mastercard,Debit,yes,1,30403,02/2009,2014,no,12,2023,3,no,premium
4602,Mastercard,Debit,no,1,32636,09/2006,2016,no,10,2024,2,no,premium
3003,Mastercard,Debit,yes,2,2536,05/2009,2009,no,17,2020,6,yes,medium
3176,Mastercard,Debit,yes,2,23072,05/2016,2016,no,10,2020,6,yes,premium
5699,Mastercard,Debit,yes,1,20881,11/2014,2014,no,12,2022,4,no,premium
3017,Visa,Debit,yes,1,12325,05/2009,2009,no,17,2021,5,no,premium
61,Visa,Debit (Prepaid),yes,1,47,01/2004,2013,no,13,2022,4,no,low
2946,Visa,Debit,yes,2,3433,05/2007,2007,no,19,2020,6,yes,medium
3306,Visa,Credit,yes,1,16900,06/2005,2014,no,12,2024,2,no,premium
5032,Visa,Debit (Prepaid),yes,2,31,10/2005,2013,no,13,2021,5,yes,low
5944,Visa,Credit,yes,2,17700,12/2008,2011,no,15,2024,2,yes,premium
5288,Mastercard,Debit,no,1,23995,10/2014,2014,no,12,2016,10,no,premium
3079,Visa,Credit,yes,1,16900,05/2010,2010,no,16,2024,2,no,premium
5668,Mastercard,Debit (Prepaid),no,1,60,11/2012,2012,no,14,2013,13,no,low
811,Visa,Credit,yes,1,7000,01/2020,2020,no,6,2023,3,no,high
555,Mastercard,Debit,yes,2,7139,01/2020,2020,no,6,2023,3,yes,high
3965,Discover,Credit,yes,2,5200,07/2011,2011,no,15,2024,2,yes,high
556,Mastercard,Debit,yes,1,10199,01/2020,2020,no,6,2021,5,no,premium
4715,Mastercard,Credit,yes,1,9800,09/2009,2009,no,17,2024,2,no,high
5604,Mastercard,Debit,yes,2,21417,11/2010,2010,no,16,2021,5,yes,premium
3093,Mastercard,Credit,yes,1,14600,05/2011,2018,no,8,2023,3,no,premium
4378,Visa,Debit,no,2,23898,08/2011,2011,no,15,2023,3,yes,premium
3347,Mastercard,Credit,yes,2,18200,06/2007,2008,no,18,2007,19,yes,premium
3052,Mastercard,Debit,yes,2,16034,05/2010,2010,no,16,2022,4,yes,premium
2058,Mastercard,Debit,yes,2,24775,03/2004,2010,no,16,2022,4,yes,premium
4942,Mastercard,Debit,yes,2,1976,10/2000,2008,no,18,2022,4,yes,medium
557,Mastercard,Credit,yes,2,15900,01/2020,2020,no,6,2024,2,yes,premium
1247,Visa,Debit,yes,2,27623,02/2010,2018,no,8,2020,6,yes,premium
1576,Mastercard,Debit,yes,1,17584,02/2020,2020,no,6,2021,5,no,premium
2717,Mastercard,Debit,yes,1,56640,04/2013,2013,no,13,2018,8,no,premium
1856,Visa,Debit,yes,1,39553,02/2020,2020,no,6,2022,4,no,premium
812,Visa,Debit,yes,2,42218,01/2020,2020,no,6,2022,4,yes,premium
4834,Mastercard,Credit,yes,1,21900,09/2012,2012,no,14,2021,5,no,premium
5912,Visa,Credit,yes,2,18700,12/2007,2009,no,17,2014,12,yes,premium
2810,Visa,Credit,yes,2,29200,05/2000,2010,no,16,2021,5,yes,premium
3730,Discover,Credit,yes,1,26600,07/2005,2009,no,17,2024,2,no,premium
111,Visa,Debit,yes,2,17280,01/2006,2012,no,14,2021,5,yes,premium
5060,Visa,Debit,yes,1,14761,10/2006,2011,no,15,2020,6,no,premium
335,Visa,Debit,yes,1,15158,01/2014,2014,no,12,2022,4,no,premium
4691,Visa,Debit,yes,1,16464,09/2008,2009,no,17,2021,5,no,premium
5461,Mastercard,Debit,yes,2,19100,11/2006,2007,no,19,2017,9,yes,premium
5669,Mastercard,Debit,yes,1,19332,11/2012,2012,no,14,2022,4,no,premium
5150,Mastercard,Debit,yes,2,39431,10/2009,2016,no,10,2020,6,yes,premium
4634,Mastercard,Credit,no,1,9800,09/2007,2015,no,11,2024,2,no,high
5884,Mastercard,Debit,yes,1,1866,12/2007,2014,no,12,2020,6,no,medium
6055,Visa,Debit (Prepaid),yes,1,64,12/2011,2011,no,15,2024,2,no,low
4159,Mastercard,Credit,yes,2,9600,08/2005,2013,no,13,2021,5,yes,high
2231,Visa,Debit,yes,1,10000,03/2009,2012,no,14,2023,3,no,premium
4126,Discover,Credit,yes,1,7600,08/2004,2011,no,15,2021,5,no,high
998,Mastercard,Debit (Prepaid),yes,2,44,02/2002,2012,no,14,2024,2,yes,low
4228,Visa,Debit,yes,1,12519,08/2007,2009,no,17,2020,6,no,premium
2857,Mastercard,Debit,yes,1,4067,05/2004,2020,no,6,2010,16,no,medium
1248,Visa,Debit,yes,2,367,02/2010,2015,no,11,2016,10,yes,low
1315,Mastercard,Credit,yes,2,9400,02/2013,2013,no,13,2017,9,yes,high
558,Mastercard,Debit,yes,1,15579,01/2020,2020,no,6,2022,4,no,premium
4975,Visa,Credit,yes,1,11500,10/2002,2009,no,17,2006,20,no,premium
5642,Discover,Credit,no,2,9500,11/2011,2011,no,15,2021,5,yes,high
1125,Visa,Debit,yes,1,13356,02/2007,2007,no,19,2023,3,no,premium
2451,Visa,Debit,yes,1,16385,04/2003,2011,no,15,2020,6,no,premium
320,Visa,Credit,yes,2,12500,01/2013,2013,no,13,2023,3,yes,premium
4284,Amex,Credit,yes,1,13700,08/2009,2013,no,13,2017,9,no,premium
5114,Mastercard,Debit,yes,1,37303,10/2008,2011,no,15,2021,5,no,premium
2493,Visa,Credit,yes,1,16900,04/2005,2014,no,12,2015,11,no,premium
3844,Mastercard,Debit,yes,2,33723,07/2008,2010,no,16,2020,6,yes,premium
4034,Discover,Credit,yes,2,14600,07/2015,2015,no,11,2022,4,yes,premium
2218,Mastercard,Debit,yes,1,38084,03/2009,2010,no,16,2022,4,no,premium
5845,Visa,Credit,yes,2,22300,12/2005,2014,no,12,2021,5,yes,premium
5406,Mastercard,Debit,yes,2,62760,11/2004,2010,no,16,2024,2,yes,premium
3422,Mastercard,Debit (Prepaid),yes,1,62,06/2009,2009,no,17,2022,4,no,low
5913,Visa,Debit (Prepaid),yes,1,76,12/2007,2011,no,15,2023,3,no,low
2045,Mastercard,Debit,yes,1,98334,03/2003,2007,no,19,2014,12,no,premium
3289,Mastercard,Debit,yes,2,141391,06/2005,2005,no,21,2021,5,yes,premium
2006,Visa,Debit,yes,1,78790,03/1997,2011,no,15,2022,4,no,premium
3384,Mastercard,Debit,no,2,15292,06/2008,2011,no,15,2024,2,yes,premium
1144,Mastercard,Debit,yes,3,11696,02/2008,2015,no,11,2012,14,yes,premium
1405,Amex,Credit,yes,2,11400,02/2020,2020,no,6,2024,2,yes,premium
1577,Mastercard,Debit (Prepaid),yes,2,0,02/2020,2020,no,6,2020,6,yes,low
6028,Visa,Debit,yes,2,10198,12/2010,2013,no,13,2024,2,yes,premium
6091,Visa,Credit,yes,1,1800,12/2013,2013,no,13,2021,5,no,medium
6001,Mastercard,Debit,yes,1,5716,12/2010,2020,no,6,2021,5,no,high
2852,Discover,Credit,yes,3,22400,05/2004,2015,no,11,2020,6,yes,premium
2505,Mastercard,Debit,yes,2,16872,04/2006,2010,no,16,2021,5,yes,premium
5775,Visa,Debit,yes,2,7202,12/2001,2016,no,10,2018,8,yes,high
1578,Mastercard,Debit,yes,1,15516,02/2020,2020,no,6,2022,4,no,premium
1579,Mastercard,Debit,yes,1,18462,02/2020,2020,no,6,2021,5,no,premium
5019,Discover,Credit,yes,1,7800,10/2005,2008,no,18,2023,3,no,high
347,Mastercard,Debit (Prepaid),yes,2,64,01/2015,2015,no,11,2022,4,yes,low
3373,Amex,Credit,yes,2,15400,06/2008,2015,no,11,2023,3,yes,premium
4987,Mastercard,Debit (Prepaid),yes,1,12,10/2003,2012,no,14,2012,14,no,low
1580,Mastercard,Credit,yes,1,5900,02/2020,2020,no,6,2024,2,no,high
3094,Mastercard,Credit,yes,1,7900,05/2011,2011,no,15,2020,6,no,high
1581,Mastercard,Debit (Prepaid),no,1,83,02/2020,2020,no,6,2022,4,no,low
1582,Mastercard,Credit,yes,2,6200,02/2020,2020,no,6,2024,2,yes,high
4326,Mastercard,Debit,yes,2,2072,08/2010,2010,no,16,2022,4,yes,medium
3472,Mastercard,Debit,yes,2,10224,06/2010,2016,no,10,2024,2,yes,premium
5214,Visa,Debit (Prepaid),yes,2,49,10/2010,2010,no,16,2019,7,yes,low
2661,Visa,Credit,yes,1,7700,04/2010,2010,no,16,2022,4,no,high
2506,Mastercard,Debit,yes,1,16266,04/2006,2007,no,19,2023,3,no,premium
2143,Mastercard,Debit (Prepaid),yes,2,9,03/2007,2015,no,11,2015,11,yes,low
2260,Visa,Debit,yes,2,5141,03/2010,2010,no,16,2021,5,yes,high
385,Visa,Credit,yes,1,5800,01/2019,2019,no,7,2022,4,no,high
1583,Mastercard,Debit,yes,2,1990,02/2020,2020,no,6,2024,2,yes,medium
5002,Amex,Credit,yes,1,13900,10/2004,2010,no,16,2010,16,no,premium
2833,Visa,Credit,yes,2,19700,05/2002,2011,no,15,2022,4,yes,premium
5870,Visa,Debit,yes,2,29740,12/2006,2011,no,15,2020,6,yes,premium
963,Visa,Debit,yes,2,30039,02/1998,2010,no,16,2023,3,yes,premium
2693,Mastercard,Credit,yes,1,16800,04/2012,2012,no,14,2020,6,no,premium
6056,Visa,Debit,yes,1,17010,12/2011,2011,no,15,2021,5,no,premium
5805,Discover,Credit,yes,2,22800,12/2004,2016,no,10,2014,12,yes,premium
3138,Visa,Debit,yes,1,21086,05/2013,2013,no,13,2022,4,no,premium
3580,Mastercard,Debit,yes,1,14531,06/2014,2014,no,12,2015,11,no,premium
4896,Mastercard,Credit,no,2,8900,09/2016,2016,no,10,2024,2,yes,high
3445,Visa,Credit,yes,1,10000,06/2009,2016,no,10,2013,13,no,premium
5234,Mastercard,Debit,yes,1,14227,10/2011,2012,no,14,2022,4,no,premium
5595,Discover,Credit,yes,2,11200,11/2010,2010,no,16,2021,5,yes,premium
2522,Amex,Credit,yes,1,9500,04/2007,2010,no,16,2020,6,no,high
813,Visa,Credit,yes,1,5200,01/2020,2020,no,6,2020,6,no,high
1393,Visa,Debit (Prepaid),yes,1,111,02/2019,2019,no,7,2019,7,no,low
5964,Mastercard,Debit,yes,1,14532,12/2009,2020,no,6,2021,5,no,premium
5079,Mastercard,Debit,yes,1,30044,10/2007,2011,no,15,2024,2,no,premium
559,Mastercard,Debit,yes,2,21749,01/2020,2020,no,6,2021,5,yes,premium
1406,Amex,Credit,yes,2,15800,02/2020,2020,no,6,2020,6,yes,premium
560,Mastercard,Debit (Prepaid),yes,2,22,01/2020,2020,no,6,2022,4,yes,low
428,Discover,Credit,yes,1,14300,01/2020,2020,no,6,2020,6,no,premium
5780,Mastercard,Debit,yes,1,14270,12/2002,2014,no,12,2024,2,no,premium
5885,Mastercard,Debit,yes,2,23189,12/2007,2008,no,18,2011,15,yes,premium
2382,Mastercard,Debit,yes,1,20612,03/2019,2019,no,7,2021,5,no,premium
1584,Mastercard,Debit,yes,2,22424,02/2020,2020,no,6,2021,5,yes,premium
5338,Mastercard,Debit,yes,1,17748,10/2019,2019,no,7,2019,7,no,premium
4248,Mastercard,Debit,yes,1,3039,08/2008,2008,no,18,2022,4,no,medium
2898,Mastercard,Debit,yes,1,39751,05/2006,2007,no,19,2020,6,no,premium
6107,Mastercard,Debit,yes,1,27876,12/2015,2015,no,11,2015,11,no,premium
4202,Mastercard,Debit,yes,2,21743,08/2007,2007,no,19,2023,3,yes,premium
4897,Mastercard,Debit,yes,2,21120,09/2016,2016,no,10,2023,3,yes,premium
3932,Mastercard,Debit,yes,1,29828,07/2010,2011,no,15,2020,6,no,premium
1585,Mastercard,Debit,no,1,9740,02/2020,2020,no,6,2021,5,no,high
2104,Discover,Credit,yes,2,14600,03/2006,2014,no,12,2007,19,yes,premium
2875,Amex,Credit,yes,2,1400,05/2005,2009,no,17,2023,3,yes,medium
1339,Mastercard,Debit,yes,1,18552,02/2014,2014,no,12,2014,12,no,premium
3970,Mastercard,Debit,yes,2,14624,07/2011,2015,no,11,2020,6,yes,premium
3160,Amex,Credit,yes,2,2600,05/2015,2015,no,11,2022,4,yes,medium
1857,Visa,Debit (Prepaid),yes,3,84,02/2020,2020,no,6,2022,4,yes,low
3181,Visa,Debit,no,1,9915,05/2016,2016,no,10,2020,6,no,high
2002,Mastercard,Debit,yes,2,9094,03/1993,2011,no,15,2021,5,yes,high
140,Visa,Debit,yes,1,16513,01/2007,2011,no,15,2020,6,no,premium
1445,Discover,Credit,yes,1,8700,02/2020,2020,no,6,2020,6,no,high
1586,Mastercard,Debit,yes,1,19952,02/2020,2020,no,6,2021,5,no,premium
814,Visa,Debit,yes,1,17804,01/2020,2020,no,6,2022,4,no,premium
561,Mastercard,Debit,yes,1,33150,01/2020,2020,no,6,2023,3,no,premium
1587,Mastercard,Debit (Prepaid),no,1,57,02/2020,2020,no,6,2020,6,no,low
5235,Mastercard,Debit (Prepaid),yes,1,55,10/2011,2011,no,15,2022,4,no,low
1588,Mastercard,Debit,yes,2,8668,02/2020,2020,no,6,2020,6,yes,high
1589,Mastercard,Credit,yes,2,10200,02/2020,2020,no,6,2020,6,yes,premium
5859,Mastercard,Debit,yes,1,48344,12/2006,2006,no,20,2020,6,no,premium
3105,Visa,Debit,yes,2,25020,05/2011,2011,no,15,2020,6,yes,premium
354,Mastercard,Debit,yes,1,19573,01/2016,2016,no,10,2023,3,no,premium
5799,Visa,Credit,no,2,16500,12/2003,2011,no,15,2022,4,yes,premium
1135,Amex,Credit,yes,1,11000,02/2008,2010,no,16,2022,4,no,premium
5753,Discover,Credit,yes,2,10200,12/1997,2011,no,15,2022,4,yes,premium
3722,Visa,Credit,yes,2,12800,07/2004,2006,no,20,2020,6,yes,premium
4716,Mastercard,Debit,yes,2,14029,09/2009,2010,no,16,2022,4,yes,premium
2899,Mastercard,Debit,yes,2,11641,05/2006,2010,no,16,2022,4,yes,premium
562,Mastercard,Debit,yes,1,15568,01/2020,2020,no,6,2020,6,no,premium
4027,Visa,Debit,yes,1,19746,07/2014,2014,no,12,2022,4,no,premium
1307,Visa,Debit,no,1,17682,02/2012,2012,no,14,2020,6,no,premium
815,Visa,Debit,yes,1,19893,01/2020,2020,no,6,2021,5,no,premium
1858,Visa,Debit (Prepaid),yes,2,69,02/2020,2020,no,6,2024,2,yes,low
1590,Mastercard,Debit,yes,2,21800,02/2020,2020,no,6,2024,2,yes,premium
1859,Visa,Debit,yes,2,24759,02/2020,2020,no,6,2023,3,yes,premium
816,Visa,Debit,yes,2,644,01/2020,2020,no,6,2023,3,yes,low
817,Visa,Credit,yes,2,6100,01/2020,2020,no,6,2021,5,yes,high
4060,Visa,Credit,no,2,4400,07/2017,2017,no,9,2023,3,yes,medium
4095,Visa,Debit,yes,1,34886,08/1999,2010,no,16,1999,27,no,premium
350,Visa,Debit,yes,1,20779,01/2015,2015,no,11,2021,5,no,premium
818,Visa,Debit,yes,2,32922,01/2020,2020,no,6,2020,6,yes,premium
3127,Visa,Debit,yes,2,42491,05/2012,2012,no,14,2019,7,yes,premium
4391,Mastercard,Debit,yes,1,24550,08/2012,2012,no,14,2023,3,no,premium
2839,Mastercard,Debit,yes,1,36309,05/2003,2006,no,20,2023,3,no,premium
5339,Mastercard,Debit,yes,2,27817,10/2019,2019,no,7,2023,3,yes,premium
5428,Mastercard,Debit,yes,1,28912,11/2005,2012,no,14,2021,5,no,premium
429,Discover,Credit,yes,2,4500,01/2020,2020,no,6,2020,6,yes,medium
819,Visa,Credit,yes,1,17500,01/2020,2020,no,6,2023,3,no,premium
820,Visa,Credit,yes,1,19100,01/2020,2020,no,6,2023,3,no,premium
398,Amex,Credit,yes,1,15100,01/2020,2020,no,6,2020,6,no,premium
4968,Mastercard,Debit (Prepaid),yes,1,66,10/2002,2011,no,15,2019,7,no,low
5556,Amex,Credit,yes,2,13000,11/2009,2009,no,17,2024,2,yes,premium
2129,Visa,Debit,yes,2,20428,03/2006,2009,no,17,2021,5,yes,premium
5803,Amex,Credit,yes,2,8600,12/2004,2009,no,17,2021,5,yes,high
1860,Visa,Debit,yes,1,7225,02/2020,2020,no,6,2021,5,no,high
1591,Mastercard,Debit (Prepaid),yes,2,104,02/2020,2020,no,6,2022,4,yes,low
1340,Mastercard,Debit,yes,1,27762,02/2014,2014,no,12,2021,5,no,premium
1861,Visa,Credit,no,1,9300,02/2020,2020,no,6,2020,6,no,high
4076,Mastercard,Debit (Prepaid),yes,2,104,07/2019,2019,no,7,2020,6,yes,low
4461,Mastercard,Debit,yes,1,16102,08/2017,2017,no,9,2019,7,no,premium
5298,Visa,Debit,yes,1,14995,10/2014,2014,no,12,2024,2,no,premium
5526,Mastercard,Debit,no,1,20998,11/2008,2008,no,18,2011,15,no,premium
1592,Mastercard,Debit,yes,2,17846,02/2020,2020,no,6,2020,6,yes,premium
2751,Visa,Credit,yes,2,6100,04/2015,2015,no,11,2021,5,yes,high
821,Visa,Debit,yes,2,22077,01/2020,2020,no,6,2021,5,yes,premium
4489,Mastercard,Credit,yes,1,6900,09/1995,2009,no,17,2021,5,no,high
5236,Mastercard,Debit,yes,1,11679,10/2011,2011,no,15,2016,10,no,premium
2494,Visa,Credit,yes,1,10100,04/2005,2013,no,13,2024,2,no,premium
822,Visa,Credit,yes,1,13400,01/2020,2020,no,6,2020,6,no,premium
4772,Mastercard,Debit,yes,1,21792,09/2010,2013,no,13,2023,3,no,premium
563,Mastercard,Debit,no,2,18856,01/2020,2020,no,6,2021,5,yes,premium
3630,Mastercard,Debit (Prepaid),yes,1,77,06/2018,2018,no,8,2021,5,no,low
2531,Mastercard,Debit,no,1,33557,04/2007,2013,no,13,2023,3,no,premium
564,Mastercard,Debit (Prepaid),no,1,19,01/2020,2020,no,6,2022,4,no,low
6068,Mastercard,Debit,yes,1,18784,12/2012,2012,no,14,2023,3,no,premium
2604,Mastercard,Debit,yes,1,16668,04/2009,2009,no,17,2021,5,no,premium
4796,Visa,Credit,yes,1,10300,09/2010,2010,no,16,2022,4,no,premium
5215,Visa,Debit,yes,2,12460,10/2010,2010,no,16,2017,9,yes,premium
2780,Mastercard,Debit (Prepaid),yes,1,78,04/2018,2018,no,8,2019,7,no,low
2900,Mastercard,Credit,yes,3,9200,05/2006,2009,no,17,2021,5,yes,high
2311,Mastercard,Debit,no,2,21166,03/2013,2013,no,13,2018,8,yes,premium
3771,Mastercard,Debit (Prepaid),yes,1,61,07/2006,2011,no,15,2020,6,no,low
1862,Visa,Credit,yes,2,7600,02/2020,2020,no,6,2022,4,yes,high
1863,Visa,Credit,yes,2,1100,02/2020,2020,no,6,2022,4,yes,medium
565,Mastercard,Debit,yes,1,20576,01/2020,2020,no,6,2021,5,no,premium
5723,Mastercard,Debit,yes,1,13254,11/2016,2016,no,10,2022,4,no,premium
1366,Mastercard,Debit,yes,2,12887,02/2016,2016,no,10,2023,3,yes,premium
1367,Mastercard,Credit,yes,2,26800,02/2016,2016,no,10,2018,8,yes,premium
4851,Mastercard,Debit,no,1,62861,09/2013,2013,no,13,2023,3,no,premium
1285,Visa,Debit,no,1,61399,02/2011,2011,no,15,2015,11,no,premium
2880,Mastercard,Debit,yes,2,1513,05/2005,2008,no,18,2013,13,yes,medium
4950,Mastercard,Debit,yes,2,14767,10/2001,2012,no,14,2020,6,yes,premium
2706,Visa,Debit,yes,1,23781,04/2012,2012,no,14,2022,4,no,premium
2589,Visa,Debit,yes,1,26891,04/2008,2010,no,16,2008,18,no,premium
6129,Visa,Debit,yes,1,32285,12/2016,2016,no,10,2018,8,no,premium
6076,Visa,Debit,yes,1,30650,12/2012,2012,no,14,2021,5,no,premium
30,Visa,Credit,yes,2,14200,01/2002,2006,no,20,2022,4,yes,premium
4852,Mastercard,Debit,yes,1,17612,09/2013,2013,no,13,2024,2,no,premium
5429,Mastercard,Credit,yes,2,12200,11/2005,2020,no,6,2020,6,yes,premium
823,Visa,Debit,no,1,33306,01/2020,2020,no,6,2020,6,no,premium
1864,Visa,Debit,yes,1,14149,02/2020,2020,no,6,2020,6,no,premium
1341,Mastercard,Debit,yes,1,429,02/2014,2014,no,12,2018,8,no,low
5006,Mastercard,Credit,yes,2,100,10/2004,2004,no,22,2024,2,yes,low
2983,Visa,Debit,yes,2,495,05/2008,2010,no,16,2022,4,yes,low
5279,Visa,Debit,yes,2,18395,10/2013,2013,no,13,2020,6,yes,premium
5605,Mastercard,Debit,yes,1,21808,11/2010,2010,no,16,2024,2,no,premium
3132,Mastercard,Debit,yes,1,39192,05/2013,2013,no,13,2018,8,no,premium
3251,Mastercard,Debit,yes,2,14100,06/2003,2010,no,16,2012,14,yes,premium
2312,Mastercard,Debit,yes,1,15771,03/2013,2013,no,13,2021,5,no,premium
3018,Visa,Debit,yes,2,8845,05/2009,2010,no,16,2021,5,yes,high
1865,Visa,Credit,no,2,10000,02/2020,2020,no,6,2024,2,yes,premium
824,Visa,Credit,yes,2,4000,01/2020,2020,no,6,2020,6,yes,medium
4028,Visa,Debit,yes,2,27832,07/2014,2014,no,12,2021,5,yes,premium
3832,Amex,Credit,yes,1,9200,07/2008,2011,no,15,2024,2,no,high
4356,Amex,Credit,yes,2,2000,08/2011,2011,no,15,2022,4,yes,medium
5237,Mastercard,Debit,no,1,24546,10/2011,2011,no,15,2021,5,no,premium
566,Mastercard,Credit,yes,1,10400,01/2020,2020,no,6,2024,2,no,premium
2368,Visa,Credit,yes,2,1900,03/2017,2017,no,9,2020,6,yes,medium
825,Visa,Debit,yes,1,1862,01/2020,2020,no,6,2020,6,no,medium
4327,Mastercard,Debit (Prepaid),no,1,80,08/2010,2010,no,16,2023,3,no,low
2157,Visa,Debit (Prepaid),yes,1,65,03/2007,2010,no,16,2022,4,no,low
4835,Mastercard,Debit (Prepaid),no,1,62,09/2012,2012,no,14,2023,3,no,low
3597,Visa,Debit,yes,2,13515,06/2015,2015,no,11,2023,3,yes,premium
3787,Visa,Debit,yes,1,6138,07/2006,2016,no,10,2021,5,no,high
5380,Mastercard,Debit,yes,2,8048,11/2002,2013,no,13,2020,6,yes,high
4122,Visa,Debit,yes,2,2898,08/2003,2008,no,18,2022,4,yes,medium
6002,Mastercard,Debit,yes,1,9,12/2010,2013,no,13,2021,5,no,low
2219,Mastercard,Debit,yes,2,4260,03/2009,2012,no,14,2024,2,yes,medium
5450,Amex,Credit,yes,2,10100,11/2006,2010,no,16,2023,3,yes,premium
3423,Mastercard,Debit,yes,2,17471,06/2009,2012,no,14,2017,9,yes,premium
2144,Mastercard,Debit,yes,1,14054,03/2007,2015,no,11,2019,7,no,premium
4288,Discover,Credit,no,1,7600,08/2009,2009,no,17,2024,2,no,high
5851,Discover,Credit,yes,1,17400,12/2006,2009,no,17,2021,5,no,premium
5585,Visa,Debit,yes,1,10077,11/2009,2009,no,17,2020,6,no,premium
2376,Visa,Debit,no,2,10702,03/2018,2018,no,8,2024,2,yes,premium
988,Mastercard,Credit,yes,1,10600,02/2001,2010,no,16,2021,5,no,premium
1086,Mastercard,Debit,yes,1,9180,02/2006,2020,no,6,2017,9,no,high
4692,Visa,Debit,yes,1,20074,09/2008,2011,no,15,2016,10,no,premium
3473,Mastercard,Debit,no,2,33746,06/2010,2010,no,16,2021,5,yes,premium
2372,Mastercard,Debit,no,1,37722,03/2018,2018,no,8,2023,3,no,premium
1355,Mastercard,Credit,yes,2,6100,02/2015,2015,no,11,2022,4,yes,high
2287,Visa,Debit,yes,1,21952,03/2011,2011,no,15,2013,13,no,premium
2549,Visa,Debit,yes,1,18217,04/2007,2008,no,18,2020,6,no,premium
3119,Mastercard,Debit,yes,1,16565,05/2012,2012,no,14,2017,9,no,premium
2116,Mastercard,Debit (Prepaid),yes,2,81,03/2006,2018,no,8,2021,5,yes,low
246,Visa,Debit (Prepaid),yes,2,11,01/2010,2010,no,16,2022,4,yes,low
5781,Mastercard,Debit,yes,2,0,12/2002,2009,no,17,2024,2,yes,low
6086,Mastercard,Debit (Prepaid),yes,1,57,12/2013,2013,no,13,2015,11,no,low
5700,Mastercard,Debit,yes,1,24274,11/2014,2014,no,12,2024,2,no,premium
4249,Mastercard,Debit,yes,1,33166,08/2008,2009,no,17,2021,5,no,premium
1866,Visa,Debit,yes,1,21820,02/2020,2020,no,6,2024,2,no,premium
4451,Visa,Debit,yes,2,19264,08/2015,2015,no,11,2020,6,yes,premium
1867,Visa,Debit (Prepaid),yes,1,77,02/2020,2020,no,6,2020,6,no,low
4250,Mastercard,Debit,yes,1,26136,08/2008,2009,no,17,2021,5,no,premium
6102,Mastercard,Debit,yes,1,27771,12/2014,2014,no,12,2024,2,no,premium
2947,Visa,Debit,yes,1,17117,05/2007,2010,no,16,2021,5,no,premium
5301,Amex,Credit,yes,2,5400,10/2015,2015,no,11,2024,2,yes,high
567,Mastercard,Debit,yes,1,674,01/2020,2020,no,6,2021,5,no,low
4910,Mastercard,Debit (Prepaid),yes,1,58,09/2017,2017,no,9,2023,3,no,low
2334,Visa,Debit,yes,2,15851,03/2014,2014,no,12,2021,5,yes,premium
2288,Visa,Credit,yes,1,11000,03/2011,2015,no,11,2017,9,no,premium
4773,Mastercard,Debit,yes,2,16377,09/2010,2013,no,13,2022,4,yes,premium
5115,Mastercard,Debit,no,2,19127,10/2008,2012,no,14,2024,2,yes,premium
2662,Visa,Credit,yes,1,9200,04/2010,2013,no,13,2024,2,no,high
2181,Mastercard,Debit,yes,2,5553,03/2008,2015,no,11,2020,6,yes,high
5931,Mastercard,Debit (Prepaid),yes,1,75,12/2008,2008,no,18,2021,5,no,low
5360,Visa,Credit,yes,1,7900,11/1999,2005,no,21,2003,23,no,high
1868,Visa,Debit,yes,1,19250,02/2020,2020,no,6,2020,6,no,premium
1869,Visa,Debit (Prepaid),yes,2,96,02/2020,2020,no,6,2020,6,yes,low
1593,Mastercard,Debit,yes,2,5895,02/2020,2020,no,6,2020,6,yes,high
1594,Mastercard,Debit,yes,1,18891,02/2020,2020,no,6,2021,5,no,premium
399,Amex,Credit,yes,2,1700,01/2020,2020,no,6,2024,2,yes,medium
1595,Mastercard,Credit,yes,2,12700,02/2020,2020,no,6,2024,2,yes,premium
355,Mastercard,Debit,yes,1,14892,01/2016,2016,no,10,2020,6,no,premium
4561,Visa,Credit,yes,1,8500,09/2004,2011,no,15,2023,3,no,high
4774,Mastercard,Credit,yes,1,8500,09/2010,2011,no,15,2021,5,no,high
4693,Visa,Credit,no,2,7400,09/2008,2011,no,15,2020,6,yes,high
568,Mastercard,Debit,no,2,18048,01/2020,2020,no,6,2024,2,yes,premium
1870,Visa,Credit,yes,1,12500,02/2020,2020,no,6,2022,4,no,premium
826,Visa,Debit,yes,2,12838,01/2020,2020,no,6,2024,2,yes,premium
3281,Visa,Debit,yes,1,14725,06/2004,2008,no,18,2008,18,no,premium
5787,Amex,Credit,yes,1,9600,12/2003,2010,no,16,2020,6,no,high
5320,Amex,Credit,yes,2,11000,10/2017,2017,no,9,2017,9,yes,premium
3654,Visa,Debit,yes,2,5616,07/1999,2010,no,16,2016,10,yes,high
4117,Mastercard,Credit,yes,1,30400,08/2003,2011,no,15,2020,6,no,premium
4540,Visa,Debit,yes,2,76343,09/2003,2014,no,12,2023,3,yes,premium
2532,Mastercard,Debit,yes,2,46070,04/2007,2008,no,18,2024,2,yes,premium
5022,Mastercard,Credit,no,2,14900,10/2005,2009,no,17,2023,3,yes,premium
3414,Amex,Credit,yes,1,27500,06/2009,2009,no,17,2023,3,no,premium
5346,Visa,Debit,no,1,3134,11/1992,2011,no,15,2007,19,no,medium
1596,Mastercard,Debit (Prepaid),yes,1,92,02/2020,2020,no,6,2020,6,no,low
1871,Visa,Credit,yes,2,10600,02/2020,2020,no,6,2024,2,yes,premium
1872,Visa,Debit,yes,2,13588,02/2020,2020,no,6,2021,5,yes,premium
3518,Mastercard,Debit (Prepaid),yes,1,67,06/2011,2011,no,15,2021,5,no,low
3106,Visa,Debit,yes,1,13905,05/2011,2011,no,15,2020,6,no,premium
3270,Discover,Credit,yes,1,12300,06/2004,2013,no,13,2021,5,no,premium
5648,Mastercard,Debit,yes,1,23220,11/2011,2011,no,15,2021,5,no,premium
3348,Mastercard,Debit,yes,2,33319,06/2007,2010,no,16,2021,5,yes,premium
5,Visa,Debit,yes,2,21883,01/1997,2012,no,14,2024,2,yes,premium
4519,Mastercard,Debit,yes,1,39606,09/2002,2008,no,18,2023,3,no,premium
1394,Visa,Credit,yes,2,15500,02/2019,2019,no,7,2022,4,yes,premium
1873,Visa,Credit,yes,2,20800,02/2020,2020,no,6,2020,6,yes,premium
4717,Mastercard,Debit,yes,1,23310,09/2009,2009,no,17,2023,3,no,premium
6057,Visa,Debit,yes,1,22015,12/2011,2011,no,15,2023,3,no,premium
2663,Visa,Debit,yes,2,23884,04/2010,2010,no,16,2023,3,yes,premium
4341,Visa,Debit,no,2,25808,08/2010,2010,no,16,2021,5,yes,premium
1874,Visa,Credit,yes,2,4500,02/2020,2020,no,6,2021,5,yes,medium
4871,Mastercard,Debit,yes,2,26531,09/2014,2014,no,12,2021,5,yes,premium
3532,Visa,Debit,yes,2,22641,06/2011,2011,no,15,2022,4,yes,premium
2182,Mastercard,Credit,yes,2,13100,03/2008,2015,no,11,2023,3,yes,premium
1875,Visa,Credit,yes,1,7800,02/2020,2020,no,6,2020,6,no,high
1876,Visa,Debit,yes,2,6407,02/2020,2020,no,6,2024,2,yes,high
1407,Amex,Credit,no,2,7200,02/2020,2020,no,6,2020,6,yes,high
827,Visa,Credit,yes,1,6500,01/2020,2020,no,6,2023,3,no,high
1877,Visa,Debit (Prepaid),yes,1,91,02/2020,2020,no,6,2024,2,no,low
1878,Visa,Credit,yes,2,1200,02/2020,2020,no,6,2020,6,yes,medium
160,Mastercard,Credit,yes,2,6700,01/2008,2009,no,17,2024,2,yes,high
2457,Mastercard,Debit,yes,1,11102,04/2004,2012,no,14,2021,5,no,premium
2605,Mastercard,Debit (Prepaid),no,2,91,04/2009,2014,no,12,2021,5,yes,low
5071,Amex,Credit,yes,2,8100,10/2007,2009,no,17,2021,5,yes,high
4087,Mastercard,Debit,yes,1,22679,08/1997,2014,no,12,2021,5,no,premium
2643,Mastercard,Debit,yes,2,13326,04/2010,2010,no,16,2023,3,yes,premium
6029,Visa,Debit,yes,1,13778,12/2010,2015,no,11,2020,6,no,premium
4737,Visa,Credit,yes,2,10400,09/2009,2011,no,15,2016,10,yes,premium
5649,Mastercard,Debit,yes,2,6863,11/2011,2011,no,15,2022,4,yes,high
1212,Mastercard,Debit,yes,1,16633,02/2010,2010,no,16,2021,5,no,premium
3845,Mastercard,Debit,yes,1,29391,07/2008,2011,no,15,2024,2,no,premium
4197,Discover,Credit,yes,1,19000,08/2007,2011,no,15,2023,3,no,premium
5650,Mastercard,Debit,yes,1,14541,11/2011,2011,no,15,2020,6,no,premium
212,Visa,Credit,yes,1,13500,01/2009,2009,no,17,2022,4,no,premium
5061,Visa,Debit,yes,2,1484,10/2006,2011,no,15,2021,5,yes,medium
5289,Mastercard,Debit,no,1,31192,10/2014,2014,no,12,2023,3,no,premium
0,Amex,Credit,yes,2,33900,01/1991,2014,no,12,2024,2,yes,premium
2274,Mastercard,Debit (Prepaid),yes,2,44,03/2011,2016,no,10,2023,3,yes,low
2145,Mastercard,Debit,no,2,29708,03/2007,2009,no,17,2017,9,yes,premium
2965,Mastercard,Credit,yes,1,27200,05/2008,2011,no,15,2021,5,no,premium
3933,Mastercard,Debit,yes,1,36344,07/2010,2010,no,16,2021,5,no,premium
3546,Mastercard,Credit,yes,2,8900,06/2012,2012,no,14,2020,6,yes,high
5886,Mastercard,Debit,yes,2,1236,12/2007,2010,no,16,2021,5,yes,medium
2495,Visa,Debit,yes,1,11037,04/2005,2012,no,14,2023,3,no,premium
1066,Visa,Credit,yes,2,5000,02/2005,2008,no,18,2020,6,yes,medium
5887,Mastercard,Credit,yes,1,9700,12/2007,2011,no,15,2023,3,no,high
3547,Mastercard,Debit,yes,2,14179,06/2012,2012,no,14,2016,10,yes,premium
2606,Mastercard,Debit,yes,1,25021,04/2009,2009,no,17,2024,2,no,premium
828,Visa,Debit,yes,2,33605,01/2020,2020,no,6,2020,6,yes,premium
3385,Mastercard,Debit (Prepaid),no,1,63,06/2008,2010,no,16,2023,3,no,low
5724,Mastercard,Debit (Prepaid),yes,1,84,11/2016,2016,no,10,2024,2,no,low
4694,Visa,Debit,yes,2,18733,09/2008,2014,no,12,2012,14,yes,premium
4951,Mastercard,Debit (Prepaid),yes,2,38,10/2001,2007,no,19,2006,20,yes,low
3424,Mastercard,Debit,yes,1,21895,06/2009,2009,no,17,2018,8,no,premium
2435,Visa,Credit,yes,2,8700,04/2002,2010,no,16,2022,4,yes,high
2046,Mastercard,Debit,yes,2,16050,03/2003,2006,no,20,2023,3,yes,premium
5832,Mastercard,Debit,yes,2,17257,12/2005,2009,no,17,2007,19,yes,premium
5546,Visa,Debit,yes,2,20573,11/2008,2015,no,11,2012,14,yes,premium
2383,Mastercard,Debit,yes,1,18829,03/2019,2019,no,7,2020,6,no,premium
5628,Visa,Debit,yes,1,16619,11/2010,2010,no,16,2020,6,no,premium
5643,Discover,Credit,no,1,9700,11/2011,2012,no,14,2022,4,no,high
4924,Mastercard,Credit,yes,2,2200,09/2019,2019,no,7,2024,2,yes,medium
3004,Mastercard,Debit,yes,1,17691,05/2009,2009,no,17,2024,2,no,premium
1597,Mastercard,Debit,yes,1,11910,02/2020,2020,no,6,2024,2,no,premium
3035,Amex,Credit,yes,2,11000,05/2010,2014,no,12,2023,3,yes,premium
6030,Visa,Debit,yes,1,13971,12/2010,2010,no,16,2021,5,no,premium
4988,Mastercard,Credit,yes,2,7100,10/2003,2017,no,9,2020,6,yes,high
3182,Visa,Credit,yes,1,0,05/2016,2016,no,10,2020,6,no,low
829,Visa,Credit,yes,2,5800,01/2020,2020,no,6,2022,4,yes,high
2533,Mastercard,Credit,yes,1,12700,04/2007,2015,no,11,2009,17,no,premium
178,Visa,Debit,yes,1,17405,01/2008,2012,no,14,2024,2,no,premium
993,Visa,Debit,yes,1,9418,02/2001,2012,no,14,2020,6,no,high
1598,Mastercard,Credit,yes,1,9900,02/2020,2020,no,6,2024,2,no,high
3446,Visa,Debit,yes,2,25292,06/2009,2009,no,17,2022,4,yes,premium
4588,Visa,Debit,yes,1,12721,09/2005,2015,no,11,2022,4,no,premium
569,Mastercard,Debit,yes,1,13218,01/2020,2020,no,6,2023,3,no,premium
2644,Mastercard,Debit,yes,2,18320,04/2010,2010,no,16,2024,2,yes,premium
2220,Mastercard,Debit,yes,1,20270,03/2009,2009,no,17,2023,3,no,premium
4416,Visa,Debit,yes,1,18254,08/2013,2013,no,13,2013,13,no,premium
5586,Visa,Debit,yes,1,24104,11/2009,2009,no,17,2024,2,no,premium
3548,Mastercard,Credit,yes,1,10900,06/2012,2012,no,14,2024,2,no,premium
2948,Visa,Debit,yes,1,23260,05/2007,2010,no,16,2022,4,no,premium
3107,Visa,Debit,no,1,20776,05/2011,2011,no,15,2024,2,no,premium
570,Mastercard,Debit,yes,2,15741,01/2020,2020,no,6,2020,6,yes,premium
2362,Mastercard,Credit,yes,2,7300,03/2017,2017,no,9,2020,6,yes,high
6,Amex,Credit,yes,2,9400,01/1998,2011,no,15,1999,27,yes,high
3259,Visa,Debit,yes,2,10124,06/2003,2018,no,8,2021,5,yes,premium
9,Amex,Credit,yes,1,13000,01/1999,2005,no,21,2020,6,no,premium
4520,Mastercard,Debit,yes,2,18060,09/2002,2019,no,7,2021,5,yes,premium
2059,Mastercard,Debit,yes,1,7546,03/2004,2010,no,16,2020,6,no,high
5629,Visa,Debit,yes,1,9062,11/2010,2010,no,16,2020,6,no,high
3386,Mastercard,Credit,yes,1,17900,06/2008,2010,no,16,2021,5,no,premium
1025,Visa,Debit,yes,2,33822,02/2003,2018,no,8,2016,10,yes,premium
2966,Mastercard,Debit,yes,2,30909,05/2008,2013,no,13,2022,4,yes,premium
5353,Visa,Debit,no,2,2722,11/1997,2016,no,10,2022,4,yes,medium
2377,Visa,Debit,yes,1,28762,03/2018,2018,no,8,2020,6,no,premium
5764,Mastercard,Debit (Prepaid),no,1,67,12/2000,2011,no,15,2023,3,no,low
4406,Mastercard,Debit,yes,1,44345,08/2013,2013,no,13,2020,6,no,premium
2901,Mastercard,Debit,yes,2,2209,05/2006,2013,no,13,2021,5,yes,medium
2444,Mastercard,Debit,yes,2,24582,04/2003,2012,no,14,2021,5,yes,premium
4589,Visa,Debit,no,1,1017,09/2005,2010,no,16,2021,5,no,medium
1049,Mastercard,Debit,yes,1,11625,02/2005,2014,no,12,2022,4,no,premium
1599,Mastercard,Debit,yes,1,17882,02/2020,2020,no,6,2024,2,no,premium
1331,Visa,Credit,yes,1,1000,02/2013,2013,no,13,2020,6,no,low
1879,Visa,Debit,yes,1,37491,02/2020,2020,no,6,2020,6,no,premium
2158,Visa,Debit (Prepaid),yes,2,59,03/2007,2015,no,11,2023,3,yes,low
3846,Mastercard,Debit,no,2,6384,07/2008,2017,no,9,2023,3,yes,high
3887,Mastercard,Debit (Prepaid),yes,2,24,07/2009,2016,no,10,2013,13,yes,low
5357,Mastercard,Debit,yes,2,11994,11/1999,2011,no,15,2022,4,yes,premium
3652,Mastercard,Debit,yes,1,8747,07/1998,2007,no,19,2024,2,no,high
5073,Discover,Credit,yes,1,9500,10/2007,2011,no,15,2019,7,no,high
5193,Mastercard,Debit,yes,1,1264,10/2010,2019,no,7,2023,3,no,medium
3402,Visa,Debit,yes,2,7233,06/2008,2011,no,15,2022,4,yes,high
2798,Mastercard,Debit,yes,1,1264,05/1998,2014,no,12,2022,4,no,medium
3217,Mastercard,Debit,no,2,15007,06/2000,2013,no,13,2001,25,yes,premium
968,Mastercard,Debit,yes,2,13529,02/1999,2008,no,18,2002,24,yes,premium
1213,Mastercard,Debit,yes,1,25209,02/2010,2011,no,15,2015,11,no,premium
141,Visa,Debit,yes,1,34063,01/2007,2009,no,17,2024,2,no,premium
2117,Mastercard,Debit,no,1,31307,03/2006,2010,no,16,2019,7,no,premium
112,Visa,Debit,yes,1,40384,01/2006,2006,no,20,2020,6,no,premium
2346,Visa,Debit,yes,2,19525,03/2015,2015,no,11,2024,2,yes,premium
4572,Amex,Credit,yes,2,7200,09/2005,2011,no,15,2022,4,yes,high
1600,Mastercard,Credit,yes,2,6200,02/2020,2020,no,6,2020,6,yes,high
3847,Mastercard,Credit,yes,3,21700,07/2008,2015,no,11,2023,3,yes,premium
4203,Mastercard,Credit,yes,1,7100,08/2007,2009,no,17,2009,17,no,high
2300,Mastercard,Credit,yes,2,6700,03/2012,2012,no,14,2022,4,yes,high
3674,Mastercard,Debit (Prepaid),yes,1,68,07/2002,2011,no,15,2021,5,no,low
5760,Mastercard,Credit,yes,2,10800,12/1999,2005,no,21,2018,8,yes,premium
3681,Visa,Debit,yes,2,9952,07/2002,2010,no,16,2022,4,yes,high
2347,Visa,Credit,yes,2,5400,03/2015,2015,no,11,2024,2,yes,high
2840,Mastercard,Credit,yes,2,12200,05/2003,2009,no,17,2015,11,yes,premium
5516,Discover,Credit,yes,2,3700,11/2008,2011,no,15,2022,4,yes,medium
3053,Mastercard,Credit,yes,1,11300,05/2010,2011,no,15,2024,2,no,premium
1601,Mastercard,Debit,yes,1,18510,02/2020,2020,no,6,2020,6,no,premium
1602,Mastercard,Debit,yes,2,2070,02/2020,2020,no,6,2020,6,yes,medium
1603,Mastercard,Debit,yes,1,55750,02/2020,2020,no,6,2024,2,no,premium
38,Mastercard,Credit,no,1,20300,01/2003,2015,no,11,2024,2,no,premium
4590,Visa,Debit (Prepaid),yes,2,52,09/2005,2008,no,18,2023,3,yes,low
19,Mastercard,Debit,yes,2,46184,01/2001,2014,no,12,2023,3,yes,premium
4927,Visa,Credit,yes,1,13200,09/2019,2019,no,7,2024,2,no,premium
5704,Visa,Debit,yes,2,34284,11/2014,2014,no,12,2022,4,yes,premium
3934,Mastercard,Debit,yes,2,9257,07/2010,2018,no,8,2024,2,yes,high
1214,Mastercard,Debit,yes,2,7623,02/2010,2015,no,11,2023,3,yes,high
4029,Visa,Debit,yes,1,9741,07/2014,2014,no,12,2021,5,no,high
4932,Mastercard,Debit,yes,1,11749,10/1998,2008,no,18,2021,5,no,premium
99,Mastercard,Debit,yes,2,12257,01/2006,2010,no,16,2013,13,yes,premium
1030,Mastercard,Debit,yes,2,10792,02/2004,2008,no,18,2010,16,yes,premium
3130,Discover,Credit,yes,2,21000,05/2013,2013,no,13,2024,2,yes,premium
1604,Mastercard,Debit,yes,2,20362,02/2020,2020,no,6,2022,4,yes,premium
3557,Visa,Debit,yes,1,20653,06/2012,2012,no,14,2024,2,no,premium
2792,Discover,Credit,yes,1,6700,05/1997,2016,no,10,2024,2,no,high
3848,Mastercard,Debit,yes,2,2629,07/2008,2017,no,9,2021,5,yes,medium
1605,Mastercard,Debit,yes,1,21686,02/2020,2020,no,6,2023,3,no,premium
4943,Mastercard,Debit,yes,2,13979,10/2000,2007,no,19,2020,6,yes,premium
2206,Visa,Debit,yes,1,15459,03/2008,2010,no,16,2020,6,no,premium
4797,Visa,Debit,yes,2,10756,09/2010,2018,no,8,2022,4,yes,premium
2757,Discover,Credit,yes,3,4900,04/2016,2016,no,10,2020,6,yes,medium
2321,Visa,Debit,yes,2,11869,03/2013,2013,no,13,2021,5,yes,premium
1880,Visa,Debit,yes,1,11029,02/2020,2020,no,6,2020,6,no,premium
4958,Visa,Debit,yes,1,32043,10/2001,2009,no,17,2021,5,no,premium
4929,Visa,Credit,yes,1,19400,10/1996,2012,no,14,2023,3,no,premium
1192,Visa,Credit,yes,1,15900,02/2009,2009,no,17,2010,16,no,premium
2726,Mastercard,Debit,yes,2,25740,04/2014,2014,no,12,2022,4,yes,premium
4576,Mastercard,Debit,yes,2,12594,09/2005,2014,no,12,2020,6,yes,premium
2800,Visa,Credit,yes,1,5800,05/1998,2009,no,17,2024,2,no,high
5811,Mastercard,Debit,yes,2,14824,12/2004,2011,no,15,2005,21,yes,premium
4603,Mastercard,Debit,yes,2,14954,09/2006,2007,no,19,2006,20,yes,premium
2072,Visa,Debit,yes,2,9146,03/2004,2012,no,14,2024,2,yes,high
2130,Visa,Debit,yes,2,31917,03/2006,2009,no,17,2023,3,yes,premium
571,Mastercard,Credit,no,2,35500,01/2020,2020,no,6,2023,3,yes,premium
572,Mastercard,Credit,yes,2,17100,01/2020,2020,no,6,2020,6,yes,premium
5381,Mastercard,Debit,yes,2,8636,11/2002,2014,no,12,2012,14,yes,high
4952,Mastercard,Debit,yes,2,3891,10/2001,2016,no,10,2024,2,yes,medium
5630,Visa,Debit (Prepaid),yes,2,100,11/2010,2010,no,16,2021,5,yes,low
5080,Mastercard,Credit,yes,2,10500,10/2007,2011,no,15,2021,5,yes,premium
5876,Amex,Credit,yes,1,9100,12/2007,2008,no,18,2022,4,no,high
5670,Mastercard,Debit,yes,1,17393,11/2012,2012,no,14,2022,4,no,premium
4379,Visa,Debit (Prepaid),no,1,59,08/2011,2011,no,15,2023,3,no,low
2566,Mastercard,Debit,yes,2,2355,04/2008,2009,no,17,2012,14,yes,medium
1606,Mastercard,Debit,yes,1,29553,02/2020,2020,no,6,2020,6,no,premium
4273,Visa,Credit,yes,1,8300,08/2008,2008,no,18,2024,2,no,high
2401,Mastercard,Debit,yes,2,14501,04/1998,2012,no,14,2024,2,yes,premium
5587,Visa,Debit,no,2,9080,11/2009,2013,no,13,2023,3,yes,high
5062,Visa,Debit,yes,1,1534,10/2006,2015,no,11,2020,6,no,medium
1607,Mastercard,Debit,yes,2,39114,02/2020,2020,no,6,2023,3,yes,premium
830,Visa,Debit,yes,2,30298,01/2020,2020,no,6,2024,2,yes,premium
1881,Visa,Credit,yes,1,6600,02/2020,2020,no,6,2020,6,no,high
5812,Mastercard,Debit,no,1,15087,12/2004,2005,no,21,2021,5,no,premium
4810,Mastercard,Debit,no,1,16257,09/2011,2011,no,15,2024,2,no,premium
5023,Mastercard,Credit,yes,2,8500,10/2005,2012,no,14,2024,2,yes,high
2774,Visa,Debit,yes,2,18401,04/2017,2017,no,9,2019,7,yes,premium
4456,Mastercard,Debit,yes,1,17946,08/2016,2016,no,10,2020,6,no,premium
14,Mastercard,Debit,yes,1,24819,01/2000,2011,no,15,2021,5,no,premium
1193,Visa,Credit,yes,2,11000,02/2009,2010,no,16,2009,17,yes,premium
4718,Mastercard,Debit,yes,2,12275,09/2009,2009,no,17,2022,4,yes,premium
5151,Mastercard,Debit,yes,1,22044,10/2009,2009,no,17,2022,4,no,premium
3907,Visa,Credit,no,1,10600,07/2009,2018,no,8,2021,5,no,premium
4291,Mastercard,Debit (Prepaid),yes,2,61,08/2009,2016,no,10,2021,5,yes,low
5216,Visa,Debit,yes,2,14114,10/2010,2010,no,16,2023,3,yes,premium
5326,Visa,Credit,yes,2,6500,10/2017,2017,no,9,2022,4,yes,high
3849,Mastercard,Credit,yes,1,9400,07/2008,2012,no,14,2023,3,no,high
831,Visa,Debit,yes,1,16369,01/2020,2020,no,6,2023,3,no,premium
1882,Visa,Credit,yes,1,5900,02/2020,2020,no,6,2024,2,no,high
832,Visa,Credit,no,1,9100,01/2020,2020,no,6,2022,4,no,high
833,Visa,Credit,no,2,4700,01/2020,2020,no,6,2024,2,yes,medium
4631,Amex,Credit,yes,1,8900,09/2007,2007,no,19,2021,5,no,high
1883,Visa,Debit (Prepaid),no,2,94,02/2020,2020,no,6,2020,6,yes,low
4362,Mastercard,Debit,yes,2,1669,08/2011,2016,no,10,2022,4,yes,medium
83,Visa,Debit,yes,1,16717,01/2005,2006,no,20,2024,2,no,premium
100,Mastercard,Debit,yes,2,14133,01/2006,2010,no,16,2021,5,yes,premium
3985,Visa,Debit,yes,2,13029,07/2011,2011,no,15,2022,4,yes,premium
1608,Mastercard,Debit,yes,2,11624,02/2020,2020,no,6,2024,2,yes,premium
4285,Amex,Credit,yes,2,5900,08/2009,2010,no,16,2010,16,yes,high
2221,Mastercard,Debit (Prepaid),yes,1,10,03/2009,2011,no,15,2024,2,no,low
5888,Mastercard,Debit,yes,2,42074,12/2007,2010,no,16,2020,6,yes,premium
4573,Amex,Credit,yes,2,19400,09/2005,2013,no,13,2021,5,yes,premium
3362,Visa,Debit,yes,1,27091,06/2007,2018,no,8,2020,6,no,premium
3387,Mastercard,Debit (Prepaid),yes,1,76,06/2008,2014,no,12,2020,6,no,low
3693,Mastercard,Debit,yes,1,16340,07/2003,2009,no,17,2021,5,no,premium
4462,Mastercard,Credit,no,1,4300,08/2017,2017,no,9,2017,9,no,medium
2261,Visa,Credit,yes,1,17100,03/2010,2011,no,15,2021,5,no,premium
6108,Mastercard,Debit (Prepaid),yes,1,57,12/2015,2015,no,11,2020,6,no,low
5046,Discover,Credit,yes,1,11200,10/2006,2006,no,20,2023,3,no,premium
5825,Amex,Credit,yes,1,5900,12/2005,2011,no,15,2021,5,no,high
1446,Discover,Credit,yes,2,8200,02/2020,2020,no,6,2021,5,yes,high
6041,Mastercard,Credit,yes,1,11200,12/2011,2016,no,10,2023,3,no,premium
1609,Mastercard,Debit,yes,2,9641,02/2020,2020,no,6,2020,6,yes,high
23,Visa,Credit,yes,1,7500,01/2001,2017,no,9,2008,18,no,high
2928,Mastercard,Debit,yes,2,9725,05/2007,2012,no,14,2023,3,yes,high
2004,Mastercard,Debit,no,1,713,03/1997,2008,no,18,1997,29,no,low
3183,Visa,Credit,yes,2,0,05/2016,2016,no,10,2023,3,yes,low
5081,Mastercard,Debit,yes,1,10824,10/2007,2015,no,11,2012,14,no,premium
3157,Visa,Debit,yes,1,54768,05/2014,2014,no,12,2015,11,no,premium
4176,Mastercard,Debit,yes,1,36982,08/2006,2009,no,17,2015,11,no,premium
70,Mastercard,Credit,yes,2,19500,01/2005,2010,no,16,2012,14,yes,premium
5082,Mastercard,Debit,yes,1,43863,10/2007,2012,no,14,2020,6,no,premium
5152,Mastercard,Debit,yes,2,27050,10/2009,2018,no,8,2023,3,yes,premium
4635,Mastercard,Debit,yes,2,33468,09/2007,2010,no,16,2020,6,yes,premium
3675,Mastercard,Credit,yes,1,10700,07/2002,2013,no,13,2024,2,no,premium
271,Mastercard,Debit (Prepaid),yes,2,35,01/2011,2011,no,15,2024,2,yes,low
5024,Mastercard,Debit,yes,1,9358,10/2005,2015,no,11,2022,4,no,high
4577,Mastercard,Debit,yes,1,13425,09/2005,2015,no,11,2024,2,no,premium
5407,Mastercard,Debit,no,1,24213,11/2004,2009,no,17,2020,6,no,premium
3788,Visa,Debit,no,2,14911,07/2006,2014,no,12,2020,6,yes,premium
4719,Mastercard,Credit,yes,1,10800,09/2009,2011,no,15,2019,7,no,premium
142,Visa,Credit,yes,2,13200,01/2007,2007,no,19,2022,4,yes,premium
2685,Visa,Debit,yes,1,12628,04/2011,2012,no,14,2023,3,no,premium
4820,Visa,Debit,yes,1,16642,09/2011,2011,no,15,2016,10,no,premium
3054,Mastercard,Debit,yes,1,13013,05/2010,2012,no,14,2020,6,no,premium
3314,Mastercard,Credit,yes,2,10400,06/2006,2006,no,20,2020,6,yes,premium
4959,Visa,Credit,yes,2,12500,10/2001,2011,no,15,2024,2,yes,premium
5889,Mastercard,Debit,yes,3,8889,12/2007,2013,no,13,2023,3,yes,high
2102,Amex,Credit,yes,1,19000,03/2006,2011,no,15,2024,2,no,premium
2471,Visa,Debit,no,1,12370,04/2004,2008,no,18,2021,5,no,premium
6098,Discover,Credit,yes,2,9000,12/2014,2014,no,12,2020,6,yes,high
1610,Mastercard,Debit,yes,1,5284,02/2020,2020,no,6,2021,5,no,high
6042,Mastercard,Debit (Prepaid),yes,2,50,12/2011,2011,no,15,2022,4,yes,low
3190,Mastercard,Credit,yes,2,2300,05/2017,2017,no,9,2024,2,yes,medium
1019,Mastercard,Debit,yes,1,20022,02/2003,2014,no,12,2022,4,no,premium
573,Mastercard,Debit,yes,1,14820,01/2020,2020,no,6,2020,6,no,premium
5438,Visa,Credit,yes,2,6900,11/2005,2013,no,13,2023,3,yes,high
1334,Amex,Credit,yes,2,5200,02/2014,2014,no,12,2021,5,yes,high
4604,Mastercard,Debit (Prepaid),yes,1,64,09/2006,2010,no,16,2016,10,no,low
2827,Mastercard,Debit,yes,2,8165,05/2002,2009,no,17,2020,6,yes,high
1316,Mastercard,Debit,yes,2,16799,02/2013,2013,no,13,2020,6,yes,premium
1408,Amex,Credit,yes,2,13800,02/2020,2020,no,6,2024,2,yes,premium
1884,Visa,Debit,yes,1,20826,02/2020,2020,no,6,2020,6,no,premium
430,Discover,Credit,yes,2,20700,01/2020,2020,no,6,2020,6,yes,premium
2249,Mastercard,Debit,yes,2,15813,03/2010,2011,no,15,2023,3,yes,premium
574,Mastercard,Debit (Prepaid),yes,2,41,01/2020,2020,no,6,2020,6,yes,low
3549,Mastercard,Credit,yes,2,8000,06/2012,2012,no,14,2022,4,yes,high
3598,Visa,Credit,yes,2,6600,06/2015,2015,no,11,2021,5,yes,high
4775,Mastercard,Debit,yes,2,15149,09/2010,2010,no,16,2022,4,yes,premium
3095,Mastercard,Credit,yes,1,10100,05/2011,2016,no,10,2017,9,no,premium
2902,Mastercard,Debit,yes,2,14720,05/2006,2014,no,12,2023,3,yes,premium
5394,Visa,Debit (Prepaid),yes,1,28,11/2003,2018,no,8,2023,3,no,low
3589,Mastercard,Credit,yes,2,3600,06/2015,2015,no,11,2019,7,yes,medium
5116,Mastercard,Debit (Prepaid),yes,1,47,10/2008,2016,no,10,2022,4,no,low
3163,Mastercard,Debit,yes,1,10179,05/2015,2015,no,11,2024,2,no,premium
3868,Visa,Credit,yes,2,10600,07/2008,2014,no,12,2020,6,yes,premium
2903,Mastercard,Debit,yes,2,14716,05/2006,2012,no,14,2007,19,yes,premium
2370,Amex,Credit,yes,2,12600,03/2018,2018,no,8,2020,6,yes,premium
4866,Visa,Debit (Prepaid),yes,1,96,09/2013,2013,no,13,2017,9,no,low
5606,Mastercard,Debit (Prepaid),yes,1,73,11/2010,2010,no,16,2020,6,no,low
4040,Visa,Credit,yes,1,6500,07/2015,2015,no,11,2021,5,no,high
3878,Amex,Credit,yes,2,9300,07/2009,2009,no,17,2023,3,yes,high
51,Mastercard,Debit,no,2,8970,01/2004,2010,no,16,2023,3,yes,high
5800,Visa,Credit,yes,1,11700,12/2003,2013,no,13,2023,3,no,premium
5932,Mastercard,Debit,yes,1,2841,12/2008,2013,no,13,2021,5,no,medium
4636,Mastercard,Debit,yes,1,46621,09/2007,2010,no,16,2021,5,no,premium
4619,Visa,Debit,yes,2,62855,09/2006,2006,no,20,2006,20,yes,premium
4821,Visa,Debit,yes,1,46521,09/2011,2012,no,14,2014,12,no,premium
4562,Visa,Credit,yes,2,4100,09/2004,2010,no,16,2008,18,yes,medium
3474,Mastercard,Credit,yes,1,9200,06/2010,2010,no,16,2020,6,no,high
3888,Mastercard,Credit,yes,2,2800,07/2009,2010,no,16,2020,6,yes,medium
6135,Amex,Credit,yes,2,4200,12/2018,2018,no,8,2024,2,yes,medium
575,Mastercard,Debit,yes,2,21794,01/2020,2020,no,6,2022,4,yes,premium
4204,Mastercard,Debit (Prepaid),yes,1,58,08/2007,2009,no,17,2015,11,no,low
1176,Mastercard,Credit,yes,1,11400,02/2009,2014,no,12,2021,5,no,premium
2618,Visa,Debit,yes,2,15781,04/2009,2015,no,11,2016,10,yes,premium
5416,Visa,Debit,yes,1,26906,11/2004,2016,no,10,2023,3,no,premium
5890,Mastercard,Debit,yes,2,10228,12/2007,2014,no,12,2024,2,yes,premium
2694,Mastercard,Debit (Prepaid),yes,2,74,04/2012,2012,no,14,2023,3,yes,low
2427,Discover,Credit,yes,1,12600,04/2002,2010,no,16,2020,6,no,premium
3282,Visa,Credit,yes,2,7600,06/2004,2010,no,16,2019,7,yes,high
5547,Visa,Debit,yes,1,33080,11/2008,2008,no,18,2024,2,no,premium
386,Visa,Debit,no,1,17954,01/2019,2019,no,7,2020,6,no,premium
272,Mastercard,Debit,yes,1,19238,01/2011,2011,no,15,2023,3,no,premium
5083,Mastercard,Debit,yes,2,14912,10/2007,2009,no,17,2023,3,yes,premium
2222,Mastercard,Debit,yes,2,5258,03/2009,2013,no,13,2015,11,yes,high
5173,Visa,Credit,yes,1,11300,10/2009,2011,no,15,2020,6,no,premium
3710,Mastercard,Debit,yes,1,24455,07/2004,2014,no,12,2022,4,no,premium
5527,Mastercard,Debit,yes,2,463,11/2008,2010,no,16,2016,10,yes,low
3447,Visa,Debit,yes,2,5511,06/2009,2012,no,14,2010,16,yes,high
4448,Mastercard,Debit,yes,2,20097,08/2015,2015,no,11,2020,6,yes,premium
834,Visa,Debit,yes,2,14200,01/2020,2020,no,6,2021,5,yes,premium
1611,Mastercard,Debit,yes,1,16415,02/2020,2020,no,6,2024,2,no,premium
1612,Mastercard,Debit,yes,2,1926,02/2020,2020,no,6,2020,6,yes,medium
1050,Mastercard,Credit,no,1,11000,02/2005,2013,no,13,2020,6,no,premium
4074,Amex,Credit,yes,2,5700,07/2019,2019,no,7,2024,2,yes,high
1194,Visa,Debit,yes,1,26024,02/2009,2013,no,13,2019,7,no,premium
5063,Visa,Debit,yes,2,4599,10/2006,2013,no,13,2024,2,yes,medium
5408,Mastercard,Debit,yes,2,8522,11/2004,2015,no,11,2020,6,yes,high
4563,Visa,Debit,yes,2,45854,09/2004,2013,no,13,2023,3,yes,premium
5891,Mastercard,Debit,yes,1,38194,12/2007,2012,no,14,2024,2,no,premium
2929,Mastercard,Debit,yes,1,51051,05/2007,2012,no,14,2022,4,no,premium
5409,Mastercard,Credit,no,1,30800,11/2004,2007,no,19,2020,6,no,premium
4872,Mastercard,Credit,yes,2,23400,09/2014,2014,no,12,2023,3,yes,premium
3388,Mastercard,Credit,yes,2,24800,06/2008,2013,no,13,2022,4,yes,premium
5607,Mastercard,Debit (Prepaid),yes,1,48,11/2010,2012,no,14,2023,3,no,low
4670,Mastercard,Credit,yes,2,8700,09/2008,2011,no,15,2024,2,yes,high
2764,Visa,Credit,yes,2,5900,04/2016,2016,no,10,2022,4,yes,high
5608,Mastercard,Debit,yes,2,5059,11/2010,2010,no,16,2021,5,yes,high
5050,Mastercard,Debit,yes,2,22446,10/2006,2012,no,14,2021,5,yes,premium
4251,Mastercard,Debit,yes,1,48754,08/2008,2013,no,13,2023,3,no,premium
3498,Visa,Credit,yes,1,9300,06/2010,2010,no,16,2023,3,no,high
2015,Visa,Debit,yes,2,15265,03/2000,2009,no,17,2022,4,yes,premium
400,Amex,Credit,yes,2,12500,01/2020,2020,no,6,2022,4,yes,premium
5683,Mastercard,Debit,yes,1,28805,11/2013,2013,no,13,2015,11,no,premium
1009,Amex,Credit,yes,1,9800,02/2003,2013,no,13,2003,23,no,high
3850,Mastercard,Credit,yes,1,11600,07/2008,2012,no,14,2012,14,no,premium
5382,Mastercard,Debit,yes,2,26501,11/2002,2019,no,7,2023,3,yes,premium
3475,Mastercard,Debit,no,2,11121,06/2010,2013,no,13,2020,6,yes,premium
1087,Mastercard,Debit,yes,2,2352,02/2006,2012,no,14,2021,5,yes,medium
576,Mastercard,Debit,yes,1,62317,01/2020,2020,no,6,2020,6,no,premium
401,Amex,Credit,yes,2,16400,01/2020,2020,no,6,2020,6,yes,premium
4798,Visa,Debit (Prepaid),no,2,65,09/2010,2011,no,15,2023,3,yes,low
2785,Visa,Debit (Prepaid),yes,1,63,04/2018,2018,no,8,2020,6,no,low
4911,Mastercard,Debit (Prepaid),no,1,69,09/2017,2017,no,9,2020,6,no,low
5395,Visa,Credit,yes,2,36900,11/2003,2014,no,12,2003,23,yes,premium
4300,Visa,Debit,yes,2,10875,08/2009,2020,no,6,2024,2,yes,premium
999,Mastercard,Debit (Prepaid),yes,2,65,02/2002,2008,no,18,2024,2,yes,low
3735,Mastercard,Debit (Prepaid),yes,2,76,07/2005,2010,no,16,2023,3,yes,low
577,Mastercard,Debit,yes,2,15781,01/2020,2020,no,6,2024,2,yes,premium
2232,Visa,Debit,yes,1,22227,03/2009,2010,no,16,2019,7,no,premium
1613,Mastercard,Debit,yes,2,4924,02/2020,2020,no,6,2020,6,yes,medium
3161,Discover,Credit,yes,1,6300,05/2015,2015,no,11,2020,6,no,high
4205,Mastercard,Credit,no,1,8000,08/2007,2020,no,6,2024,2,no,high
835,Visa,Debit,no,1,18432,01/2020,2020,no,6,2020,6,no,premium
1390,Mastercard,Debit (Prepaid),yes,2,86,02/2019,2019,no,7,2020,6,yes,low
4363,Mastercard,Debit,yes,2,11666,08/2011,2011,no,15,2020,6,yes,premium
1409,Amex,Credit,yes,1,22900,02/2020,2020,no,6,2020,6,no,premium
5892,Mastercard,Credit,yes,1,7800,12/2007,2007,no,19,2021,5,no,high
2183,Mastercard,Debit,yes,1,10462,03/2008,2015,no,11,2023,3,no,premium
3964,Amex,Credit,yes,2,11000,07/2011,2011,no,15,2012,14,yes,premium
2335,Visa,Debit,yes,1,16927,03/2014,2014,no,12,2023,3,no,premium
2550,Visa,Debit (Prepaid),yes,2,96,04/2007,2015,no,11,2015,11,yes,low
5238,Mastercard,Debit (Prepaid),yes,1,95,10/2011,2011,no,15,2021,5,no,low
5462,Mastercard,Credit,yes,2,2400,11/2006,2010,no,16,2023,3,yes,medium
2250,Mastercard,Debit,yes,1,12127,03/2010,2010,no,16,2023,3,no,premium
5463,Mastercard,Credit,yes,1,18400,11/2006,2014,no,12,2020,6,no,premium
1000,Mastercard,Debit,yes,1,8273,02/2002,2009,no,17,2024,2,no,high
3789,Visa,Debit,yes,2,16641,07/2006,2014,no,12,2022,4,yes,premium
2392,Visa,Credit,yes,1,10300,04/1993,2013,no,13,2022,4,no,premium
4109,Mastercard,Debit,no,2,13841,08/2002,2010,no,16,2020,6,yes,premium
2458,Mastercard,Debit,yes,2,2054,04/2004,2015,no,11,2024,2,yes,medium
5098,Visa,Credit,yes,2,5100,10/2007,2011,no,15,2022,4,yes,high
3519,Mastercard,Debit,no,1,22172,06/2011,2016,no,10,2016,10,no,premium
2429,Mastercard,Debit,yes,1,17749,04/2002,2011,no,15,2023,3,no,premium
2472,Visa,Credit,yes,1,12700,04/2004,2011,no,15,2021,5,no,premium
1447,Discover,Credit,yes,2,11100,02/2020,2020,no,6,2020,6,yes,premium
3581,Mastercard,Debit,no,2,16923,06/2014,2014,no,12,2024,2,yes,premium
3267,Amex,Credit,yes,1,14800,06/2004,2010,no,16,2020,6,no,premium
4620,Visa,Debit (Prepaid),yes,1,49,09/2006,2011,no,15,2009,17,no,low
1410,Amex,Credit,yes,1,19000,02/2020,2020,no,6,2020,6,no,premium
1614,Mastercard,Debit,yes,2,22067,02/2020,2020,no,6,2022,4,yes,premium
1885,Visa,Credit,yes,2,11500,02/2020,2020,no,6,2023,3,yes,premium
1159,Visa,Debit,yes,2,19017,02/2008,2012,no,14,2012,14,yes,premium
4637,Mastercard,Debit,yes,2,13863,09/2007,2014,no,12,2023,3,yes,premium
3341,Discover,Credit,yes,2,400,06/2007,2010,no,16,2008,18,yes,low
2795,Visa,Credit,yes,2,5100,05/1997,2010,no,16,2006,20,yes,high
5410,Mastercard,Debit,yes,1,17620,11/2004,2011,no,15,2024,2,no,premium
5732,Mastercard,Debit,yes,2,23572,11/2017,2017,no,9,2018,8,yes,premium
3019,Visa,Debit,yes,2,20773,05/2009,2011,no,15,2023,3,yes,premium
1249,Visa,Debit,yes,2,25124,02/2010,2010,no,16,2012,14,yes,premium
2402,Mastercard,Debit,yes,1,19465,04/1998,2012,no,14,2023,3,no,premium
4380,Visa,Credit,yes,1,14100,08/2011,2013,no,13,2021,5,no,premium
3307,Visa,Debit (Prepaid),yes,2,32,06/2005,2012,no,14,2022,4,yes,low
5153,Mastercard,Debit,yes,2,16109,10/2009,2009,no,17,2024,2,yes,premium
4172,Discover,Credit,yes,1,8100,08/2006,2008,no,18,2010,16,no,high
4141,Visa,Debit,yes,2,16454,08/2004,2010,no,16,2024,2,yes,premium
2223,Mastercard,Credit,yes,2,7300,03/2009,2010,no,16,2024,2,yes,high
2459,Mastercard,Debit (Prepaid),no,2,46,04/2004,2010,no,16,2020,6,yes,low
2275,Mastercard,Credit,yes,2,22200,03/2011,2011,no,15,2022,4,yes,premium
4236,Amex,Credit,yes,1,26900,08/2008,2009,no,17,2024,2,no,premium
5227,Amex,Credit,yes,2,8700,10/2011,2013,no,13,2023,3,yes,high
5788,Amex,Credit,yes,2,4000,12/2003,2006,no,20,2022,4,yes,medium
5893,Mastercard,Credit,yes,1,7200,12/2007,2012,no,14,2020,6,no,high
5033,Visa,Debit,no,2,14362,10/2005,2006,no,20,2022,4,yes,premium
1301,Mastercard,Debit,yes,2,20060,02/2012,2012,no,14,2023,3,yes,premium
1126,Visa,Debit,yes,2,17309,02/2007,2010,no,16,2022,4,yes,premium
2460,Mastercard,Debit,yes,1,38354,04/2004,2010,no,16,2022,4,no,premium
3805,Mastercard,Debit,yes,2,49107,07/2007,2011,no,15,2023,3,yes,premium
5470,Visa,Debit,yes,1,8468,11/2006,2010,no,16,2020,6,no,high
4534,Mastercard,Debit,yes,1,28877,09/2003,2017,no,9,2024,2,no,premium
5252,Visa,Debit,yes,1,33713,10/2011,2011,no,15,2020,6,no,premium
5983,Visa,Credit,yes,1,25600,12/2009,2009,no,17,2020,6,no,premium
5993,Discover,Credit,yes,1,9100,12/2010,2013,no,13,2020,6,no,high
1160,Visa,Debit,no,2,793,02/2008,2008,no,18,2023,3,yes,low
5439,Visa,Credit,yes,2,4200,11/2005,2011,no,15,2022,4,yes,medium
2417,Mastercard,Credit,yes,2,9900,04/2001,2007,no,19,2023,3,yes,high
5383,Visa,Debit,yes,1,15082,11/2002,2006,no,20,2022,4,no,premium
2631,Discover,Credit,yes,1,13100,04/2010,2013,no,13,2023,3,no,premium
5025,Mastercard,Debit,yes,2,1385,10/2005,2012,no,14,2022,4,yes,medium
1051,Mastercard,Debit,yes,2,26506,02/2005,2008,no,18,2022,4,yes,premium
3055,Mastercard,Debit,no,1,10488,05/2010,2010,no,16,2014,12,no,premium
578,Mastercard,Credit,yes,2,7000,01/2020,2020,no,6,2022,4,yes,high
4035,Mastercard,Debit (Prepaid),yes,1,61,07/2015,2015,no,11,2024,2,no,low
4131,Mastercard,Debit,yes,2,8923,08/2004,2014,no,12,2021,5,yes,high
3191,Mastercard,Debit,yes,2,29474,05/2017,2017,no,9,2020,6,yes,premium
5194,Mastercard,Debit,yes,2,25612,10/2010,2010,no,16,2017,9,yes,premium
247,Visa,Credit,yes,2,12700,01/2010,2010,no,16,2023,3,yes,premium
5471,Visa,Debit,no,2,9781,11/2006,2014,no,12,2021,5,yes,high
1886,Visa,Credit,yes,2,12900,02/2020,2020,no,6,2021,5,yes,premium
836,Visa,Debit,yes,1,20582,01/2020,2020,no,6,2022,4,no,premium
1026,Visa,Debit,yes,1,9998,02/2003,2010,no,16,2023,3,no,high
1270,Mastercard,Debit,yes,1,11664,02/2011,2011,no,15,2022,4,no,premium
837,Visa,Debit,yes,2,27813,01/2020,2020,no,6,2024,2,yes,premium
579,Mastercard,Credit,yes,2,11700,01/2020,2020,no,6,2020,6,yes,premium
580,Mastercard,Debit,yes,1,19286,01/2020,2020,no,6,2020,6,no,premium
581,Mastercard,Debit,yes,1,22868,01/2020,2020,no,6,2023,3,no,premium
5396,Visa,Credit,yes,1,15400,11/2003,2009,no,17,2018,8,no,premium
273,Mastercard,Debit,yes,2,26534,01/2011,2011,no,15,2024,2,yes,premium
3726,Amex,Credit,yes,2,11100,07/2005,2012,no,14,2011,15,yes,premium
5117,Mastercard,Debit,yes,3,7446,10/2008,2015,no,11,2020,6,yes,high
2047,Mastercard,Debit,no,2,12607,03/2003,2015,no,11,2020,6,yes,premium
2224,Mastercard,Debit,yes,2,1053,03/2009,2011,no,15,2024,2,yes,medium
3986,Visa,Debit,yes,1,24424,07/2011,2011,no,15,2021,5,no,premium
3645,Visa,Debit,yes,2,22330,06/2019,2019,no,7,2022,4,yes,premium
336,Visa,Debit,yes,2,32659,01/2014,2014,no,12,2024,2,yes,premium
1615,Mastercard,Debit,yes,1,8822,02/2020,2020,no,6,2021,5,no,high
1887,Visa,Debit,yes,1,3549,02/2020,2020,no,6,2020,6,no,medium
4068,Mastercard,Debit,yes,1,14939,07/2018,2018,no,8,2018,8,no,premium
1391,Mastercard,Debit (Prepaid),yes,2,56,02/2019,2019,no,7,2021,5,yes,low
1001,Mastercard,Credit,yes,2,8800,02/2002,2013,no,13,2021,5,yes,high
3658,Visa,Credit,yes,1,9300,07/2000,2008,no,18,2020,6,no,high
5195,Mastercard,Credit,yes,1,6800,10/2010,2010,no,16,2021,5,no,high
2087,Mastercard,Debit,yes,2,12210,03/2005,2009,no,17,2020,6,yes,premium
1145,Mastercard,Debit,yes,2,6397,02/2008,2015,no,11,2020,6,yes,high
5084,Mastercard,Debit (Prepaid),yes,1,92,10/2007,2007,no,19,2024,2,no,low
2737,Visa,Debit,yes,1,23053,04/2014,2014,no,12,2016,10,no,premium
5945,Visa,Credit,yes,1,14900,12/2008,2011,no,15,2024,2,no,premium
2461,Mastercard,Debit,yes,2,27046,04/2004,2015,no,11,2021,5,yes,premium
4032,Amex,Credit,no,1,2900,07/2015,2015,no,11,2024,2,no,medium
582,Mastercard,Debit,yes,1,10427,01/2020,2020,no,6,2022,4,no,premium
1616,Mastercard,Debit,yes,1,8163,02/2020,2020,no,6,2020,6,no,high
1888,Visa,Debit,yes,2,26599,02/2020,2020,no,6,2021,5,yes,premium
1617,Mastercard,Credit,yes,2,3600,02/2020,2020,no,6,2024,2,yes,medium
583,Mastercard,Debit (Prepaid),yes,2,68,01/2020,2020,no,6,2021,5,yes,low
1618,Mastercard,Debit,yes,1,37661,02/2020,2020,no,6,2020,6,no,premium
1889,Visa,Credit,yes,1,21400,02/2020,2020,no,6,2024,2,no,premium
1619,Mastercard,Debit,yes,2,31271,02/2020,2020,no,6,2022,4,yes,premium
5007,Mastercard,Credit,yes,1,20800,10/2004,2007,no,19,2011,15,no,premium
4511,Mastercard,Credit,yes,2,9000,09/2001,2010,no,16,2020,6,yes,high
4928,Mastercard,Credit,no,1,13100,10/1996,2012,no,14,2024,2,no,premium
3108,Visa,Debit,no,2,23636,05/2011,2013,no,13,2023,3,yes,premium
3647,Amex,Credit,yes,1,8200,07/1998,2013,no,13,2022,4,no,high
305,Visa,Credit,yes,1,6900,01/2012,2012,no,14,2023,3,no,high
3177,Mastercard,Debit,yes,2,13689,05/2016,2016,no,10,2022,4,yes,premium
584,Mastercard,Debit,yes,2,5836,01/2020,2020,no,6,2020,6,yes,high
4638,Mastercard,Credit,no,1,12300,09/2007,2008,no,18,2024,2,no,premium
5196,Mastercard,Credit,yes,1,7900,10/2010,2010,no,16,2011,15,no,high
4591,Visa,Credit,yes,1,13500,09/2005,2013,no,13,2021,5,no,premium
101,Mastercard,Debit (Prepaid),yes,1,41,01/2006,2010,no,16,2024,2,no,low
838,Visa,Credit,yes,1,16400,01/2020,2020,no,6,2022,4,no,premium
2984,Visa,Debit,yes,2,16293,05/2008,2009,no,17,2023,3,yes,premium
4036,Mastercard,Credit,yes,2,14300,07/2015,2015,no,11,2024,2,yes,premium
3800,Amex,Credit,yes,1,21200,07/2007,2011,no,15,2024,2,no,premium
3128,Visa,Debit,yes,1,11068,05/2012,2012,no,14,2021,5,no,premium
585,Mastercard,Debit,no,1,14835,01/2020,2020,no,6,2021,5,no,premium
5804,Amex,Credit,no,2,9300,12/2004,2014,no,12,2022,4,yes,high
1286,Visa,Credit,yes,1,9400,02/2011,2011,no,15,2020,6,no,high
4132,Mastercard,Debit,yes,1,12566,08/2004,2015,no,11,2022,4,no,premium
3131,Discover,Credit,yes,2,4100,05/2013,2013,no,13,2020,6,yes,medium
5609,Mastercard,Credit,yes,2,7400,11/2010,2012,no,14,2018,8,yes,high
5064,Visa,Credit,yes,2,4200,10/2006,2011,no,15,2021,5,yes,medium
5933,Mastercard,Debit,yes,1,14388,12/2008,2015,no,11,2022,4,no,premium
4177,Mastercard,Debit (Prepaid),yes,1,63,08/2006,2014,no,12,2020,6,no,low
2484,Mastercard,Credit,yes,2,8100,04/2005,2008,no,18,2020,6,yes,high
3113,Amex,Credit,yes,2,10000,05/2012,2012,no,14,2024,2,yes,premium
2758,Discover,Credit,yes,2,8700,04/2016,2016,no,10,2024,2,yes,high
3889,Mastercard,Debit,no,2,11900,07/2009,2010,no,16,2023,3,yes,premium
4776,Mastercard,Credit,yes,1,5700,09/2010,2015,no,11,2023,3,no,high
1348,Visa,Credit,yes,2,3400,02/2014,2014,no,12,2022,4,yes,medium
4657,Discover,Credit,yes,2,5300,09/2008,2011,no,15,2023,3,yes,high
4933,Mastercard,Debit,yes,1,16082,10/1998,2010,no,16,2023,3,no,premium
3315,Mastercard,Debit,yes,1,21552,06/2006,2006,no,20,2020,6,no,premium
5708,Mastercard,Debit,yes,1,29037,11/2015,2015,no,11,2022,4,no,premium
2881,Mastercard,Debit,yes,2,19107,05/2005,2005,no,21,2006,20,yes,premium
5051,Mastercard,Debit,yes,2,26562,10/2006,2008,no,18,2012,14,yes,premium
4503,Discover,Credit,yes,1,9800,09/2000,2011,no,15,2020,6,no,high
839,Visa,Credit,yes,2,13000,01/2020,2020,no,6,2023,3,yes,premium
586,Mastercard,Debit,yes,2,14733,01/2020,2020,no,6,2020,6,yes,premium
1620,Mastercard,Debit,yes,2,7476,02/2020,2020,no,6,2020,6,yes,high
587,Mastercard,Debit (Prepaid),yes,2,60,01/2020,2020,no,6,2024,2,yes,low
2088,Mastercard,Debit,yes,2,29471,03/2005,2011,no,15,2019,7,yes,premium
2496,Visa,Credit,yes,1,17700,04/2005,2010,no,16,2014,12,no,premium
3851,Mastercard,Debit,yes,2,11969,07/2008,2008,no,18,2023,3,yes,premium
3363,Visa,Debit,yes,2,7946,06/2007,2014,no,12,2022,4,yes,high
4621,Visa,Debit (Prepaid),yes,1,41,09/2006,2017,no,9,2011,15,no,low
4989,Mastercard,Debit,yes,1,12873,10/2003,2008,no,18,2023,3,no,premium
2462,Mastercard,Debit,yes,1,17629,04/2004,2012,no,14,2023,3,no,premium
588,Mastercard,Debit,yes,1,6497,01/2020,2020,no,6,2024,2,no,high
589,Mastercard,Debit (Prepaid),yes,1,67,01/2020,2020,no,6,2021,5,no,low
5309,Visa,Credit,yes,1,3300,10/2015,2015,no,11,2021,5,no,medium
2513,Visa,Debit (Prepaid),yes,2,85,04/2006,2010,no,16,2022,4,yes,low
1088,Mastercard,Debit (Prepaid),no,1,39,02/2006,2006,no,20,2020,6,no,low
5290,Mastercard,Debit,yes,1,26162,10/2014,2014,no,12,2023,3,no,premium
2686,Visa,Credit,yes,1,13700,04/2011,2014,no,12,2024,2,no,premium
2619,Visa,Debit,yes,2,31504,04/2009,2014,no,12,2022,4,yes,premium
4178,Mastercard,Debit,yes,2,9010,08/2006,2007,no,19,2009,17,yes,high
3164,Mastercard,Debit,yes,1,64059,05/2015,2015,no,11,2024,2,no,premium
5026,Mastercard,Debit (Prepaid),yes,2,62,10/2005,2008,no,18,2021,5,yes,low
5528,Mastercard,Debit,no,2,29601,11/2008,2011,no,15,2018,8,yes,premium
3890,Mastercard,Credit,yes,1,21800,07/2009,2014,no,12,2012,14,no,premium
6003,Mastercard,Debit,yes,2,49790,12/2010,2010,no,16,2022,4,yes,premium
4061,Visa,Debit,yes,1,13438,07/2017,2017,no,9,2020,6,no,premium
2262,Visa,Credit,yes,1,9600,03/2010,2011,no,15,2024,2,no,high
5509,Visa,Credit,yes,1,6300,11/2007,2007,no,19,2021,5,no,high
4521,Mastercard,Debit,yes,1,12348,09/2002,2008,no,18,2023,3,no,premium
590,Mastercard,Debit,yes,1,9632,01/2020,2020,no,6,2020,6,no,high
1621,Mastercard,Debit,yes,2,9490,02/2020,2020,no,6,2024,2,yes,high
591,Mastercard,Debit,no,2,32399,01/2020,2020,no,6,2024,2,yes,premium
2590,Visa,Debit,no,2,12810,04/2008,2008,no,18,2015,11,yes,premium
4578,Mastercard,Credit,yes,2,9300,09/2005,2014,no,12,2012,14,yes,high
5411,Mastercard,Debit,yes,2,7564,11/2004,2016,no,10,2017,9,yes,high
4459,Visa,Debit,yes,1,22765,08/2016,2016,no,10,2021,5,no,premium
3309,Discover,Credit,yes,1,11300,06/2006,2012,no,14,2021,5,no,premium
131,Mastercard,Debit,yes,1,10369,01/2007,2011,no,15,2022,4,no,premium
26,Mastercard,Credit,yes,2,10200,01/2002,2011,no,15,2020,6,yes,premium
3020,Visa,Credit,yes,2,12100,05/2009,2019,no,7,2024,2,yes,premium
3219,Visa,Debit,yes,2,15409,06/2000,2017,no,9,2020,6,yes,premium
1195,Visa,Credit,yes,2,22500,02/2009,2012,no,14,2024,2,yes,premium
592,Mastercard,Credit,no,3,6700,01/2020,2020,no,6,2020,6,yes,high
4301,Visa,Debit,yes,2,842,08/2009,2009,no,17,2022,4,yes,low
3005,Mastercard,Debit,yes,2,10049,05/2009,2009,no,17,2009,17,yes,premium
2645,Mastercard,Debit,yes,2,11625,04/2010,2012,no,14,2018,8,yes,premium
2646,Mastercard,Credit,yes,2,5800,04/2010,2011,no,15,2021,5,yes,high
1146,Mastercard,Debit,no,3,17515,02/2008,2010,no,16,2020,6,yes,premium
1890,Visa,Debit,yes,2,1696,02/2020,2020,no,6,2024,2,yes,medium
5187,Discover,Credit,yes,2,11400,10/2010,2011,no,15,2010,16,yes,premium
3308,Visa,Credit,yes,2,10600,06/2005,2017,no,9,2020,6,yes,premium
3925,Discover,Credit,no,1,21500,07/2010,2010,no,16,2010,16,no,premium
5813,Mastercard,Debit,yes,2,32784,12/2004,2008,no,18,2021,5,yes,premium
3806,Mastercard,Debit,yes,2,13510,07/2007,2016,no,10,2022,4,yes,premium
3558,Visa,Credit,yes,1,14000,06/2012,2012,no,14,2012,14,no,premium
5610,Mastercard,Debit (Prepaid),no,3,38,11/2010,2013,no,13,2018,8,yes,low
1891,Visa,Debit,no,1,28471,02/2020,2020,no,6,2020,6,no,premium
593,Mastercard,Debit,yes,2,33833,01/2020,2020,no,6,2023,3,yes,premium
3655,Visa,Debit,no,2,14751,07/1999,2012,no,14,2020,6,yes,premium
3999,Mastercard,Debit,yes,1,27268,07/2012,2012,no,14,2024,2,no,premium
1411,Amex,Credit,yes,1,16400,02/2020,2020,no,6,2020,6,no,premium
4639,Mastercard,Credit,yes,1,17600,09/2007,2014,no,12,2019,7,no,premium
1271,Mastercard,Debit,yes,2,31490,02/2011,2011,no,15,2021,5,yes,premium
1622,Mastercard,Debit,yes,2,31008,02/2020,2020,no,6,2021,5,yes,premium
1623,Mastercard,Debit,yes,2,25558,02/2020,2020,no,6,2020,6,yes,premium
1112,Mastercard,Debit (Prepaid),yes,2,54,02/2007,2010,no,16,2023,3,yes,low
1043,Visa,Credit,yes,1,7200,02/2004,2015,no,11,2024,2,no,high
2664,Visa,Debit,yes,2,5080,04/2010,2010,no,16,2022,4,yes,high
431,Discover,Credit,yes,1,2700,01/2020,2020,no,6,2020,6,no,medium
4512,Mastercard,Debit,yes,2,9278,09/2001,2011,no,15,2021,5,yes,high
2244,Discover,Credit,yes,1,6000,03/2010,2016,no,10,2022,4,no,high
299,Mastercard,Debit,yes,1,27243,01/2012,2012,no,14,2022,4,no,premium
1127,Visa,Debit,yes,2,23237,02/2007,2009,no,17,2017,9,yes,premium
5660,Visa,Debit,yes,2,16008,11/2011,2011,no,15,2022,4,yes,premium
300,Mastercard,Debit,yes,1,16279,01/2012,2012,no,14,2022,4,no,premium
4853,Mastercard,Debit,no,1,16003,09/2013,2013,no,13,2014,12,no,premium
4206,Mastercard,Debit,yes,2,5488,08/2007,2014,no,12,2021,5,yes,high
1892,Visa,Debit,yes,1,45222,02/2020,2020,no,6,2020,6,no,premium
321,Visa,Debit,yes,1,32071,01/2013,2013,no,13,2021,5,no,premium
1893,Visa,Debit,yes,2,16783,02/2020,2020,no,6,2020,6,yes,premium
1894,Visa,Debit,yes,2,13524,02/2020,2020,no,6,2023,3,yes,premium
1895,Visa,Credit,yes,2,15000,02/2020,2020,no,6,2021,5,yes,premium
5008,Mastercard,Debit,yes,1,20062,10/2004,2010,no,16,2005,21,no,premium
161,Mastercard,Credit,yes,2,8100,01/2008,2009,no,17,2021,5,yes,high
4640,Mastercard,Debit,no,2,4335,09/2007,2007,no,19,2021,5,yes,medium
4777,Mastercard,Credit,yes,2,2000,09/2010,2010,no,16,2024,2,yes,medium
4302,Visa,Debit,yes,1,25445,08/2009,2009,no,17,2022,4,no,premium
1215,Mastercard,Credit,yes,1,17400,02/2010,2010,no,16,2024,2,no,premium
5430,Mastercard,Debit,yes,2,34684,11/2005,2008,no,18,2019,7,yes,premium
5709,Mastercard,Debit,yes,2,28125,11/2015,2015,no,11,2022,4,yes,premium
1624,Mastercard,Debit,yes,2,49705,02/2020,2020,no,6,2020,6,yes,premium
3908,Visa,Debit,no,2,31424,07/2009,2010,no,16,2014,12,yes,premium
2295,Amex,Credit,yes,2,7900,03/2012,2012,no,14,2023,3,yes,high
1089,Mastercard,Debit,yes,1,19097,02/2006,2011,no,15,2006,20,no,premium
5228,Amex,Credit,yes,1,10100,10/2011,2015,no,11,2021,5,no,premium
2306,Visa,Debit,yes,1,32423,03/2012,2012,no,14,2023,3,no,premium
5661,Visa,Credit,yes,1,16900,11/2011,2011,no,15,2015,11,no,premium
1031,Mastercard,Debit,yes,1,17686,02/2004,2007,no,19,2021,5,no,premium
4229,Visa,Credit,no,1,8100,08/2007,2009,no,17,2020,6,no,high
3290,Mastercard,Debit,no,1,10059,06/2005,2014,no,12,2020,6,no,premium
4822,Visa,Debit,no,1,4302,09/2011,2015,no,11,2022,4,no,medium
1287,Visa,Credit,yes,1,7300,02/2011,2011,no,15,2020,6,no,high
5154,Mastercard,Debit,yes,1,13123,10/2009,2014,no,12,2024,2,no,premium
3252,Mastercard,Debit,yes,1,3630,06/2003,2009,no,17,2023,3,no,medium
4230,Visa,Debit,yes,1,20173,08/2007,2012,no,14,2022,4,no,premium
3462,Amex,Credit,yes,1,9500,06/2010,2014,no,12,2013,13,no,high
1625,Mastercard,Debit,yes,2,10141,02/2020,2020,no,6,2021,5,yes,premium
3533,Visa,Credit,yes,1,16800,06/2011,2011,no,15,2013,13,no,premium
5745,Visa,Credit,no,1,15900,11/2019,2019,no,7,2020,6,no,premium
5725,Mastercard,Debit,yes,1,24080,11/2016,2016,no,10,2018,8,no,premium
5510,Visa,Credit,yes,1,20400,11/2007,2007,no,19,2023,3,no,premium
2534,Mastercard,Credit,yes,1,22000,04/2007,2013,no,13,2009,17,no,premium
5763,Visa,Credit,yes,2,28300,12/1999,2008,no,18,2020,6,yes,premium
4778,Mastercard,Debit,yes,1,27761,09/2010,2010,no,16,2021,5,no,premium
2485,Mastercard,Credit,yes,1,21200,04/2005,2012,no,14,2023,3,no,premium
5174,Visa,Debit,yes,1,20560,10/2009,2009,no,17,2024,2,no,premium
3389,Mastercard,Debit,yes,2,3095,06/2008,2012,no,14,2013,13,yes,medium
4179,Mastercard,Debit,yes,2,43879,08/2006,2015,no,11,2021,5,yes,premium
594,Mastercard,Debit,yes,2,21359,01/2020,2020,no,6,2022,4,yes,premium
1626,Mastercard,Credit,yes,1,10200,02/2020,2020,no,6,2024,2,no,premium
4399,Visa,Debit,yes,2,16332,08/2012,2012,no,14,2022,4,yes,premium
2647,Mastercard,Credit,yes,1,9100,04/2010,2019,no,7,2022,4,no,high
2687,Visa,Debit,yes,1,2289,04/2011,2011,no,15,2024,2,no,medium
113,Visa,Debit,yes,1,23631,01/2006,2014,no,12,2021,5,no,premium
3133,Mastercard,Debit,yes,1,17995,05/2013,2013,no,13,2024,2,no,premium
4513,Mastercard,Credit,yes,1,14900,09/2001,2008,no,18,2024,2,no,premium
1032,Mastercard,Debit,yes,2,26830,02/2004,2004,no,22,2023,3,yes,premium
2060,Mastercard,Debit,yes,1,202,03/2004,2013,no,13,2023,3,no,low
2486,Mastercard,Debit,no,2,11460,04/2005,2012,no,14,2023,3,yes,premium
1627,Mastercard,Debit,yes,1,11934,02/2020,2020,no,6,2020,6,no,premium
595,Mastercard,Debit,yes,1,12427,01/2020,2020,no,6,2020,6,no,premium
596,Mastercard,Debit,yes,1,24432,01/2020,2020,no,6,2020,6,no,premium
1896,Visa,Debit,yes,2,6513,02/2020,2020,no,6,2024,2,yes,high
840,Visa,Credit,yes,2,1500,01/2020,2020,no,6,2021,5,yes,medium
4292,Mastercard,Credit,yes,2,1500,08/2009,2009,no,17,2024,2,yes,medium
3909,Visa,Credit,yes,2,8300,07/2009,2011,no,15,2009,17,yes,high
132,Mastercard,Credit,yes,2,9300,01/2007,2010,no,16,2024,2,yes,high
1897,Visa,Debit (Prepaid),yes,2,87,02/2020,2020,no,6,2020,6,yes,low
5239,Mastercard,Debit,yes,1,14104,10/2011,2011,no,15,2012,14,no,premium
3520,Mastercard,Debit,yes,2,14725,06/2011,2011,no,15,2022,4,yes,premium
5134,Visa,Debit,yes,2,12016,10/2008,2011,no,15,2020,6,yes,premium
4252,Mastercard,Debit,yes,2,22567,08/2008,2009,no,17,2022,4,yes,premium
5472,Visa,Debit,yes,2,26743,11/2006,2013,no,13,2022,4,yes,premium
3220,Visa,Debit,yes,1,16722,06/2000,2005,no,21,2021,5,no,premium
4188,Visa,Debit,yes,2,9521,08/2006,2007,no,19,2023,3,yes,high
4428,Mastercard,Debit,yes,1,14253,08/2014,2014,no,12,2021,5,no,premium
597,Mastercard,Debit (Prepaid),yes,1,78,01/2020,2020,no,6,2024,2,no,low
313,Mastercard,Debit,yes,1,26678,01/2013,2013,no,13,2024,2,no,premium
2688,Visa,Debit,yes,2,15652,04/2011,2011,no,15,2023,3,yes,premium
4658,Discover,Credit,yes,2,6900,09/2008,2011,no,15,2009,17,yes,high
1177,Mastercard,Debit,yes,1,13378,02/2009,2009,no,17,2024,2,no,premium
4496,Visa,Debit,yes,2,15516,09/1998,2014,no,12,2020,6,yes,premium
3746,Visa,Debit,yes,2,9956,07/2005,2010,no,16,2024,2,yes,high
5155,Mastercard,Debit,yes,1,3614,10/2009,2009,no,17,2020,6,no,medium
5631,Visa,Debit,yes,2,5992,11/2010,2011,no,15,2020,6,yes,high
1628,Mastercard,Debit,yes,2,31219,02/2020,2020,no,6,2023,3,yes,premium
4069,Mastercard,Debit,yes,1,20619,07/2018,2018,no,8,2021,5,no,premium
5156,Mastercard,Debit (Prepaid),yes,1,74,10/2009,2009,no,17,2019,7,no,low
1898,Visa,Debit,yes,1,22768,02/2020,2020,no,6,2022,4,no,premium
1899,Visa,Credit,no,1,3000,02/2020,2020,no,6,2021,5,no,medium
598,Mastercard,Credit,yes,2,11500,01/2020,2020,no,6,2020,6,yes,premium
1629,Mastercard,Debit,yes,2,7458,02/2020,2020,no,6,2024,2,yes,high
3109,Visa,Debit,yes,1,15504,05/2011,2012,no,14,2023,3,no,premium
4133,Mastercard,Credit,yes,1,5600,08/2004,2019,no,7,2020,6,no,high
2022,Mastercard,Debit,yes,2,3117,03/2001,2006,no,20,2024,2,yes,medium
3659,Visa,Debit,yes,1,14007,07/2000,2015,no,11,2022,4,no,premium
5946,Visa,Debit,yes,2,13390,12/2008,2010,no,16,2021,5,yes,premium
3332,Visa,Debit,yes,2,35649,06/2006,2011,no,15,2021,5,yes,premium
2073,Visa,Debit,yes,2,18979,03/2004,2008,no,18,2012,14,yes,premium
5860,Mastercard,Credit,no,2,10000,12/2006,2012,no,14,2023,3,yes,premium
4303,Visa,Debit (Prepaid),yes,2,63,08/2009,2014,no,12,2018,8,yes,low
4253,Mastercard,Debit,yes,2,24878,08/2008,2011,no,15,2021,5,yes,premium
2630,Amex,Credit,yes,2,23900,04/2010,2012,no,14,2023,3,yes,premium
4160,Mastercard,Debit,yes,2,9213,08/2005,2009,no,17,2022,4,yes,high
4381,Visa,Debit,yes,2,23538,08/2011,2011,no,15,2024,2,yes,premium
4900,Visa,Debit,yes,2,15658,09/2016,2016,no,10,2017,9,yes,premium
2118,Mastercard,Credit,yes,1,8900,03/2006,2011,no,15,2021,5,no,high
599,Mastercard,Debit (Prepaid),yes,1,58,01/2020,2020,no,6,2020,6,no,low
1272,Mastercard,Debit,yes,1,12782,02/2011,2011,no,15,2022,4,no,premium
5217,Visa,Debit,yes,1,17297,10/2010,2010,no,16,2016,10,no,premium
4083,Mastercard,Credit,yes,1,10600,08/1994,2011,no,15,2024,2,no,premium
1052,Mastercard,Debit,yes,1,10644,02/2005,2011,no,15,2020,6,no,premium
4867,Visa,Debit,yes,1,13438,09/2013,2013,no,13,2015,11,no,premium
969,Mastercard,Debit,yes,1,14269,02/1999,2011,no,15,2023,3,no,premium
1250,Visa,Credit,yes,2,9300,02/2010,2010,no,16,2023,3,yes,high
3910,Visa,Debit,yes,2,34175,07/2009,2011,no,15,2017,9,yes,premium
5871,Visa,Debit,yes,2,367,12/2006,2010,no,16,2024,2,yes,low
4720,Mastercard,Debit,yes,2,441,09/2009,2014,no,12,2022,4,yes,low
3056,Mastercard,Debit,yes,2,11087,05/2010,2011,no,15,2021,5,yes,premium
4286,Amex,Credit,yes,2,12200,08/2009,2011,no,15,2020,6,yes,premium
227,Mastercard,Debit,yes,2,12102,01/2010,2010,no,16,2020,6,yes,premium
197,Mastercard,Debit,yes,1,24068,01/2009,2009,no,17,2020,6,no,premium
3192,Mastercard,Debit,yes,2,15305,05/2017,2017,no,9,2024,2,yes,premium
1196,Visa,Debit,yes,2,11268,02/2009,2013,no,13,2024,2,yes,premium
4180,Mastercard,Debit,yes,2,5997,08/2006,2012,no,14,2020,6,yes,high
2439,Amex,Credit,yes,2,4000,04/2003,2011,no,15,2021,5,yes,medium
190,Amex,Credit,no,2,9700,01/2009,2009,no,17,2023,3,yes,high
4916,Mastercard,Debit,yes,2,21502,09/2018,2018,no,8,2024,2,yes,premium
2119,Mastercard,Debit,yes,2,2042,03/2006,2013,no,13,2022,4,yes,medium
1090,Mastercard,Debit,yes,1,13922,02/2006,2012,no,14,2023,3,no,premium
5047,Discover,Credit,yes,2,13100,10/2006,2006,no,20,2023,3,yes,premium
1161,Visa,Debit,yes,2,15227,02/2008,2015,no,11,2016,10,yes,premium
1251,Visa,Credit,yes,2,3300,02/2010,2010,no,16,2023,3,yes,medium
5440,Visa,Debit,yes,1,19829,11/2005,2010,no,16,2021,5,no,premium
600,Mastercard,Debit,no,1,23996,01/2020,2020,no,6,2020,6,no,premium
4552,Mastercard,Debit (Prepaid),yes,1,55,09/2004,2010,no,16,2024,2,no,low
1900,Visa,Debit,yes,1,37941,02/2020,2020,no,6,2020,6,no,premium
5417,Visa,Credit,yes,1,37600,11/2004,2006,no,20,2008,18,no,premium
45,Visa,Debit,yes,2,33390,01/2003,2007,no,19,2023,3,yes,premium
4392,Mastercard,Debit,yes,2,22532,08/2012,2012,no,14,2021,5,yes,premium
6109,Mastercard,Debit,yes,2,16325,12/2015,2015,no,11,2024,2,yes,premium
2487,Mastercard,Debit,yes,1,17885,04/2005,2010,no,16,2023,3,no,premium
5397,Visa,Debit,yes,1,24827,11/2003,2008,no,18,2023,3,no,premium
3165,Mastercard,Debit,yes,1,30704,05/2015,2015,no,11,2015,11,no,premium
3499,Visa,Debit,yes,2,13637,06/2010,2012,no,14,2020,6,yes,premium
5157,Mastercard,Debit,yes,1,2504,10/2009,2016,no,10,2024,2,no,medium
5473,Visa,Debit,yes,1,15535,11/2006,2015,no,11,2023,3,no,premium
4254,Mastercard,Debit,yes,1,14898,08/2008,2008,no,18,2022,4,no,premium
1147,Mastercard,Debit,yes,2,9696,02/2008,2014,no,12,2023,3,yes,high
4738,Visa,Debit,yes,1,22310,09/2009,2011,no,15,2023,3,no,premium
841,Visa,Debit (Prepaid),no,1,76,01/2020,2020,no,6,2020,6,no,low
402,Amex,Credit,yes,2,8000,01/2020,2020,no,6,2024,2,yes,high
1630,Mastercard,Credit,yes,2,9200,02/2020,2020,no,6,2024,2,yes,high
1631,Mastercard,Debit,yes,1,21244,02/2020,2020,no,6,2020,6,no,premium
1901,Visa,Debit,no,2,20751,02/2020,2020,no,6,2022,4,yes,premium
2061,Mastercard,Debit,yes,2,16347,03/2004,2010,no,16,2019,7,yes,premium
3951,Visa,Debit,yes,1,23404,07/2010,2012,no,14,2023,3,no,premium
4976,Visa,Debit,yes,2,20930,10/2002,2008,no,18,2022,4,yes,premium
2322,Visa,Debit,yes,2,23014,03/2013,2013,no,13,2013,13,yes,premium
842,Visa,Credit,yes,2,9500,01/2020,2020,no,6,2022,4,yes,high
962,Mastercard,Debit,yes,1,2778,02/1998,2005,no,21,2020,6,no,medium
2741,Amex,Credit,yes,2,11800,04/2015,2015,no,11,2020,6,yes,premium
2853,Discover,Credit,yes,1,11500,05/2004,2007,no,19,2020,6,no,premium
1137,Discover,Credit,yes,2,13000,02/2008,2009,no,17,2009,17,yes,premium
2765,Visa,Debit,yes,1,21102,04/2016,2016,no,10,2024,2,no,premium
4622,Visa,Debit (Prepaid),yes,1,60,09/2006,2009,no,17,2021,5,no,low
179,Visa,Credit,yes,2,23100,01/2008,2010,no,16,2020,6,yes,premium
4449,Mastercard,Debit,yes,1,34826,08/2015,2015,no,11,2021,5,no,premium
5317,Visa,Debit,no,1,25429,10/2016,2016,no,10,2023,3,no,premium
989,Mastercard,Debit,yes,1,79717,02/2001,2013,no,13,2022,4,no,premium
3274,Mastercard,Debit,yes,2,5307,06/2004,2010,no,16,2023,3,yes,high
3736,Mastercard,Debit,yes,2,47131,07/2005,2008,no,18,2019,7,yes,premium
71,Mastercard,Debit,yes,2,36724,01/2005,2010,no,16,2021,5,yes,premium
1216,Mastercard,Debit,yes,1,6875,02/2010,2012,no,14,2024,2,no,high
5671,Mastercard,Debit,yes,1,17229,11/2012,2012,no,14,2024,2,no,premium
1356,Mastercard,Debit,yes,1,31747,02/2015,2015,no,11,2022,4,no,premium
1317,Mastercard,Debit,yes,2,50127,02/2013,2013,no,13,2023,3,yes,premium
1205,Discover,Credit,yes,2,21400,02/2010,2010,no,16,2022,4,yes,premium
4641,Mastercard,Debit,yes,2,24614,09/2007,2012,no,14,2022,4,yes,premium
4605,Mastercard,Debit,yes,2,2809,09/2006,2011,no,15,2023,3,yes,medium
3694,Mastercard,Debit,no,2,15076,07/2003,2015,no,11,2007,19,yes,premium
3869,Visa,Debit,yes,1,27646,07/2008,2009,no,17,2020,6,no,premium
360,Mastercard,Debit,yes,1,20447,01/2017,2017,no,9,2021,5,no,premium
2675,Mastercard,Debit,yes,1,29948,04/2011,2011,no,15,2021,5,no,premium
4541,Visa,Debit,yes,2,28021,09/2003,2011,no,15,2020,6,yes,premium
6087,Mastercard,Debit (Prepaid),no,1,58,12/2013,2013,no,13,2013,13,no,low
601,Mastercard,Debit (Prepaid),yes,2,44,01/2020,2020,no,6,2020,6,yes,low
1632,Mastercard,Debit,yes,2,19880,02/2020,2020,no,6,2022,4,yes,premium
602,Mastercard,Credit,yes,1,12700,01/2020,2020,no,6,2021,5,no,premium
1308,Visa,Debit,yes,1,42670,02/2012,2012,no,14,2024,2,no,premium
603,Mastercard,Debit,no,1,21611,01/2020,2020,no,6,2020,6,no,premium
3631,Mastercard,Debit,yes,2,50521,06/2018,2018,no,8,2021,5,yes,premium
2648,Mastercard,Debit,yes,2,27982,04/2010,2010,no,16,2024,2,yes,premium
5965,Mastercard,Debit,yes,1,22886,12/2009,2009,no,17,2023,3,no,premium
2882,Mastercard,Debit,yes,2,32049,05/2005,2005,no,21,2020,6,yes,premium
5118,Mastercard,Debit,no,1,45141,10/2008,2010,no,16,2023,3,no,premium
5009,Mastercard,Debit (Prepaid),yes,1,44,10/2004,2014,no,12,2023,3,no,low
2822,Amex,Credit,yes,1,26900,05/2002,2019,no,7,2023,3,no,premium
5651,Mastercard,Debit,yes,2,5414,11/2011,2012,no,14,2023,3,yes,high
5010,Mastercard,Debit,yes,2,17846,10/2004,2011,no,15,2018,8,yes,premium
3952,Visa,Debit (Prepaid),yes,2,51,07/2010,2014,no,12,2022,4,yes,low
979,Mastercard,Debit,yes,2,39080,02/2000,2017,no,9,2019,7,yes,premium
3390,Mastercard,Credit,yes,1,5600,06/2008,2011,no,15,2024,2,no,high
2930,Mastercard,Debit,yes,2,7090,05/2007,2017,no,9,2020,6,yes,high
3992,Amex,Credit,yes,1,4600,07/2012,2012,no,14,2023,3,no,medium
3338,Amex,Credit,yes,1,6900,06/2007,2008,no,18,2020,6,no,high
2018,Discover,Credit,yes,2,7900,03/2001,2004,no,22,2020,6,yes,high
3521,Mastercard,Debit,no,1,415,06/2011,2013,no,13,2023,3,no,low
1412,Amex,Credit,yes,1,11800,02/2020,2020,no,6,2021,5,no,premium
4479,Mastercard,Debit,yes,1,10107,08/2019,2019,no,7,2020,6,no,premium
3283,Visa,Debit,no,2,12286,06/2004,2013,no,13,2024,2,yes,premium
1178,Mastercard,Debit,yes,2,18894,02/2009,2015,no,11,2022,4,yes,premium
4407,Mastercard,Debit,yes,1,35175,08/2013,2013,no,13,2017,9,no,premium
3291,Mastercard,Debit,yes,1,21205,06/2005,2010,no,16,2021,5,no,premium
4056,Mastercard,Debit,no,1,25985,07/2017,2017,no,9,2021,5,no,premium
3711,Mastercard,Debit,no,1,39431,07/2004,2008,no,18,2024,2,no,premium
4342,Visa,Debit,yes,2,18288,08/2010,2012,no,14,2024,2,yes,premium
143,Visa,Credit,yes,1,9000,01/2007,2007,no,19,2020,6,no,high
2184,Mastercard,Debit,yes,2,12367,03/2008,2008,no,18,2021,5,yes,premium
3609,Mastercard,Debit,yes,2,19619,06/2016,2016,no,10,2021,5,yes,premium
403,Amex,Credit,yes,1,12800,01/2020,2020,no,6,2020,6,no,premium
1349,Visa,Credit,yes,1,9500,02/2014,2014,no,12,2022,4,no,high
162,Mastercard,Debit,yes,2,3966,01/2008,2013,no,13,2024,2,yes,medium
4721,Mastercard,Debit,yes,2,8812,09/2009,2009,no,17,2009,17,yes,high
2051,Visa,Debit,yes,2,13434,03/2003,2003,no,23,2022,4,yes,premium
5934,Mastercard,Debit,yes,1,13104,12/2008,2017,no,9,2020,6,no,premium
2430,Mastercard,Debit,yes,1,9454,04/2002,2007,no,19,2021,5,no,high
5672,Mastercard,Debit,yes,1,13764,11/2012,2012,no,14,2020,6,no,premium
4470,Mastercard,Debit,yes,1,14639,08/2018,2018,no,8,2024,2,no,premium
4429,Mastercard,Debit,no,2,20277,08/2014,2014,no,12,2024,2,yes,premium
1633,Mastercard,Debit,yes,1,11166,02/2020,2020,no,6,2020,6,no,premium
5491,Mastercard,Credit,yes,2,7200,11/2007,2010,no,16,2024,2,yes,high
3610,Mastercard,Debit,yes,1,12389,06/2016,2016,no,10,2022,4,no,premium
84,Visa,Debit,yes,2,2121,01/2005,2009,no,17,2023,3,yes,medium
5372,Visa,Debit,yes,2,13455,11/2001,2011,no,15,2024,2,yes,premium
2233,Visa,Debit (Prepaid),yes,2,48,03/2009,2013,no,13,2023,3,yes,low
5565,Mastercard,Debit (Prepaid),yes,2,49,11/2009,2009,no,17,2022,4,yes,low
322,Visa,Credit,yes,2,5000,01/2013,2013,no,13,2022,4,yes,medium
3292,Mastercard,Credit,no,1,6800,06/2005,2009,no,17,2010,16,no,high
2985,Visa,Credit,yes,2,24900,05/2008,2013,no,13,2021,5,yes,premium
72,Mastercard,Debit,yes,2,19670,01/2005,2009,no,17,2024,2,yes,premium
1634,Mastercard,Debit,yes,2,23231,02/2020,2020,no,6,2024,2,yes,premium
2131,Visa,Debit (Prepaid),yes,2,18,03/2006,2013,no,13,2022,4,yes,low
5340,Mastercard,Debit,yes,1,13699,10/2019,2019,no,7,2021,5,no,premium
4623,Visa,Credit,no,2,11700,09/2006,2010,no,16,2017,9,yes,premium
5611,Mastercard,Credit,yes,1,1800,11/2010,2010,no,16,2010,16,no,medium
5673,Mastercard,Debit,yes,1,15612,11/2012,2012,no,14,2023,3,no,premium
4642,Mastercard,Debit,yes,1,4699,09/2007,2018,no,8,2024,2,no,medium
1635,Mastercard,Debit,yes,1,77778,02/2020,2020,no,6,2021,5,no,premium
3870,Visa,Debit,no,1,31755,07/2008,2008,no,18,2023,3,no,premium
2695,Mastercard,Debit,yes,1,28601,04/2012,2012,no,14,2024,2,no,premium
2488,Mastercard,Credit,yes,2,25900,04/2005,2011,no,15,2010,16,yes,premium
4953,Mastercard,Debit (Prepaid),yes,2,97,10/2001,2010,no,16,2009,17,yes,low
4207,Mastercard,Debit,no,2,22553,08/2007,2010,no,16,2023,3,yes,premium
5612,Mastercard,Debit (Prepaid),yes,2,65,11/2010,2015,no,11,2022,4,yes,low
39,Mastercard,Debit,yes,2,21225,01/2003,2012,no,14,2024,2,yes,premium
604,Mastercard,Credit,yes,2,13300,01/2020,2020,no,6,2021,5,yes,premium
1217,Mastercard,Debit,yes,2,9141,02/2010,2011,no,15,2022,4,yes,high
5966,Mastercard,Debit,yes,2,14733,12/2009,2011,no,15,2021,5,yes,premium
5384,Visa,Debit,yes,1,15814,11/2002,2010,no,16,2023,3,no,premium
2313,Mastercard,Debit,yes,1,20816,03/2013,2013,no,13,2021,5,no,premium
4695,Visa,Credit,yes,2,8500,09/2008,2010,no,16,2014,12,yes,high
4471,Mastercard,Debit,yes,1,35493,08/2018,2018,no,8,2021,5,no,premium
5271,Mastercard,Debit,yes,2,58311,10/2013,2013,no,13,2020,6,yes,premium
1636,Mastercard,Credit,yes,1,24700,02/2020,2020,no,6,2023,3,no,premium
198,Mastercard,Debit,yes,2,66779,01/2009,2011,no,15,2024,2,yes,premium
1113,Mastercard,Debit (Prepaid),yes,1,58,02/2007,2012,no,14,2024,2,no,low
2211,Discover,Credit,yes,2,7400,03/2009,2017,no,9,2023,3,yes,high
5935,Mastercard,Debit,yes,2,11310,12/2008,2012,no,14,2020,6,yes,premium
1273,Mastercard,Credit,no,2,7200,02/2011,2011,no,15,2019,7,yes,high
2251,Mastercard,Debit,no,1,28352,03/2010,2012,no,14,2022,4,no,premium
2993,Amex,Credit,yes,2,10000,05/2009,2011,no,15,2016,10,yes,premium
4898,Mastercard,Debit,yes,1,32325,09/2016,2016,no,10,2024,2,no,premium
4025,Mastercard,Debit,yes,2,22405,07/2014,2014,no,12,2018,8,yes,premium
3374,Amex,Credit,yes,1,17300,06/2008,2013,no,13,2021,5,no,premium
605,Mastercard,Debit,yes,1,11163,01/2020,2020,no,6,2020,6,no,premium
3096,Mastercard,Debit,yes,1,13612,05/2011,2011,no,15,2024,2,no,premium
5588,Visa,Debit,yes,1,11168,11/2009,2009,no,17,2016,10,no,premium
843,Visa,Credit,no,2,6200,01/2020,2020,no,6,2020,6,yes,high
2567,Mastercard,Debit (Prepaid),yes,1,61,04/2008,2009,no,17,2019,7,no,low
1392,Mastercard,Debit,yes,1,12103,02/2019,2019,no,7,2020,6,no,premium
2994,Discover,Credit,yes,2,7900,05/2009,2010,no,16,2022,4,yes,high
2301,Mastercard,Debit,yes,1,11408,03/2012,2012,no,14,2016,10,no,premium
4779,Mastercard,Debit,yes,1,22362,09/2010,2014,no,12,2021,5,no,premium
1902,Visa,Debit,yes,1,14993,02/2020,2020,no,6,2020,6,no,premium
1413,Amex,Credit,no,2,8300,02/2020,2020,no,6,2024,2,yes,high
5967,Mastercard,Debit,yes,1,29716,12/2009,2011,no,15,2021,5,no,premium
4304,Visa,Debit,yes,1,19258,08/2009,2011,no,15,2009,17,no,premium
3021,Visa,Credit,yes,3,13400,05/2009,2011,no,15,2020,6,yes,premium
1903,Visa,Credit,yes,2,17100,02/2020,2020,no,6,2022,4,yes,premium
1904,Visa,Debit,yes,2,16736,02/2020,2020,no,6,2022,4,yes,premium
606,Mastercard,Debit,yes,1,10196,01/2020,2020,no,6,2021,5,no,premium
4564,Visa,Debit,yes,1,20961,09/2004,2010,no,16,2014,12,no,premium
2841,Mastercard,Credit,yes,2,10500,05/2003,2016,no,10,2023,3,yes,premium
309,Amex,Credit,yes,2,16500,01/2013,2013,no,13,2023,3,yes,premium
3184,Visa,Credit,yes,2,11300,05/2016,2016,no,10,2016,10,yes,premium
1380,Mastercard,Debit,yes,1,13866,02/2018,2018,no,8,2021,5,no,premium
1218,Mastercard,Debit,yes,2,14913,02/2010,2010,no,16,2021,5,yes,premium
1448,Discover,Credit,yes,1,6100,02/2020,2020,no,6,2022,4,no,high
5218,Visa,Debit,no,1,3728,10/2010,2010,no,16,2012,14,no,medium
3664,Discover,Credit,yes,1,7400,07/2001,2007,no,19,2024,2,no,high
4722,Mastercard,Debit (Prepaid),yes,1,77,09/2009,2009,no,17,2020,6,no,low
2100,Visa,Debit,yes,1,12299,03/2005,2007,no,19,2021,5,no,premium
248,Visa,Credit,yes,2,6800,01/2010,2010,no,16,2021,5,yes,high
844,Visa,Debit (Prepaid),yes,1,77,01/2020,2020,no,6,2022,4,no,low
3425,Mastercard,Debit,yes,2,2172,06/2009,2017,no,9,2017,9,yes,medium
607,Mastercard,Debit,yes,1,8661,01/2020,2020,no,6,2021,5,no,high
845,Visa,Debit,yes,2,4009,01/2020,2020,no,6,2023,3,yes,medium
1414,Amex,Credit,yes,1,11200,02/2020,2020,no,6,2020,6,no,premium
846,Visa,Debit,yes,2,16479,01/2020,2020,no,6,2021,5,yes,premium
5674,Mastercard,Debit (Prepaid),yes,1,65,11/2012,2012,no,14,2022,4,no,low
3550,Mastercard,Debit,yes,1,17993,06/2012,2012,no,14,2021,5,no,premium
5833,Mastercard,Debit,yes,2,16398,12/2005,2005,no,21,2011,15,yes,premium
3206,Mastercard,Debit,yes,2,21284,06/1998,2016,no,10,2021,5,yes,premium
3599,Visa,Debit,no,2,13022,06/2015,2015,no,11,2021,5,yes,premium
1905,Visa,Credit,yes,1,8500,02/2020,2020,no,6,2020,6,no,high
3448,Visa,Debit,yes,1,34123,06/2009,2009,no,17,2024,2,no,premium
2802,Mastercard,Debit,yes,1,25670,05/1999,2010,no,16,2013,13,no,premium
2803,Mastercard,Credit,yes,1,9000,05/1999,2012,no,14,2020,6,no,high
5947,Visa,Debit,yes,2,8280,12/2008,2017,no,9,2023,3,yes,high
5183,Amex,Credit,yes,2,6400,10/2010,2011,no,15,2021,5,yes,high
5770,Mastercard,Debit,yes,2,9741,12/2001,2010,no,16,2022,4,yes,high
2023,Mastercard,Debit,yes,2,1326,03/2001,2011,no,15,2023,3,yes,medium
4931,Discover,Credit,yes,2,3600,10/1998,2005,no,21,2022,4,yes,medium
2120,Mastercard,Credit,yes,1,5500,03/2006,2012,no,14,2022,4,no,high
2225,Mastercard,Debit,yes,2,16675,03/2009,2009,no,17,2020,6,yes,premium
351,Visa,Debit,yes,2,21594,01/2015,2015,no,11,2021,5,yes,premium
3559,Visa,Debit,yes,1,14277,06/2012,2012,no,14,2020,6,no,premium
2738,Visa,Debit,yes,2,13368,04/2014,2014,no,12,2021,5,yes,premium
5894,Mastercard,Credit,yes,1,12700,12/2007,2016,no,10,2020,6,no,premium
3214,Amex,Credit,yes,1,11200,06/2000,2013,no,13,2015,11,no,premium
4696,Visa,Debit,yes,1,1342,09/2008,2008,no,18,2024,2,no,medium
2986,Visa,Credit,yes,2,8700,05/2008,2009,no,17,2024,2,yes,high
2388,Visa,Debit (Prepaid),yes,2,75,03/2019,2019,no,7,2019,7,yes,low
1033,Mastercard,Debit,yes,1,35062,02/2004,2011,no,15,2021,5,no,premium
4480,Mastercard,Debit,yes,2,17503,08/2019,2019,no,7,2020,6,yes,premium
5662,Visa,Credit,yes,1,16900,11/2011,2011,no,15,2021,5,no,premium
5197,Mastercard,Credit,no,2,9000,10/2010,2010,no,16,2023,3,yes,high
4839,Visa,Credit,yes,2,9800,09/2012,2012,no,14,2024,2,yes,high
5936,Mastercard,Credit,yes,1,10600,12/2008,2009,no,17,2023,3,no,premium
2323,Visa,Credit,yes,1,7200,03/2013,2013,no,13,2020,6,no,high
3339,Amex,Credit,yes,2,7900,06/2007,2017,no,9,2023,3,yes,high
3522,Mastercard,Debit,yes,2,12189,06/2011,2011,no,15,2020,6,yes,premium
5752,Amex,Credit,no,1,12300,12/1997,2009,no,17,2021,5,no,premium
249,Visa,Debit,yes,2,8702,01/2010,2014,no,12,2022,4,yes,high
4553,Mastercard,Debit,yes,2,10638,09/2004,2010,no,16,2022,4,yes,premium
961,Amex,Credit,yes,2,5800,02/1998,2010,no,16,2020,6,yes,high
2033,Mastercard,Credit,yes,1,13200,03/2002,2018,no,8,2020,6,no,premium
5834,Mastercard,Credit,yes,2,4800,12/2005,2009,no,17,2021,5,yes,medium
4408,Mastercard,Credit,yes,2,6800,08/2013,2013,no,13,2020,6,yes,high
5331,Visa,Debit (Prepaid),yes,2,64,10/2018,2018,no,8,2020,6,yes,low
4343,Visa,Credit,yes,1,5800,08/2010,2010,no,16,2011,15,no,high
199,Mastercard,Debit,yes,2,22742,01/2009,2009,no,17,2024,2,yes,premium
1010,Amex,Credit,yes,1,19300,02/2003,2013,no,13,2020,6,no,premium
5548,Visa,Credit,yes,1,13800,11/2008,2008,no,18,2024,2,no,premium
2146,Mastercard,Credit,yes,2,8200,03/2007,2010,no,16,2022,4,yes,high
847,Visa,Debit,yes,2,840,01/2020,2020,no,6,2021,5,yes,low
5350,Visa,Credit,yes,2,12600,11/1996,2014,no,12,2023,3,yes,premium
3476,Mastercard,Debit,yes,2,15552,06/2010,2014,no,12,2023,3,yes,premium
4274,Visa,Debit,yes,1,5133,08/2008,2008,no,18,2022,4,no,high
3772,Mastercard,Debit,yes,2,24049,07/2006,2013,no,13,2020,6,yes,premium
1906,Visa,Debit,yes,1,17382,02/2020,2020,no,6,2020,6,no,premium
1907,Visa,Debit,no,1,19483,02/2020,2020,no,6,2021,5,no,premium
5785,Visa,Debit,yes,2,2174,12/2002,2010,no,16,2020,6,yes,medium
4430,Mastercard,Debit,yes,2,25301,08/2014,2014,no,12,2017,9,yes,premium
4823,Visa,Credit,yes,2,11000,09/2011,2013,no,13,2012,14,yes,premium
1449,Discover,Credit,yes,1,7100,02/2020,2020,no,6,2022,4,no,high
4255,Mastercard,Debit (Prepaid),yes,2,57,08/2008,2008,no,18,2008,18,yes,low
3316,Mastercard,Debit (Prepaid),yes,2,33,06/2006,2013,no,13,2016,10,yes,low
1908,Visa,Credit,no,1,10900,02/2020,2020,no,6,2024,2,no,premium
5099,Visa,Credit,yes,2,7100,10/2007,2007,no,19,2021,5,yes,high
2696,Mastercard,Debit,yes,1,10005,04/2012,2012,no,14,2022,4,no,premium
5663,Visa,Debit,yes,1,10627,11/2011,2011,no,15,2023,3,no,premium
228,Mastercard,Debit,no,2,12157,01/2010,2019,no,7,2024,2,yes,premium
4554,Mastercard,Debit,yes,1,60,09/2004,2009,no,17,2008,18,no,low
3253,Mastercard,Credit,yes,2,10600,06/2003,2008,no,18,2020,6,yes,premium
2307,Visa,Debit,yes,1,17383,03/2012,2012,no,14,2023,3,no,premium
3590,Mastercard,Credit,yes,1,14200,06/2015,2015,no,11,2022,4,no,premium
1219,Mastercard,Debit,no,2,11620,02/2010,2010,no,16,2021,5,yes,premium
144,Visa,Debit,yes,2,16642,01/2007,2012,no,14,2020,6,yes,premium
1371,Mastercard,Credit,yes,1,6900,02/2017,2017,no,9,2020,6,no,high
5065,Visa,Credit,no,2,12500,10/2006,2012,no,14,2007,19,yes,premium
2185,Mastercard,Debit,yes,2,14814,03/2008,2008,no,18,2024,2,yes,premium
3509,Amex,Credit,yes,1,10900,06/2011,2011,no,15,2021,5,no,premium
4723,Mastercard,Debit,yes,2,17253,09/2009,2011,no,15,2023,3,yes,premium
4305,Visa,Debit,yes,2,20756,08/2009,2009,no,17,2009,17,yes,premium
371,Mastercard,Debit,yes,2,22132,01/2018,2018,no,8,2020,6,yes,premium
5566,Mastercard,Debit (Prepaid),yes,2,63,11/2009,2009,no,17,2010,16,yes,low
2226,Mastercard,Credit,yes,1,12100,03/2009,2010,no,16,2024,2,no,premium
3822,Visa,Debit (Prepaid),yes,2,71,07/2007,2014,no,12,2024,2,yes,low
4463,Mastercard,Credit,yes,2,13000,08/2017,2017,no,9,2020,6,yes,premium
2408,Mastercard,Debit,yes,2,12047,04/2000,2008,no,18,2018,8,yes,premium
180,Visa,Credit,no,2,14900,01/2008,2011,no,15,2020,6,yes,premium
1220,Mastercard,Debit,yes,2,14066,02/2010,2012,no,14,2022,4,yes,premium
2883,Mastercard,Debit (Prepaid),no,2,60,05/2005,2013,no,13,2021,5,yes,low
2445,Mastercard,Debit,yes,3,18242,04/2003,2011,no,15,2024,2,yes,premium
2399,Mastercard,Debit,yes,2,2041,04/1997,2012,no,14,2023,3,yes,medium
4724,Mastercard,Debit (Prepaid),yes,2,46,09/2009,2016,no,10,2022,4,yes,low
6031,Visa,Credit,yes,1,12700,12/2010,2011,no,15,2020,6,no,premium
1637,Mastercard,Debit,yes,1,27124,02/2020,2020,no,6,2020,6,no,premium
1450,Discover,Credit,yes,2,6400,02/2020,2020,no,6,2023,3,yes,high
285,Visa,Credit,yes,2,4300,01/2011,2011,no,15,2021,5,yes,medium
5085,Mastercard,Debit,yes,1,1993,10/2007,2015,no,11,2020,6,no,medium
2727,Mastercard,Debit,yes,2,18171,04/2014,2014,no,12,2020,6,yes,premium
3747,Visa,Debit,yes,1,44314,07/2005,2008,no,18,2024,2,no,premium
4947,Discover,Credit,no,1,12700,10/2001,2009,no,17,2022,4,no,premium
2676,Mastercard,Debit,yes,1,21007,04/2011,2011,no,15,2019,7,no,premium
5119,Mastercard,Debit (Prepaid),no,1,65,10/2008,2009,no,17,2017,9,no,low
323,Visa,Debit,yes,1,13342,01/2013,2013,no,13,2021,5,no,premium
5895,Mastercard,Debit,yes,2,10405,12/2007,2011,no,15,2021,5,yes,premium
4739,Visa,Credit,yes,1,12500,09/2009,2009,no,17,2015,11,no,premium
2159,Visa,Debit,yes,2,19070,03/2007,2007,no,19,2022,4,yes,premium
3666,Mastercard,Debit,yes,2,30950,07/2001,2006,no,20,2024,2,yes,premium
3426,Mastercard,Debit (Prepaid),yes,1,80,06/2009,2012,no,14,2020,6,no,low
1909,Visa,Debit,yes,1,26394,02/2020,2020,no,6,2023,3,no,premium
5736,Mastercard,Debit (Prepaid),yes,1,71,11/2018,2018,no,8,2020,6,no,low
5135,Visa,Debit (Prepaid),yes,1,83,10/2008,2008,no,18,2024,2,no,low
5368,Mastercard,Debit,yes,2,12132,11/2001,2014,no,12,2016,10,yes,premium
1318,Mastercard,Credit,yes,2,1900,02/2013,2013,no,13,2015,11,yes,medium
1252,Visa,Debit,yes,2,5507,02/2010,2010,no,16,2021,5,yes,high
4990,Mastercard,Credit,yes,2,6300,10/2003,2010,no,16,2020,6,yes,high
4671,Mastercard,Debit,yes,2,19573,09/2008,2015,no,11,2021,5,yes,premium
5589,Visa,Debit,yes,2,29543,11/2009,2011,no,15,2021,5,yes,premium
3449,Visa,Debit,no,2,19171,06/2009,2013,no,13,2020,6,yes,premium
4393,Mastercard,Debit (Prepaid),yes,1,72,08/2012,2012,no,14,2020,6,no,low
5280,Visa,Debit,yes,1,11710,10/2013,2013,no,13,2014,12,no,premium
2263,Visa,Debit,no,2,24089,03/2010,2010,no,16,2024,2,yes,premium
5240,Mastercard,Debit,yes,1,15900,10/2011,2011,no,15,2024,2,no,premium
6004,Mastercard,Debit,yes,1,11595,12/2010,2010,no,16,2024,2,no,premium
4811,Mastercard,Debit,yes,2,13257,09/2011,2011,no,15,2020,6,yes,premium
4740,Visa,Credit,no,2,7200,09/2009,2009,no,17,2014,12,yes,high
2793,Mastercard,Credit,yes,1,8200,05/1997,2007,no,19,2017,9,no,high
5136,Visa,Debit,yes,2,11678,10/2008,2014,no,12,2024,2,yes,premium
4940,Mastercard,Debit (Prepaid),yes,1,57,10/1999,2017,no,9,2020,6,no,low
3971,Mastercard,Debit,yes,1,10412,07/2011,2017,no,9,2011,15,no,premium
2914,Visa,Debit,yes,1,7808,05/2006,2009,no,17,2023,3,no,high
1332,Visa,Debit,yes,2,43767,02/2013,2013,no,13,2022,4,yes,premium
2186,Mastercard,Credit,yes,1,16600,03/2008,2014,no,12,2021,5,no,premium
2436,Visa,Debit,yes,2,3058,04/2002,2013,no,13,2021,5,yes,medium
4189,Visa,Credit,yes,1,11000,08/2006,2017,no,9,2024,2,no,premium
3582,Mastercard,Credit,yes,1,10800,06/2014,2014,no,12,2018,8,no,premium
1288,Visa,Debit,yes,2,38385,02/2011,2011,no,15,2014,12,yes,premium
994,Visa,Debit,no,1,15277,02/2001,2011,no,15,2008,18,no,premium
3953,Visa,Debit,yes,1,14625,07/2010,2010,no,16,2024,2,no,premium
2410,Visa,Credit,no,2,12400,04/2000,2007,no,19,2010,16,yes,premium
1091,Mastercard,Debit,yes,2,24943,02/2006,2012,no,14,2010,16,yes,premium
3523,Mastercard,Credit,yes,2,12300,06/2011,2011,no,15,2021,5,yes,premium
1415,Amex,Credit,yes,2,10900,02/2020,2020,no,6,2020,6,yes,premium
3637,Visa,Debit,yes,1,14623,06/2018,2018,no,8,2024,2,no,premium
4000,Mastercard,Debit,yes,2,15017,07/2012,2012,no,14,2021,5,yes,premium
4542,Visa,Credit,yes,1,11100,09/2003,2011,no,15,2020,6,no,premium
2453,Amex,Credit,yes,1,400,04/2004,2009,no,17,2023,3,no,low
52,Mastercard,Credit,yes,2,500,01/2004,2008,no,18,2021,5,yes,low
1179,Mastercard,Credit,yes,1,600,02/2009,2013,no,13,2024,2,no,low
5322,Mastercard,Debit,yes,1,17220,10/2017,2017,no,9,2020,6,no,premium
5418,Visa,Debit,yes,1,29041,11/2004,2008,no,18,2020,6,no,premium
3317,Mastercard,Debit,yes,1,25297,06/2006,2006,no,20,2024,2,no,premium
1638,Mastercard,Debit (Prepaid),yes,1,71,02/2020,2020,no,6,2020,6,no,low
6058,Visa,Debit,yes,1,21692,12/2011,2012,no,14,2023,3,no,premium
3364,Visa,Debit,yes,1,18384,06/2007,2009,no,17,2024,2,no,premium
4565,Visa,Credit,yes,1,20700,09/2004,2012,no,14,2023,3,no,premium
1381,Mastercard,Debit,yes,1,20467,02/2018,2018,no,8,2021,5,no,premium
286,Visa,Debit,yes,1,16109,01/2011,2011,no,15,2020,6,no,premium
3727,Amex,Credit,yes,1,13900,07/2005,2012,no,14,2024,2,no,premium
1910,Visa,Credit,yes,1,4400,02/2020,2020,no,6,2022,4,no,medium
2136,Amex,Credit,yes,2,20400,03/2007,2010,no,16,2024,2,yes,premium
5291,Mastercard,Debit,yes,2,18074,10/2014,2014,no,12,2023,3,yes,premium
1639,Mastercard,Debit,yes,1,37778,02/2020,2020,no,6,2024,2,no,premium
4954,Mastercard,Debit,yes,2,26822,10/2001,2007,no,19,2015,11,yes,premium
2801,Visa,Credit,yes,2,15000,05/1998,2008,no,18,2006,20,yes,premium
1221,Mastercard,Debit,yes,1,8451,02/2010,2010,no,16,2023,3,no,high
5613,Mastercard,Debit (Prepaid),yes,2,26,11/2010,2017,no,9,2021,5,yes,low
1253,Visa,Debit,yes,1,20661,02/2010,2010,no,16,2020,6,no,premium
4382,Visa,Debit,yes,2,16523,08/2011,2011,no,15,2018,8,yes,premium
432,Discover,Credit,yes,2,16600,01/2020,2020,no,6,2023,3,yes,premium
4780,Mastercard,Credit,yes,2,14300,09/2010,2010,no,16,2023,3,yes,premium
608,Mastercard,Debit,yes,2,6824,01/2020,2020,no,6,2020,6,yes,high
4606,Mastercard,Debit,yes,1,10589,09/2006,2015,no,11,2023,3,no,premium
4846,Amex,Credit,yes,2,8600,09/2013,2013,no,13,2020,6,yes,high
3403,Visa,Debit,yes,1,26982,06/2008,2008,no,18,2020,6,no,premium
1911,Visa,Credit,yes,2,15000,02/2020,2020,no,6,2020,6,yes,premium
5400,Amex,Credit,yes,2,8100,11/2004,2011,no,15,2023,3,yes,high
5664,Visa,Debit,yes,1,26471,11/2011,2011,no,15,2022,4,no,premium
4624,Visa,Debit,no,1,37656,09/2006,2010,no,16,2022,4,no,premium
5968,Mastercard,Debit,yes,2,27947,12/2009,2011,no,15,2022,4,yes,premium
3057,Mastercard,Debit,yes,1,29465,05/2010,2010,no,16,2024,2,no,premium
3600,Visa,Debit,yes,1,21070,06/2015,2015,no,11,2020,6,no,premium
2384,Mastercard,Debit,yes,2,27537,03/2019,2019,no,7,2021,5,yes,premium
4969,Mastercard,Debit,yes,2,13404,10/2002,2018,no,8,2022,4,yes,premium
324,Visa,Credit,yes,2,2400,01/2013,2013,no,13,2024,2,yes,medium
3080,Visa,Debit,yes,1,3016,05/2010,2011,no,15,2015,11,no,medium
5549,Visa,Debit,yes,2,32809,11/2008,2010,no,16,2020,6,yes,premium
4934,Mastercard,Debit,yes,2,16519,10/1998,2015,no,11,2024,2,yes,premium
4231,Visa,Debit,no,2,28759,08/2007,2014,no,12,2016,10,yes,premium
4981,Discover,Credit,yes,1,12300,10/2003,2010,no,16,2022,4,no,premium
4142,Visa,Credit,yes,2,4900,08/2004,2010,no,16,2012,14,yes,medium
1912,Visa,Debit,yes,1,8980,02/2020,2020,no,6,2024,2,no,high
1640,Mastercard,Debit,yes,1,3402,02/2020,2020,no,6,2020,6,no,medium
848,Visa,Credit,yes,2,8800,01/2020,2020,no,6,2022,4,yes,high
1254,Visa,Debit,yes,2,34877,02/2010,2012,no,14,2021,5,yes,premium
5017,Visa,Credit,yes,1,9900,10/2004,2014,no,12,2024,2,no,high
3318,Mastercard,Debit,yes,2,11382,06/2006,2009,no,17,2020,6,yes,premium
2949,Visa,Credit,yes,1,7500,05/2007,2009,no,17,2023,3,no,high
609,Mastercard,Debit (Prepaid),yes,1,72,01/2020,2020,no,6,2020,6,no,low
5567,Mastercard,Debit,yes,1,26764,11/2009,2014,no,12,2020,6,no,premium
3058,Mastercard,Debit,yes,1,32035,05/2010,2014,no,12,2010,16,no,premium
4854,Mastercard,Debit,yes,1,11906,09/2013,2013,no,13,2014,12,no,premium
5441,Visa,Credit,yes,2,7000,11/2005,2018,no,8,2020,6,yes,high
4161,Mastercard,Debit,yes,2,6993,08/2005,2016,no,10,2014,12,yes,high
2396,Visa,Debit,yes,2,1513,04/1994,2019,no,7,2013,13,yes,medium
1319,Mastercard,Debit,yes,1,18204,02/2013,2013,no,13,2022,4,no,premium
2763,Mastercard,Debit,yes,1,20067,04/2016,2016,no,10,2017,9,no,premium
1067,Visa,Credit,yes,1,14400,02/2005,2012,no,14,2020,6,no,premium
1641,Mastercard,Debit,yes,1,11355,02/2020,2020,no,6,2020,6,no,premium
5343,Visa,Debit,yes,1,10448,10/2019,2019,no,7,2023,3,no,premium
849,Visa,Debit,yes,1,11573,01/2020,2020,no,6,2024,2,no,premium
2967,Mastercard,Debit (Prepaid),yes,1,83,05/2008,2011,no,15,2021,5,no,low
3213,Visa,Debit,no,1,30903,06/1999,2008,no,18,2023,3,no,premium
4889,Visa,Debit (Prepaid),yes,1,91,09/2015,2015,no,11,2021,5,no,low
5299,Visa,Debit (Prepaid),yes,1,62,10/2014,2014,no,12,2020,6,no,low
2813,Mastercard,Debit,yes,2,1936,05/2001,2010,no,16,2024,2,yes,medium
2074,Visa,Credit,yes,1,9100,03/2004,2010,no,16,2022,4,no,high
4383,Visa,Debit,no,2,25726,08/2011,2011,no,15,2021,5,yes,premium
66,Discover,Credit,yes,1,12200,01/2005,2013,no,13,2020,6,no,premium
3987,Visa,Credit,yes,2,400,07/2011,2011,no,15,2022,4,yes,low
4110,Mastercard,Debit,yes,2,20042,08/2002,2006,no,20,2021,5,yes,premium
4741,Visa,Credit,yes,1,7700,09/2009,2009,no,17,2016,10,no,high
306,Visa,Debit (Prepaid),no,2,60,01/2012,2012,no,14,2024,2,yes,low
1642,Mastercard,Debit,yes,2,18725,02/2020,2020,no,6,2020,6,yes,premium
1913,Visa,Credit,yes,1,11100,02/2020,2020,no,6,2021,5,no,premium
610,Mastercard,Debit,yes,2,38,01/2020,2020,no,6,2022,4,yes,low
5052,Mastercard,Debit,yes,1,14185,10/2006,2006,no,20,2020,6,no,premium
181,Visa,Debit,yes,1,16094,01/2008,2010,no,16,2011,15,no,premium
1643,Mastercard,Debit,yes,1,26819,02/2020,2020,no,6,2021,5,no,premium
2454,Amex,Credit,yes,2,14600,04/2004,2013,no,13,2021,5,yes,premium
6059,Visa,Credit,yes,2,5800,12/2011,2011,no,15,2021,5,yes,high
4855,Mastercard,Debit,yes,1,16789,09/2013,2013,no,13,2016,10,no,premium
4409,Mastercard,Debit,yes,1,14213,08/2013,2013,no,13,2020,6,no,premium
4919,Visa,Credit,yes,2,6400,09/2018,2018,no,8,2021,5,yes,high
850,Visa,Debit,yes,1,18373,01/2020,2020,no,6,2020,6,no,premium
4328,Mastercard,Debit,yes,1,16203,08/2010,2010,no,16,2024,2,no,premium
2502,Amex,Credit,yes,2,16500,04/2006,2016,no,10,2023,3,yes,premium
4293,Mastercard,Debit,yes,1,19962,08/2009,2012,no,14,2023,3,no,premium
4607,Mastercard,Debit (Prepaid),yes,2,52,09/2006,2011,no,15,2020,6,yes,low
1197,Visa,Debit,yes,2,2045,02/2009,2014,no,12,2020,6,yes,medium
1255,Visa,Debit,yes,2,21607,02/2010,2018,no,8,2023,3,yes,premium
5492,Mastercard,Debit,yes,2,18109,11/2007,2010,no,16,2015,11,yes,premium
102,Mastercard,Debit,yes,1,14802,01/2006,2008,no,18,2020,6,no,premium
2677,Mastercard,Credit,yes,1,7600,04/2011,2011,no,15,2022,4,no,high
5852,Discover,Credit,yes,1,9000,12/2006,2006,no,20,2021,5,no,high
5086,Mastercard,Debit (Prepaid),yes,1,63,10/2007,2013,no,13,2023,3,no,low
6005,Mastercard,Debit,yes,2,7784,12/2010,2014,no,12,2022,4,yes,high
4256,Mastercard,Debit,yes,1,29761,08/2008,2010,no,16,2009,17,no,premium
5969,Mastercard,Debit (Prepaid),yes,1,64,12/2009,2011,no,15,2023,3,no,low
3365,Visa,Credit,yes,2,9000,06/2007,2009,no,17,2020,6,yes,high
5792,Mastercard,Debit,yes,2,14716,12/2003,2012,no,14,2024,2,yes,premium
3059,Mastercard,Debit,yes,1,23395,05/2010,2020,no,6,2015,11,no,premium
5464,Mastercard,Debit,yes,1,9883,11/2006,2010,no,16,2024,2,no,high
3203,Mastercard,Debit,no,1,8993,05/2019,2019,no,7,2020,6,no,high
5632,Visa,Credit,yes,2,7900,11/2010,2015,no,11,2020,6,yes,high
3972,Mastercard,Debit (Prepaid),yes,2,13,07/2011,2014,no,12,2022,4,yes,low
3871,Visa,Credit,yes,1,9400,07/2008,2012,no,14,2023,3,no,high
5344,Visa,Credit,yes,2,8000,10/2019,2019,no,7,2024,2,yes,high
3225,Mastercard,Debit,yes,1,17527,06/2001,2005,no,21,2021,5,no,premium
6088,Mastercard,Debit,yes,1,11818,12/2013,2013,no,13,2022,4,no,premium
2348,Visa,Credit,yes,2,11600,03/2015,2015,no,11,2023,3,yes,premium
851,Visa,Credit,yes,1,12600,01/2020,2020,no,6,2021,5,no,premium
5198,Mastercard,Debit,no,1,13896,10/2010,2010,no,16,2021,5,no,premium
2678,Mastercard,Credit,yes,1,16400,04/2011,2011,no,15,2024,2,no,premium
2568,Mastercard,Debit,yes,2,29717,04/2008,2008,no,18,2015,11,yes,premium
852,Visa,Debit,yes,1,17431,01/2020,2020,no,6,2024,2,no,premium
5529,Mastercard,Debit,yes,2,11584,11/2008,2012,no,14,2022,4,yes,premium
1357,Mastercard,Credit,yes,2,9000,02/2015,2015,no,11,2016,10,yes,high
5120,Mastercard,Credit,yes,1,7400,10/2008,2009,no,17,2020,6,no,high
2252,Mastercard,Debit,yes,2,13829,03/2010,2016,no,10,2017,9,yes,premium
2404,Mastercard,Debit,yes,2,4589,04/1999,2011,no,15,2024,2,yes,medium
4742,Visa,Credit,yes,2,9000,09/2009,2011,no,15,2022,4,yes,high
5652,Mastercard,Credit,yes,2,9900,11/2011,2011,no,15,2022,4,yes,high
2276,Mastercard,Debit,yes,1,11153,03/2011,2011,no,15,2021,5,no,premium
5314,Mastercard,Debit,no,1,10671,10/2016,2016,no,10,2018,8,no,premium
4045,Mastercard,Debit,no,1,12470,07/2016,2016,no,10,2024,2,no,premium
1644,Mastercard,Credit,yes,2,8700,02/2020,2020,no,6,2023,3,yes,high
310,Discover,Credit,yes,1,7200,01/2013,2013,no,13,2024,2,no,high
6080,Amex,Credit,yes,2,4700,12/2013,2013,no,13,2021,5,yes,medium
5991,Amex,Credit,yes,2,10400,12/2010,2013,no,13,2012,14,yes,premium
6120,Mastercard,Credit,yes,1,9400,12/2016,2016,no,10,2022,4,no,high
611,Mastercard,Debit,yes,1,27290,01/2020,2020,no,6,2020,6,no,premium
853,Visa,Debit (Prepaid),yes,1,68,01/2020,2020,no,6,2020,6,no,low
854,Visa,Debit,yes,2,41713,01/2020,2020,no,6,2020,6,yes,premium
2242,Amex,Credit,yes,1,17200,03/2010,2015,no,11,2023,3,no,premium
3954,Visa,Debit,yes,1,23018,07/2010,2018,no,8,2020,6,no,premium
1645,Mastercard,Debit (Prepaid),yes,1,2,02/2020,2020,no,6,2022,4,no,low
2697,Mastercard,Credit,yes,3,23500,04/2012,2012,no,14,2024,2,yes,premium
4043,Amex,Credit,yes,1,5300,07/2016,2016,no,10,2022,4,no,high
612,Mastercard,Debit,no,2,12738,01/2020,2020,no,6,2022,4,yes,premium
855,Visa,Credit,yes,1,8700,01/2020,2020,no,6,2022,4,no,high
856,Visa,Debit,yes,2,5752,01/2020,2020,no,6,2021,5,yes,high
2329,Mastercard,Debit,yes,1,15416,03/2014,2014,no,12,2020,6,no,premium
613,Mastercard,Debit (Prepaid),yes,1,73,01/2020,2020,no,6,2023,3,no,low
614,Mastercard,Credit,yes,1,15700,01/2020,2020,no,6,2022,4,no,premium
1646,Mastercard,Credit,yes,1,10100,02/2020,2020,no,6,2021,5,no,premium
6081,Amex,Credit,yes,2,0,12/2013,2013,no,13,2024,2,yes,low
857,Visa,Credit,yes,1,11000,01/2020,2020,no,6,2022,4,no,premium
3773,Mastercard,Credit,yes,1,18300,07/2006,2008,no,18,2024,2,no,premium
3695,Mastercard,Debit,yes,2,19959,07/2003,2013,no,13,2023,3,yes,premium
361,Visa,Credit,yes,2,24300,01/2017,2017,no,9,2020,6,yes,premium
5175,Visa,Credit,no,2,18900,10/2009,2013,no,13,2021,5,yes,premium
4878,Visa,Debit,yes,1,14574,09/2014,2014,no,12,2014,12,no,premium
1222,Mastercard,Credit,yes,2,14100,02/2010,2010,no,16,2021,5,yes,premium
5822,Visa,Debit,yes,2,23737,12/2004,2010,no,16,2012,14,yes,premium
2649,Mastercard,Credit,yes,1,11800,04/2010,2013,no,13,2021,5,no,premium
3097,Mastercard,Debit,yes,2,27594,05/2011,2011,no,15,2022,4,yes,premium
4625,Visa,Credit,yes,2,15300,09/2006,2010,no,16,2023,3,yes,premium
858,Visa,Credit,yes,1,4800,01/2020,2020,no,6,2024,2,no,medium
3226,Mastercard,Debit,yes,1,34319,06/2001,2013,no,13,2024,2,no,premium
3790,Visa,Debit,yes,2,10831,07/2006,2011,no,15,2013,13,yes,premium
250,Visa,Debit,yes,1,20475,01/2010,2015,no,11,2023,3,no,premium
5530,Mastercard,Credit,no,2,6500,11/2008,2011,no,15,2015,11,yes,high
6006,Mastercard,Debit,yes,2,17614,12/2010,2013,no,13,2020,6,yes,premium
6069,Mastercard,Debit,yes,2,51133,12/2012,2012,no,14,2020,6,yes,premium
615,Mastercard,Debit (Prepaid),yes,1,115,01/2020,2020,no,6,2024,2,no,low
2330,Mastercard,Debit (Prepaid),yes,1,54,03/2014,2014,no,12,2020,6,no,low
3583,Mastercard,Debit,yes,2,32036,06/2014,2014,no,12,2023,3,yes,premium
5066,Visa,Debit,yes,2,13593,10/2006,2006,no,20,2020,6,yes,premium
2968,Mastercard,Debit,yes,2,13343,05/2008,2011,no,15,2022,4,yes,premium
3774,Mastercard,Debit,yes,2,6103,07/2006,2008,no,18,2024,2,yes,high
3891,Mastercard,Debit,yes,1,2646,07/2009,2015,no,11,2016,10,no,medium
4468,Amex,Credit,yes,1,9200,08/2018,2018,no,8,2021,5,no,high
404,Amex,Credit,yes,2,21200,01/2020,2020,no,6,2021,5,yes,premium
3427,Mastercard,Credit,yes,1,10400,06/2009,2010,no,16,2024,2,no,premium
3892,Mastercard,Debit,yes,1,27377,07/2009,2016,no,10,2022,4,no,premium
5568,Mastercard,Credit,yes,1,20900,11/2009,2010,no,16,2024,2,no,premium
3807,Mastercard,Debit,yes,2,39632,07/2007,2013,no,13,2024,2,yes,premium
4955,Mastercard,Debit (Prepaid),yes,2,44,10/2001,2013,no,13,2020,6,yes,low
4344,Visa,Debit,yes,1,48489,08/2010,2014,no,12,2021,5,no,premium
4190,Visa,Debit,yes,2,32725,08/2006,2013,no,13,2008,18,yes,premium
1256,Visa,Debit,yes,2,36940,02/2010,2010,no,16,2022,4,yes,premium
405,Amex,Credit,yes,1,23100,01/2020,2020,no,6,2020,6,no,premium
616,Mastercard,Debit,yes,1,41040,01/2020,2020,no,6,2022,4,no,premium
4881,Amex,Credit,yes,2,13200,09/2015,2015,no,11,2021,5,yes,premium
3601,Visa,Debit,yes,2,29200,06/2015,2015,no,11,2021,5,yes,premium
617,Mastercard,Debit,yes,3,13831,01/2020,2020,no,6,2022,4,yes,premium
1647,Mastercard,Credit,no,1,18900,02/2020,2020,no,6,2024,2,no,premium
1914,Visa,Debit,yes,1,39850,02/2020,2020,no,6,2020,6,no,premium
5984,Visa,Credit,yes,1,13900,12/2009,2011,no,15,2020,6,no,premium
2497,Visa,Debit,yes,2,17470,04/2005,2008,no,18,2020,6,yes,premium
2187,Mastercard,Debit,yes,1,2267,03/2008,2014,no,12,2021,5,no,medium
2234,Visa,Debit,yes,2,4031,03/2009,2014,no,12,2014,12,yes,medium
4208,Mastercard,Debit,yes,2,21833,08/2007,2011,no,15,2023,3,yes,premium
287,Visa,Debit,yes,2,16857,01/2011,2017,no,9,2021,5,yes,premium
5633,Visa,Debit,no,1,2518,11/2010,2010,no,16,2023,3,no,medium
3775,Mastercard,Debit,yes,2,12863,07/2006,2010,no,16,2020,6,yes,premium
3060,Mastercard,Credit,yes,2,12700,05/2010,2015,no,11,2022,4,yes,premium
114,Visa,Debit,yes,3,2851,01/2006,2007,no,19,2021,5,yes,medium
48,Amex,Credit,yes,2,4100,01/2004,2004,no,22,2020,6,yes,medium
274,Mastercard,Debit,yes,2,20838,01/2011,2011,no,15,2016,10,yes,premium
1648,Mastercard,Debit,yes,2,2721,02/2020,2020,no,6,2020,6,yes,medium
2834,Visa,Credit,yes,1,400,05/2002,2018,no,8,2023,3,no,low
4781,Mastercard,Debit,yes,2,416,09/2010,2010,no,16,2020,6,yes,low
4085,Mastercard,Debit,yes,2,625,08/1996,2014,no,12,2024,2,yes,low
1095,Visa,Debit,yes,2,20858,02/2006,2011,no,15,2022,4,yes,premium
5653,Mastercard,Credit,yes,2,11200,11/2011,2013,no,13,2011,15,yes,premium
2950,Visa,Credit,yes,2,8800,05/2007,2009,no,17,2023,3,yes,high
2207,Visa,Debit,yes,1,10360,03/2008,2009,no,17,2024,2,no,premium
6077,Visa,Debit,yes,1,11578,12/2012,2012,no,14,2013,13,no,premium
2188,Mastercard,Debit,yes,2,13016,03/2008,2008,no,18,2020,6,yes,premium
3185,Visa,Debit,yes,1,13754,05/2016,2016,no,10,2021,5,no,premium
1649,Mastercard,Debit (Prepaid),yes,1,91,02/2020,2020,no,6,2021,5,no,low
1915,Visa,Debit,yes,2,2094,02/2020,2020,no,6,2020,6,yes,medium
2766,Visa,Debit,yes,1,14558,04/2016,2016,no,10,2020,6,no,premium
1376,Visa,Debit,yes,2,46342,02/2017,2017,no,9,2023,3,yes,premium
3737,Mastercard,Credit,yes,1,17400,07/2005,2016,no,10,2023,3,no,premium
1223,Mastercard,Debit,yes,2,11401,02/2010,2016,no,10,2024,2,yes,premium
251,Visa,Debit,yes,1,8280,01/2010,2010,no,16,2024,2,no,high
2105,Discover,Credit,yes,1,0,03/2006,2008,no,18,2012,14,no,low
4191,Visa,Debit (Prepaid),yes,1,72,08/2006,2011,no,15,2007,19,no,low
4345,Visa,Credit,yes,1,9600,08/2010,2011,no,15,2020,6,no,high
1138,Discover,Credit,yes,2,10000,02/2008,2011,no,15,2024,2,yes,premium
4209,Mastercard,Debit,yes,1,10025,08/2007,2010,no,16,2024,2,no,premium
133,Mastercard,Debit,yes,1,9777,01/2007,2009,no,17,2022,4,no,high
1650,Mastercard,Debit,yes,1,8807,02/2020,2020,no,6,2021,5,no,high
3776,Mastercard,Debit (Prepaid),yes,1,92,07/2006,2008,no,18,2018,8,no,low
3852,Mastercard,Credit,yes,1,11400,07/2008,2014,no,12,2011,15,no,premium
3973,Mastercard,Debit,yes,2,16687,07/2011,2011,no,15,2011,15,yes,premium
2507,Mastercard,Debit,yes,2,3974,04/2006,2011,no,15,2009,17,yes,medium
5241,Mastercard,Debit,yes,1,23768,10/2011,2011,no,15,2016,10,no,premium
3974,Mastercard,Debit (Prepaid),yes,1,63,07/2011,2011,no,15,2022,4,no,low
6032,Visa,Credit,yes,1,21600,12/2010,2010,no,16,2023,3,no,premium
2349,Visa,Debit,yes,1,23157,03/2015,2015,no,11,2024,2,no,premium
1916,Visa,Debit (Prepaid),yes,2,54,02/2020,2020,no,6,2020,6,yes,low
2650,Mastercard,Debit,yes,2,11986,04/2010,2015,no,11,2021,5,yes,premium
5814,Mastercard,Credit,yes,1,12600,12/2004,2009,no,17,2022,4,no,premium
6043,Mastercard,Debit,yes,2,4340,12/2011,2012,no,14,2021,5,yes,medium
1034,Mastercard,Debit,no,2,8149,02/2004,2007,no,19,2024,2,yes,high
5654,Mastercard,Debit,yes,1,23688,11/2011,2011,no,15,2023,3,no,premium
2,Mastercard,Debit,yes,1,19948,01/1995,2011,no,15,2021,5,no,premium
1917,Visa,Debit (Prepaid),no,2,69,02/2020,2020,no,6,2021,5,yes,low
4527,Visa,Credit,yes,1,9400,09/2002,2006,no,20,2005,21,no,high
293,Amex,Credit,yes,1,3300,01/2012,2012,no,14,2018,8,no,medium
35,Discover,Credit,yes,2,11100,01/2003,2004,no,22,2011,15,yes,premium
5755,Mastercard,Debit,yes,2,23792,12/1998,2012,no,14,2024,2,yes,premium
4364,Mastercard,Debit,yes,2,13224,08/2011,2011,no,15,2020,6,yes,premium
5369,Mastercard,Credit,yes,1,10700,11/2001,2009,no,17,2004,22,no,premium
2121,Mastercard,Credit,yes,2,13100,03/2006,2009,no,17,2024,2,yes,premium
5219,Visa,Credit,yes,1,10900,10/2010,2010,no,16,2024,2,no,premium
4346,Visa,Credit,yes,1,6600,08/2010,2011,no,15,2013,13,no,high
1257,Visa,Credit,yes,1,11400,02/2010,2012,no,14,2011,15,no,premium
859,Visa,Debit,yes,1,15847,01/2020,2020,no,6,2023,3,no,premium
860,Visa,Debit,yes,1,13006,01/2020,2020,no,6,2020,6,no,premium
40,Mastercard,Debit,yes,2,5029,01/2003,2009,no,17,2008,18,yes,high
1309,Visa,Credit,yes,2,15000,02/2012,2012,no,14,2023,3,yes,premium
6044,Mastercard,Debit,yes,2,14348,12/2011,2011,no,15,2021,5,yes,premium
115,Visa,Debit,yes,2,24876,01/2006,2009,no,17,2022,4,yes,premium
618,Mastercard,Debit,yes,2,13523,01/2020,2020,no,6,2024,2,yes,premium
381,Mastercard,Debit,yes,1,21434,01/2019,2019,no,7,2023,3,no,premium
2535,Mastercard,Debit,yes,1,19206,04/2007,2011,no,15,2016,10,no,premium
5229,Discover,Credit,yes,2,15000,10/2011,2011,no,15,2014,12,yes,premium
3723,Visa,Debit,yes,2,24617,07/2004,2006,no,20,2020,6,yes,premium
3171,Discover,Credit,yes,2,6600,05/2016,2016,no,10,2023,3,yes,high
5351,Mastercard,Debit,yes,1,4304,11/1997,2012,no,14,2024,2,no,medium
85,Visa,Debit,yes,2,1269,01/2005,2013,no,13,2019,7,yes,medium
5815,Mastercard,Debit,yes,1,3458,12/2004,2013,no,13,2023,3,no,medium
4101,Mastercard,Debit,no,2,6775,08/2001,2012,no,14,2022,4,yes,high
2369,Visa,Credit,yes,1,8800,03/2017,2017,no,9,2021,5,no,high
6142,Mastercard,Debit,yes,1,12223,12/2019,2019,no,7,2024,2,no,premium
1918,Visa,Debit,yes,2,13478,02/2020,2020,no,6,2020,6,yes,premium
619,Mastercard,Debit,yes,1,19578,01/2020,2020,no,6,2020,6,no,premium
861,Visa,Debit,yes,2,2944,01/2020,2020,no,6,2024,2,yes,medium
1651,Mastercard,Debit,yes,1,20773,02/2020,2020,no,6,2023,3,no,premium
1652,Mastercard,Debit,yes,2,24203,02/2020,2020,no,6,2022,4,yes,premium
620,Mastercard,Debit (Prepaid),yes,2,98,01/2020,2020,no,6,2020,6,yes,low
3428,Mastercard,Debit,yes,2,2727,06/2009,2014,no,12,2020,6,yes,medium
4517,Amex,Credit,yes,2,6800,09/2002,2002,no,24,2023,3,yes,high
3186,Visa,Debit,yes,1,22516,05/2016,2016,no,10,2019,7,no,premium
5806,Discover,Credit,yes,2,11500,12/2004,2009,no,17,2021,5,yes,premium
5176,Visa,Debit,no,2,15214,10/2009,2010,no,16,2021,5,yes,premium
862,Visa,Debit,yes,2,23687,01/2020,2020,no,6,2024,2,yes,premium
4192,Visa,Debit,yes,1,18048,08/2006,2007,no,19,2021,5,no,premium
5634,Visa,Debit,yes,1,25102,11/2010,2014,no,12,2020,6,no,premium
2987,Visa,Debit,yes,2,13773,05/2008,2008,no,18,2022,4,yes,premium
4365,Mastercard,Debit,yes,1,12892,08/2011,2011,no,15,2021,5,no,premium
5667,Amex,Credit,yes,2,6600,11/2012,2012,no,14,2019,7,yes,high
3187,Visa,Debit,yes,2,25650,05/2016,2016,no,10,2024,2,yes,premium
4725,Mastercard,Debit,yes,2,37192,09/2009,2010,no,16,2020,6,yes,premium
4608,Mastercard,Debit,yes,1,5779,09/2006,2014,no,12,2021,5,no,high
2820,Visa,Debit,yes,1,13325,05/2001,2011,no,15,2023,3,no,premium
5422,Amex,Credit,yes,1,4000,11/2005,2009,no,17,2023,3,no,medium
2807,Amex,Credit,yes,1,6900,05/2000,2012,no,14,2023,3,no,high
4912,Mastercard,Debit,yes,1,35702,09/2017,2017,no,9,2023,3,no,premium
1416,Amex,Credit,yes,1,13200,02/2020,2020,no,6,2024,2,no,premium
5740,Visa,Credit,yes,2,21700,11/2018,2018,no,8,2020,6,yes,premium
863,Visa,Credit,no,1,13700,01/2020,2020,no,6,2020,6,no,premium
864,Visa,Debit,yes,1,24389,01/2020,2020,no,6,2020,6,no,premium
2385,Mastercard,Debit (Prepaid),yes,2,74,03/2019,2019,no,7,2020,6,yes,low
91,Amex,Credit,yes,1,12100,01/2006,2011,no,15,2020,6,no,premium
5121,Mastercard,Debit,yes,1,16640,10/2008,2009,no,17,2022,4,no,premium
3477,Mastercard,Debit,yes,1,14889,06/2010,2011,no,15,2013,13,no,premium
3823,Visa,Debit,yes,1,19080,07/2007,2010,no,16,2021,5,no,premium
3169,Visa,Credit,no,2,7600,05/2015,2015,no,11,2023,3,yes,high
5352,Mastercard,Debit,yes,2,14525,11/1997,2014,no,12,2023,3,yes,premium
1068,Visa,Debit,yes,1,15636,02/2005,2014,no,12,2020,6,no,premium
5122,Mastercard,Debit,yes,2,13296,10/2008,2016,no,10,2023,3,yes,premium
4543,Visa,Credit,no,2,10100,09/2003,2011,no,15,2023,3,yes,premium
2423,Visa,Debit,no,1,36412,04/2001,2007,no,19,2024,2,no,premium
4566,Visa,Debit,yes,1,4589,09/2004,2012,no,14,2023,3,no,medium
3293,Mastercard,Debit,yes,1,17474,06/2005,2015,no,11,2020,6,no,premium
406,Amex,Credit,yes,1,12000,01/2020,2020,no,6,2024,2,no,premium
1417,Amex,Credit,yes,1,16900,02/2020,2020,no,6,2020,6,no,premium
1224,Mastercard,Debit,yes,1,26277,02/2010,2010,no,16,2023,3,no,premium
2728,Mastercard,Debit,yes,1,26317,04/2014,2014,no,12,2020,6,no,premium
4062,Visa,Credit,yes,2,13600,07/2017,2017,no,9,2022,4,yes,premium
1653,Mastercard,Debit,no,2,21540,02/2020,2020,no,6,2024,2,yes,premium
1342,Mastercard,Debit,yes,1,37468,02/2014,2014,no,12,2020,6,no,premium
5177,Visa,Debit,no,1,27864,10/2009,2012,no,14,2021,5,no,premium
3638,Visa,Debit (Prepaid),no,1,65,06/2018,2018,no,8,2020,6,no,low
4048,Visa,Debit,yes,1,31842,07/2016,2016,no,10,2020,6,no,premium
3244,Visa,Credit,yes,2,14900,06/2002,2011,no,15,2020,6,yes,premium
3201,Visa,Credit,yes,2,12400,05/2018,2018,no,8,2024,2,yes,premium
5242,Mastercard,Debit,yes,2,14094,10/2011,2018,no,8,2020,6,yes,premium
4497,Mastercard,Debit,yes,1,8962,09/1999,2011,no,15,2021,5,no,high
2277,Mastercard,Debit,yes,1,15510,03/2011,2011,no,15,2018,8,no,premium
3061,Mastercard,Debit,yes,1,20311,05/2010,2012,no,14,2024,2,no,premium
3955,Visa,Debit,yes,1,13492,07/2010,2010,no,16,2023,3,no,premium
1654,Mastercard,Debit,yes,2,10015,02/2020,2020,no,6,2022,4,yes,premium
4257,Mastercard,Debit (Prepaid),yes,1,77,08/2008,2009,no,17,2023,3,no,low
1077,Amex,Credit,yes,1,8200,02/2006,2016,no,10,2022,4,no,high
3853,Mastercard,Debit (Prepaid),yes,2,50,07/2008,2008,no,18,2019,7,yes,low
4726,Mastercard,Debit,yes,1,297,09/2009,2009,no,17,2010,16,no,low
5493,Mastercard,Credit,yes,1,9300,11/2007,2014,no,12,2022,4,no,high
2062,Mastercard,Debit,yes,2,24425,03/2004,2006,no,20,2023,3,yes,premium
252,Visa,Credit,yes,2,3900,01/2010,2010,no,16,2021,5,yes,medium
2514,Visa,Debit,yes,1,21098,04/2006,2009,no,17,2020,6,no,premium
5253,Visa,Credit,yes,1,10800,10/2011,2013,no,13,2020,6,no,premium
3294,Mastercard,Debit,yes,2,6817,06/2005,2016,no,10,2024,2,yes,high
62,Visa,Credit,yes,1,12600,01/2004,2011,no,15,2024,2,no,premium
5370,Mastercard,Debit (Prepaid),no,1,42,11/2001,2004,no,22,2010,16,no,low
5861,Mastercard,Credit,yes,2,6400,12/2006,2009,no,17,2009,17,yes,high
4799,Visa,Credit,yes,1,9800,09/2010,2011,no,15,2020,6,no,high
2052,Visa,Debit,yes,1,4750,03/2003,2011,no,15,2023,3,no,medium
5178,Visa,Debit,no,2,6532,10/2009,2009,no,17,2021,5,yes,high
2355,Mastercard,Debit,yes,1,1044,03/2016,2016,no,10,2022,4,no,medium
2278,Mastercard,Debit,yes,1,746,03/2011,2011,no,15,2018,8,no,low
1655,Mastercard,Debit (Prepaid),yes,1,61,02/2020,2020,no,6,2020,6,no,low
5494,Mastercard,Debit (Prepaid),yes,2,58,11/2007,2015,no,11,2008,18,yes,low
4567,Visa,Debit,yes,1,18771,09/2004,2009,no,17,2022,4,no,premium
5100,Visa,Debit,yes,1,17108,10/2007,2007,no,19,2023,3,no,premium
1919,Visa,Debit,yes,1,12446,02/2020,2020,no,6,2023,3,no,premium
3791,Visa,Credit,yes,1,8200,07/2006,2013,no,13,2021,5,no,high
2569,Mastercard,Debit,yes,2,7081,04/2008,2010,no,16,2022,4,yes,high
1358,Mastercard,Debit,yes,1,23009,02/2015,2015,no,11,2024,2,no,premium
6092,Visa,Debit,yes,2,17973,12/2013,2013,no,13,2017,9,yes,premium
4450,Mastercard,Debit,yes,1,12254,08/2015,2015,no,11,2023,3,no,premium
4782,Mastercard,Debit,yes,1,20799,09/2010,2010,no,16,2022,4,no,premium
2463,Mastercard,Debit,yes,2,27320,04/2004,2008,no,18,2021,5,yes,premium
4840,Visa,Debit,yes,2,34818,09/2012,2012,no,14,2023,3,yes,premium
2360,Visa,Debit,yes,2,38837,03/2016,2016,no,10,2020,6,yes,premium
4294,Mastercard,Credit,yes,2,23500,08/2009,2020,no,6,2024,2,yes,premium
1343,Mastercard,Debit,yes,1,13014,02/2014,2014,no,12,2020,6,no,premium
5044,Amex,Credit,yes,2,5500,10/2006,2017,no,9,2023,3,yes,high
4697,Visa,Debit,yes,2,5949,09/2008,2008,no,18,2020,6,yes,high
4698,Visa,Credit,yes,2,10700,09/2008,2010,no,16,2023,3,yes,premium
3808,Mastercard,Debit,yes,1,12451,07/2007,2008,no,18,2022,4,no,premium
1920,Visa,Credit,yes,2,6700,02/2020,2020,no,6,2024,2,yes,high
4295,Mastercard,Debit,yes,1,19086,08/2009,2011,no,15,2018,8,no,premium
2665,Visa,Credit,yes,2,9700,04/2010,2016,no,10,2021,5,yes,high
5896,Mastercard,Credit,yes,2,17200,12/2007,2010,no,16,2008,18,yes,premium
4672,Mastercard,Debit,yes,2,29486,09/2008,2008,no,18,2015,11,yes,premium
1225,Mastercard,Credit,yes,2,9700,02/2010,2011,no,15,2023,3,yes,high
4856,Mastercard,Debit,yes,2,20111,09/2013,2013,no,13,2022,4,yes,premium
2551,Visa,Credit,yes,1,13200,04/2007,2014,no,12,2021,5,no,premium
4484,Visa,Debit,yes,1,29728,08/2019,2019,no,7,2020,6,no,premium
5816,Mastercard,Credit,no,1,7900,12/2004,2012,no,14,2024,2,no,high
1198,Visa,Debit,yes,2,12106,02/2009,2009,no,17,2023,3,yes,premium
253,Visa,Debit,yes,1,7452,01/2010,2018,no,8,2013,13,no,high
1656,Mastercard,Debit,yes,1,28281,02/2020,2020,no,6,2021,5,no,premium
2835,Visa,Credit,yes,2,11400,05/2002,2014,no,12,2013,13,yes,premium
2024,Mastercard,Debit,yes,1,28790,03/2001,2009,no,17,2024,2,no,premium
2007,Visa,Credit,yes,1,15700,03/1997,2013,no,13,2010,16,no,premium
5431,Mastercard,Debit,yes,1,34075,11/2005,2008,no,18,2023,3,no,premium
4651,Visa,Credit,yes,2,18600,09/2007,2008,no,18,2012,14,yes,premium
1335,Amex,Credit,yes,2,9700,02/2014,2014,no,12,2024,2,yes,high
5442,Visa,Debit,yes,2,13352,11/2005,2012,no,14,2022,4,yes,premium
6114,Visa,Debit,yes,1,28179,12/2015,2015,no,11,2024,2,no,premium
5897,Mastercard,Debit,yes,1,19132,12/2007,2014,no,12,2024,2,no,premium
4063,Visa,Debit,yes,1,31535,07/2017,2017,no,9,2019,7,no,premium
1372,Mastercard,Debit,yes,1,51951,02/2017,2017,no,9,2018,8,no,premium
5511,Visa,Credit,yes,1,23400,11/2007,2008,no,18,2020,6,no,premium
5817,Mastercard,Debit,yes,2,4130,12/2004,2015,no,11,2020,6,yes,medium
3777,Mastercard,Credit,yes,1,11500,07/2006,2010,no,16,2011,15,no,premium
4920,Visa,Credit,yes,2,22100,09/2018,2018,no,8,2020,6,yes,premium
5412,Mastercard,Debit,yes,1,34722,11/2004,2010,no,16,2010,16,no,premium
3534,Visa,Debit,yes,1,21885,06/2011,2011,no,15,2011,15,no,premium
5782,Mastercard,Debit,yes,2,39870,12/2002,2003,no,23,2020,6,yes,premium
5733,Visa,Credit,yes,2,5900,11/2017,2017,no,9,2021,5,yes,high
3429,Mastercard,Debit (Prepaid),yes,2,70,06/2009,2009,no,17,2023,3,yes,low
2302,Mastercard,Debit,yes,2,66930,03/2012,2012,no,14,2023,3,yes,premium
372,Mastercard,Debit,yes,2,72274,01/2018,2018,no,8,2020,6,yes,premium
2828,Mastercard,Debit,yes,2,130971,05/2002,2010,no,16,2020,6,yes,premium
1921,Visa,Debit,yes,1,52717,02/2020,2020,no,6,2024,2,no,premium
3500,Visa,Credit,no,1,25500,06/2010,2012,no,14,2021,5,no,premium
5550,Visa,Debit,yes,2,42541,11/2008,2012,no,14,2017,9,yes,premium
1657,Mastercard,Debit,no,1,5456,02/2020,2020,no,6,2022,4,no,high
5692,Visa,Debit,no,1,12606,11/2013,2013,no,13,2014,12,no,premium
3975,Mastercard,Debit,yes,2,20174,07/2011,2011,no,15,2020,6,yes,premium
6007,Mastercard,Debit,yes,1,20090,12/2010,2011,no,15,2023,3,no,premium
1096,Visa,Debit,yes,1,11906,02/2006,2009,no,17,2021,5,no,premium
3618,Mastercard,Debit,yes,1,27888,06/2017,2017,no,9,2022,4,no,premium
5756,Mastercard,Debit,yes,1,24132,12/1998,2008,no,18,2024,2,no,premium
3319,Mastercard,Debit,yes,2,13461,06/2006,2010,no,16,2023,3,yes,premium
5478,Amex,Credit,no,1,9900,11/2007,2009,no,17,2009,17,no,high
2393,Mastercard,Debit,yes,2,4252,04/1994,2019,no,7,2009,17,yes,medium
3022,Visa,Credit,yes,2,9800,05/2009,2011,no,15,2020,6,yes,high
4077,Mastercard,Debit,yes,2,16732,07/2019,2019,no,7,2019,7,yes,premium
1922,Visa,Debit,yes,1,13609,02/2020,2020,no,6,2023,3,no,premium
5970,Mastercard,Debit,yes,2,17804,12/2009,2009,no,17,2013,13,yes,premium
3911,Visa,Credit,yes,2,6200,07/2009,2010,no,16,2023,3,yes,high
63,Visa,Debit,yes,1,30891,01/2004,2011,no,15,2023,3,no,premium
2769,Mastercard,Debit,yes,1,31873,04/2017,2017,no,9,2024,2,no,premium
3036,Amex,Credit,yes,2,15600,05/2010,2019,no,7,2024,2,yes,premium
3893,Mastercard,Debit (Prepaid),yes,1,110,07/2009,2012,no,14,2022,4,no,low
2053,Visa,Debit,yes,2,17405,03/2003,2003,no,23,2024,2,yes,premium
865,Visa,Debit (Prepaid),yes,2,58,01/2020,2020,no,6,2022,4,yes,low
4643,Mastercard,Credit,yes,1,9200,09/2007,2007,no,19,2011,15,no,high
1923,Visa,Credit,yes,2,11200,02/2020,2020,no,6,2020,6,yes,premium
4917,Mastercard,Debit,yes,1,23206,09/2018,2018,no,8,2018,8,no,premium
4347,Visa,Debit,yes,2,35684,08/2010,2012,no,14,2020,6,yes,premium
5726,Mastercard,Debit (Prepaid),no,1,76,11/2016,2016,no,10,2016,10,no,low
86,Visa,Debit,yes,2,18270,01/2005,2011,no,15,2023,3,yes,premium
2931,Mastercard,Debit,yes,2,6588,05/2007,2011,no,15,2020,6,yes,high
2671,Amex,Credit,yes,2,12200,04/2011,2011,no,15,2021,5,yes,premium
1924,Visa,Debit,yes,1,23083,02/2020,2020,no,6,2022,4,no,premium
5569,Mastercard,Debit,yes,1,21497,11/2009,2009,no,17,2022,4,no,premium
3320,Mastercard,Debit (Prepaid),yes,3,29,06/2006,2012,no,14,2021,5,yes,low
5199,Mastercard,Debit,yes,2,20165,10/2010,2012,no,14,2022,4,yes,premium
5557,Discover,Credit,yes,2,16300,11/2009,2011,no,15,2022,4,yes,premium
5558,Discover,Credit,yes,1,11100,11/2009,2010,no,16,2020,6,no,premium
2336,Visa,Credit,yes,2,7700,03/2014,2014,no,12,2023,3,yes,high
3712,Mastercard,Credit,yes,2,6000,07/2004,2010,no,16,2023,3,yes,high
1658,Mastercard,Debit,yes,1,2049,02/2020,2020,no,6,2023,3,no,medium
1418,Amex,Credit,no,1,7600,02/2020,2020,no,6,2022,4,no,high
621,Mastercard,Debit,yes,1,14670,01/2020,2020,no,6,2024,2,no,premium
4431,Mastercard,Credit,yes,2,11600,08/2014,2014,no,12,2017,9,yes,premium
2752,Visa,Debit,yes,1,14960,04/2015,2015,no,11,2016,10,no,premium
2508,Mastercard,Credit,yes,2,9600,04/2006,2015,no,11,2021,5,yes,high
5898,Mastercard,Debit,yes,2,17367,12/2007,2007,no,19,2020,6,yes,premium
3321,Mastercard,Debit,yes,1,21358,06/2006,2010,no,16,2013,13,no,premium
3824,Visa,Credit,yes,1,16900,07/2007,2010,no,16,2022,4,no,premium
3713,Mastercard,Credit,yes,2,8500,07/2004,2009,no,17,2022,4,yes,high
4699,Visa,Debit,yes,1,28431,09/2008,2008,no,18,2013,13,no,premium
1148,Mastercard,Debit,yes,2,77,02/2008,2016,no,10,2020,6,yes,low
134,Mastercard,Debit,yes,1,17360,01/2007,2010,no,16,2024,2,no,premium
5158,Mastercard,Debit,yes,2,4055,10/2009,2017,no,9,2021,5,yes,medium
1020,Mastercard,Debit,yes,2,14216,02/2003,2010,no,16,2023,3,yes,premium
2452,Visa,Debit,no,2,19037,04/2003,2011,no,15,2023,3,yes,premium
4210,Mastercard,Debit,yes,1,16028,08/2007,2011,no,15,2020,6,no,premium
2476,Discover,Credit,yes,1,14200,04/2005,2011,no,15,2010,16,no,premium
4626,Visa,Debit,yes,1,12640,09/2006,2009,no,17,2023,3,no,premium
2253,Mastercard,Debit,yes,2,16868,03/2010,2010,no,16,2020,6,yes,premium
1320,Mastercard,Debit,yes,1,11121,02/2013,2013,no,13,2022,4,no,premium
5179,Visa,Credit,yes,1,10000,10/2009,2010,no,16,2020,6,no,premium
2424,Visa,Debit (Prepaid),yes,2,56,04/2001,2011,no,15,2020,6,yes,low
2308,Visa,Debit,yes,2,27376,03/2012,2012,no,14,2021,5,yes,premium
6070,Mastercard,Debit,yes,2,32676,12/2012,2012,no,14,2019,7,yes,premium
3912,Visa,Debit,no,1,25658,07/2009,2009,no,17,2021,5,no,premium
4275,Visa,Credit,no,2,22800,08/2008,2011,no,15,2018,8,yes,premium
1659,Mastercard,Credit,yes,2,10700,02/2020,2020,no,6,2023,3,yes,premium
2753,Visa,Credit,yes,2,5100,04/2015,2015,no,11,2021,5,yes,high
1925,Visa,Credit,no,1,7200,02/2020,2020,no,6,2022,4,no,high
5985,Visa,Debit,yes,1,16740,12/2009,2011,no,15,2020,6,no,premium
866,Visa,Debit,yes,1,13841,01/2020,2020,no,6,2020,6,no,premium
4841,Visa,Debit,yes,1,15638,09/2012,2012,no,14,2022,4,no,premium
3340,Amex,Credit,yes,1,11400,06/2007,2007,no,19,2022,4,no,premium
1344,Mastercard,Debit,yes,1,12501,02/2014,2014,no,12,2022,4,no,premium
4432,Mastercard,Debit (Prepaid),yes,1,71,08/2014,2014,no,12,2023,3,no,low
3430,Mastercard,Debit,yes,2,11164,06/2009,2010,no,16,2011,15,yes,premium
4306,Visa,Debit,yes,2,8365,08/2009,2009,no,17,2021,5,yes,high
3023,Visa,Debit,yes,2,17104,05/2009,2010,no,16,2021,5,yes,premium
1101,Amex,Credit,yes,1,2100,02/2007,2009,no,17,2013,13,no,medium
73,Mastercard,Debit,yes,1,13634,01/2005,2011,no,15,2006,20,no,premium
2746,Mastercard,Debit (Prepaid),yes,1,63,04/2015,2015,no,11,2020,6,no,low
3295,Mastercard,Debit,yes,2,18721,06/2005,2009,no,17,2023,3,yes,premium
3268,Amex,Credit,yes,2,3400,06/2004,2008,no,18,2023,3,yes,medium
1660,Mastercard,Debit,no,1,6824,02/2020,2020,no,6,2021,5,no,high
1926,Visa,Credit,yes,1,20700,02/2020,2020,no,6,2022,4,no,premium
2891,Visa,Credit,no,1,6200,05/2005,2013,no,13,2018,8,no,high
983,Visa,Debit (Prepaid),yes,2,31,02/2000,2014,no,12,2021,5,yes,low
5398,Visa,Credit,yes,1,1000,11/2003,2009,no,17,2021,5,no,low
2870,Visa,Debit (Prepaid),yes,2,77,05/2004,2007,no,19,2023,3,yes,low
622,Mastercard,Debit (Prepaid),yes,2,31,01/2020,2020,no,6,2023,3,yes,low
867,Visa,Debit,yes,1,318,01/2020,2020,no,6,2020,6,no,low
1927,Visa,Debit,no,1,20709,02/2020,2020,no,6,2023,3,no,premium
2536,Mastercard,Debit,yes,2,20230,04/2007,2010,no,16,2022,4,yes,premium
2698,Mastercard,Debit,yes,2,14749,04/2012,2012,no,14,2023,3,yes,premium
970,Mastercard,Debit,yes,3,9171,02/1999,2005,no,21,2022,4,yes,high
6082,Amex,Credit,yes,2,17400,12/2013,2013,no,13,2018,8,yes,premium
3349,Mastercard,Debit,no,2,14475,06/2007,2009,no,17,2023,3,yes,premium
1114,Mastercard,Debit,yes,2,15967,02/2007,2009,no,17,2020,6,yes,premium
2389,Visa,Debit,yes,1,12250,03/2019,2019,no,7,2024,2,no,premium
5590,Visa,Debit (Prepaid),yes,2,63,11/2009,2009,no,17,2024,2,yes,low
2537,Mastercard,Debit (Prepaid),yes,2,66,04/2007,2010,no,16,2023,3,yes,low
2988,Visa,Credit,yes,1,8500,05/2008,2014,no,12,2022,4,no,high
4001,Mastercard,Debit (Prepaid),no,1,65,07/2012,2012,no,14,2024,2,no,low
1451,Discover,Credit,yes,2,16100,02/2020,2020,no,6,2020,6,yes,premium
623,Mastercard,Debit,yes,1,3313,01/2020,2020,no,6,2020,6,no,medium
868,Visa,Credit,yes,1,10400,01/2020,2020,no,6,2020,6,no,premium
1661,Mastercard,Debit,no,2,2117,02/2020,2020,no,6,2021,5,yes,medium
869,Visa,Debit,yes,1,11265,01/2020,2020,no,6,2020,6,no,premium
624,Mastercard,Debit,yes,3,5618,01/2020,2020,no,6,2021,5,yes,high
5184,Amex,Credit,yes,2,20800,10/2010,2013,no,13,2022,4,yes,premium
1419,Amex,Credit,yes,3,11700,02/2020,2020,no,6,2020,6,yes,premium
870,Visa,Debit,yes,1,33028,01/2020,2020,no,6,2022,4,no,premium
6093,Visa,Debit,yes,1,19830,12/2013,2013,no,13,2024,2,no,premium
4037,Mastercard,Debit,yes,1,22482,07/2015,2015,no,11,2019,7,no,premium
4977,Visa,Credit,yes,1,22400,10/2002,2010,no,16,2023,3,no,premium
3081,Visa,Debit (Prepaid),yes,1,62,05/2010,2012,no,14,2024,2,no,low
3809,Mastercard,Debit,yes,2,27723,07/2007,2010,no,16,2008,18,yes,premium
4258,Mastercard,Credit,no,1,31800,08/2008,2012,no,14,2023,3,no,premium
1180,Mastercard,Debit,yes,1,16028,02/2009,2009,no,17,2018,8,no,premium
3676,Mastercard,Debit,yes,2,25411,07/2002,2013,no,13,2021,5,yes,premium
337,Visa,Debit,no,1,11912,01/2014,2014,no,12,2023,3,no,premium
4913,Mastercard,Debit,yes,2,13064,09/2017,2017,no,9,2024,2,yes,premium
5306,Mastercard,Debit,yes,2,8912,10/2015,2015,no,11,2016,10,yes,high
1149,Mastercard,Debit,yes,2,15962,02/2008,2013,no,13,2020,6,yes,premium
1069,Visa,Credit,yes,1,18200,02/2005,2014,no,12,2020,6,no,premium
3778,Mastercard,Debit,yes,2,3450,07/2006,2014,no,12,2016,10,yes,medium
4700,Visa,Debit,yes,1,3450,09/2008,2016,no,10,2021,5,no,medium
5761,Mastercard,Debit,yes,1,39598,12/1999,2006,no,20,2023,3,no,premium
1368,Mastercard,Debit,yes,1,36502,02/2016,2016,no,10,2022,4,no,premium
2915,Visa,Credit,yes,1,14900,05/2006,2014,no,12,2023,3,no,premium
5257,Mastercard,Credit,yes,1,11800,10/2012,2012,no,14,2020,6,no,premium
1200,Amex,Credit,yes,1,14000,02/2010,2012,no,14,2024,2,no,premium
4276,Visa,Credit,yes,2,16000,08/2008,2009,no,17,2022,4,yes,premium
2189,Mastercard,Debit,yes,2,32557,03/2008,2008,no,18,2022,4,yes,premium
6045,Mastercard,Debit,no,1,21820,12/2011,2011,no,15,2021,5,no,premium
4579,Mastercard,Debit,yes,2,14448,09/2005,2011,no,15,2024,2,yes,premium
5123,Mastercard,Debit,yes,2,19038,10/2008,2010,no,16,2022,4,yes,premium
3350,Mastercard,Debit,yes,1,23632,06/2007,2009,no,17,2012,14,no,premium
3275,Mastercard,Debit,yes,2,18627,06/2004,2010,no,16,2022,4,yes,premium
3641,Mastercard,Debit (Prepaid),yes,1,86,06/2019,2019,no,7,2021,5,no,low
5705,Visa,Debit,yes,1,18944,11/2014,2014,no,12,2014,12,no,premium
87,Visa,Debit,yes,1,20962,01/2005,2011,no,15,2022,4,no,premium
3276,Mastercard,Debit (Prepaid),yes,1,86,06/2004,2006,no,20,2016,10,no,low
6104,Amex,Credit,no,2,6000,12/2015,2015,no,11,2021,5,yes,high
3604,Amex,Credit,yes,1,12500,06/2016,2016,no,10,2020,6,no,premium
5302,Amex,Credit,yes,1,17200,10/2015,2015,no,11,2020,6,no,premium
2331,Mastercard,Debit,yes,1,31163,03/2014,2014,no,12,2015,11,no,premium
3567,Mastercard,Debit (Prepaid),yes,1,59,06/2013,2013,no,13,2024,2,no,low
2489,Mastercard,Credit,no,1,13500,04/2005,2009,no,17,2024,2,no,premium
3024,Visa,Credit,yes,2,8900,05/2009,2010,no,16,2022,4,yes,high
3810,Mastercard,Credit,yes,1,2900,07/2007,2012,no,14,2024,2,no,medium
1181,Mastercard,Debit (Prepaid),yes,2,89,02/2009,2009,no,17,2020,6,yes,low
5137,Visa,Credit,yes,2,5200,10/2008,2009,no,17,2023,3,yes,high
5570,Mastercard,Debit,yes,2,6090,11/2009,2011,no,15,2022,4,yes,high
338,Visa,Debit,yes,1,31072,01/2014,2014,no,12,2020,6,no,premium
1420,Amex,Credit,yes,2,11200,02/2020,2020,no,6,2023,3,yes,premium
1662,Mastercard,Debit (Prepaid),yes,1,38,02/2020,2020,no,6,2020,6,no,low
74,Mastercard,Debit,yes,2,10670,01/2005,2009,no,17,2010,16,yes,premium
5067,Visa,Credit,yes,2,5900,10/2006,2014,no,12,2024,2,yes,high
4904,Amex,Credit,yes,2,7600,09/2017,2017,no,9,2017,9,yes,high
5341,Mastercard,Debit (Prepaid),yes,1,95,10/2019,2019,no,7,2022,4,no,low
2132,Visa,Credit,no,1,5100,03/2006,2006,no,20,2023,3,no,high
4627,Visa,Debit,yes,1,1753,09/2006,2012,no,14,2020,6,no,medium
116,Visa,Debit,yes,2,8427,01/2006,2014,no,12,2024,2,yes,high
5914,Visa,Debit,yes,1,27006,12/2007,2007,no,19,2014,12,no,premium
3006,Mastercard,Debit,yes,1,34348,05/2009,2010,no,16,2023,3,no,premium
5531,Mastercard,Debit,yes,1,25659,11/2008,2011,no,15,2008,18,no,premium
2264,Visa,Credit,yes,2,14500,03/2010,2010,no,16,2020,6,yes,premium
5551,Visa,Credit,yes,1,16400,11/2008,2008,no,18,2024,2,no,premium
3825,Visa,Debit,yes,2,9418,07/2007,2007,no,19,2020,6,yes,high
980,Mastercard,Debit,yes,1,20677,02/2000,2011,no,15,2000,26,no,premium
5532,Mastercard,Debit,yes,1,21900,11/2008,2011,no,15,2021,5,no,premium
4705,Amex,Credit,no,2,13100,09/2009,2009,no,17,2024,2,yes,premium
3450,Visa,Credit,yes,2,25400,06/2009,2012,no,14,2022,4,yes,premium
4181,Mastercard,Debit,yes,2,21177,08/2006,2007,no,19,2011,15,yes,premium
1663,Mastercard,Credit,yes,1,20700,02/2020,2020,no,6,2022,4,no,premium
1421,Amex,Credit,yes,2,12600,02/2020,2020,no,6,2024,2,yes,premium
5533,Mastercard,Debit,no,2,15122,11/2008,2010,no,16,2008,18,yes,premium
339,Visa,Debit,no,1,14708,01/2014,2014,no,12,2023,3,no,premium
2721,Visa,Debit,yes,2,19197,04/2013,2013,no,13,2022,4,yes,premium
6103,Mastercard,Debit,yes,1,14830,12/2014,2014,no,12,2022,4,no,premium
4498,Mastercard,Debit,yes,1,6631,09/1999,2012,no,14,2021,5,no,high
6008,Mastercard,Debit,yes,1,13910,12/2010,2016,no,10,2024,2,no,premium
4873,Mastercard,Credit,yes,2,6900,09/2014,2014,no,12,2024,2,yes,high
5347,Mastercard,Debit,yes,1,19955,11/1994,2007,no,19,2020,6,no,premium
5675,Mastercard,Debit (Prepaid),yes,2,66,11/2012,2012,no,14,2024,2,yes,low
3451,Visa,Credit,yes,1,9900,06/2009,2009,no,17,2024,2,no,high
4759,Discover,Credit,yes,1,9200,09/2010,2010,no,16,2012,14,no,high
5200,Mastercard,Debit,yes,1,9420,10/2010,2012,no,14,2022,4,no,high
1115,Mastercard,Debit (Prepaid),no,2,49,02/2007,2011,no,15,2021,5,yes,low
5948,Visa,Debit,yes,2,18535,12/2008,2008,no,18,2020,6,yes,premium
5220,Visa,Debit,yes,1,10104,10/2010,2015,no,11,2023,3,no,premium
46,Visa,Debit (Prepaid),yes,2,63,01/2003,2010,no,16,2022,4,yes,low
625,Mastercard,Debit,yes,1,61407,01/2020,2020,no,6,2022,4,no,premium
2303,Mastercard,Credit,yes,3,10100,03/2012,2012,no,14,2014,12,yes,premium
1070,Visa,Debit,yes,2,31535,02/2005,2009,no,17,2024,2,yes,premium
5684,Mastercard,Debit,yes,1,21282,11/2013,2013,no,13,2015,11,no,premium
2666,Visa,Credit,yes,1,5100,04/2010,2011,no,15,2022,4,no,high
3210,Mastercard,Debit,yes,1,14103,06/1999,2008,no,18,2020,6,no,premium
3748,Visa,Debit,yes,2,21847,07/2005,2011,no,15,2022,4,yes,premium
5272,Mastercard,Debit,yes,1,28425,10/2013,2013,no,13,2020,6,no,premium
871,Visa,Debit,yes,1,4087,01/2020,2020,no,6,2020,6,no,medium
3648,Amex,Credit,yes,2,8200,07/1998,2011,no,15,2023,3,yes,high
2437,Visa,Debit,yes,2,1462,04/2002,2013,no,13,2021,5,yes,medium
1289,Visa,Debit (Prepaid),yes,2,58,02/2011,2011,no,15,2021,5,yes,low
2011,Mastercard,Debit,yes,2,142,03/1999,2014,no,12,2011,15,yes,low
4400,Visa,Debit,yes,1,18105,08/2012,2012,no,14,2017,9,no,premium
3682,Visa,Credit,yes,1,10900,07/2002,2013,no,13,2014,12,no,premium
4652,Visa,Credit,no,1,12800,09/2007,2011,no,15,2021,5,no,premium
288,Visa,Debit,yes,1,2670,01/2011,2011,no,15,2020,6,no,medium
3120,Mastercard,Credit,yes,2,14700,05/2012,2012,no,14,2018,8,yes,premium
626,Mastercard,Debit (Prepaid),yes,1,100,01/2020,2020,no,6,2023,3,no,low
627,Mastercard,Debit,yes,2,1680,01/2020,2020,no,6,2021,5,yes,medium
4890,Visa,Debit,yes,1,18579,09/2015,2015,no,11,2016,10,no,premium
3935,Mastercard,Credit,yes,1,13200,07/2010,2010,no,16,2021,5,no,premium
1422,Amex,Credit,yes,2,1900,02/2020,2020,no,6,2023,3,yes,medium
4384,Visa,Credit,yes,2,17100,08/2011,2011,no,15,2024,2,yes,premium
3158,Visa,Debit,no,1,16820,05/2014,2014,no,12,2015,11,no,premium
5185,Amex,Credit,yes,1,12000,10/2010,2014,no,12,2022,4,no,premium
2343,Mastercard,Debit,yes,1,21357,03/2015,2015,no,11,2018,8,no,premium
3738,Mastercard,Debit,yes,1,22964,07/2005,2011,no,15,2022,4,no,premium
628,Mastercard,Debit,yes,1,16769,01/2020,2020,no,6,2024,2,no,premium
5635,Visa,Credit,yes,1,10100,11/2010,2010,no,16,2016,10,no,premium
2722,Visa,Debit,yes,1,20773,04/2013,2013,no,13,2024,2,no,premium
2475,Amex,Credit,yes,1,15300,04/2005,2012,no,14,2022,4,no,premium
3936,Mastercard,Debit,yes,2,11160,07/2010,2010,no,16,2023,3,yes,premium
3211,Mastercard,Debit (Prepaid),yes,2,110,06/1999,2017,no,9,2022,4,yes,low
4800,Visa,Debit,yes,2,8766,09/2010,2020,no,6,2024,2,yes,high
4935,Mastercard,Debit (Prepaid),yes,2,95,10/1998,2012,no,14,2021,5,yes,low
4701,Visa,Credit,yes,2,9100,09/2008,2015,no,11,2020,6,yes,high
4727,Mastercard,Debit,yes,2,15441,09/2009,2009,no,17,2010,16,yes,premium
2858,Mastercard,Debit,yes,2,12021,05/2004,2014,no,12,2019,7,yes,premium
4211,Mastercard,Debit,yes,1,8887,08/2007,2014,no,12,2023,3,no,high
2279,Mastercard,Debit (Prepaid),yes,1,77,03/2011,2011,no,15,2023,3,no,low
5053,Mastercard,Credit,yes,1,22500,10/2006,2008,no,18,2024,2,no,premium
5087,Mastercard,Debit,yes,1,19600,10/2007,2015,no,11,2010,16,no,premium
4329,Mastercard,Debit,yes,2,40019,08/2010,2017,no,9,2020,6,yes,premium
53,Mastercard,Debit,no,2,64321,01/2004,2007,no,19,2023,3,yes,premium
3587,Visa,Debit,yes,1,16731,06/2014,2014,no,12,2020,6,no,premium
3854,Mastercard,Credit,yes,2,8800,07/2008,2008,no,18,2022,4,yes,high
3792,Visa,Debit,yes,1,12764,07/2006,2009,no,17,2019,7,no,premium
4111,Visa,Debit,no,1,7943,08/2002,2005,no,21,2022,4,no,high
3284,Visa,Debit,yes,2,18089,06/2004,2009,no,17,2007,19,yes,premium
433,Discover,Credit,yes,1,13800,01/2020,2020,no,6,2020,6,no,premium
872,Visa,Debit,yes,2,20134,01/2020,2020,no,6,2020,6,yes,premium
629,Mastercard,Debit (Prepaid),yes,2,55,01/2020,2020,no,6,2021,5,yes,low
630,Mastercard,Debit,yes,2,9279,01/2020,2020,no,6,2020,6,yes,high
1664,Mastercard,Debit,no,2,21449,02/2020,2020,no,6,2021,5,yes,premium
5230,Discover,Credit,yes,1,16500,10/2011,2011,no,15,2011,15,no,premium
3501,Visa,Debit,yes,2,9335,06/2010,2010,no,16,2023,3,yes,high
3724,Visa,Debit,yes,2,14079,07/2004,2015,no,11,2023,3,yes,premium
1928,Visa,Debit,yes,1,10367,02/2020,2020,no,6,2020,6,no,premium
3686,Amex,Credit,yes,1,8200,07/2003,2012,no,14,2024,2,no,high
1092,Mastercard,Debit,yes,2,13350,02/2006,2011,no,15,2020,6,yes,premium
985,Amex,Credit,yes,1,10200,02/2001,2011,no,15,2020,6,no,premium
182,Visa,Debit,yes,1,22648,01/2008,2015,no,11,2015,11,no,premium
275,Mastercard,Debit,no,1,17717,01/2011,2011,no,15,2020,6,no,premium
3683,Visa,Credit,yes,1,8300,07/2002,2013,no,13,2014,12,no,high
3872,Visa,Debit,yes,2,25719,07/2008,2010,no,16,2009,17,yes,premium
3855,Mastercard,Credit,yes,1,13200,07/2008,2017,no,9,2022,4,no,premium
3198,Visa,Credit,yes,2,12500,05/2017,2017,no,9,2019,7,yes,premium
3879,Amex,Credit,yes,1,15400,07/2009,2017,no,9,2019,7,no,premium
1452,Discover,Credit,yes,2,13900,02/2020,2020,no,6,2020,6,yes,premium
2829,Mastercard,Debit,yes,1,16681,05/2002,2011,no,15,2020,6,no,premium
3452,Visa,Credit,yes,1,11800,06/2009,2012,no,14,2024,2,no,premium
873,Visa,Debit (Prepaid),yes,1,57,01/2020,2020,no,6,2021,5,no,low
1665,Mastercard,Debit,yes,2,10573,02/2020,2020,no,6,2021,5,yes,premium
1929,Visa,Debit,yes,1,17499,02/2020,2020,no,6,2022,4,no,premium
5862,Mastercard,Debit,yes,1,20015,12/2006,2006,no,20,2020,6,no,premium
2932,Mastercard,Debit,yes,2,9707,05/2007,2009,no,17,2020,6,yes,high
5748,Mastercard,Credit,yes,2,3400,12/1992,2007,no,19,2022,4,yes,medium
4401,Amex,Credit,yes,1,5300,08/2013,2013,no,13,2023,3,no,high
5710,Mastercard,Debit,yes,2,22789,11/2015,2015,no,11,2018,8,yes,premium
1345,Mastercard,Debit,yes,2,13193,02/2014,2014,no,12,2024,2,yes,premium
3731,Discover,Credit,yes,1,1700,07/2005,2010,no,16,2023,3,no,medium
2028,Visa,Credit,yes,1,9000,03/2001,2009,no,17,2017,9,no,high
276,Mastercard,Debit (Prepaid),yes,2,79,01/2011,2011,no,15,2020,6,yes,low
5534,Mastercard,Debit (Prepaid),yes,1,87,11/2008,2008,no,18,2019,7,no,low
2620,Visa,Debit,yes,2,11254,04/2009,2009,no,17,2017,9,yes,premium
2552,Visa,Debit,no,1,11344,04/2007,2007,no,19,2023,3,no,premium
75,Mastercard,Debit (Prepaid),no,1,50,01/2005,2013,no,13,2020,6,no,low
229,Mastercard,Debit,yes,2,1213,01/2010,2010,no,16,2019,7,yes,medium
3551,Mastercard,Debit,no,1,29219,06/2012,2012,no,14,2023,3,no,premium
1321,Mastercard,Debit,yes,1,17907,02/2013,2013,no,13,2020,6,no,premium
2289,Visa,Debit,yes,2,24298,03/2011,2011,no,15,2023,3,yes,premium
5124,Mastercard,Credit,yes,1,11700,10/2008,2011,no,15,2023,3,no,premium
973,Visa,Debit,yes,2,16227,02/1999,2015,no,11,2003,23,yes,premium
2871,Visa,Debit,yes,2,7495,05/2004,2005,no,21,2021,5,yes,high
1290,Visa,Debit,yes,2,2210,02/2011,2014,no,12,2020,6,yes,medium
874,Visa,Credit,yes,2,17300,01/2020,2020,no,6,2022,4,yes,premium
1666,Mastercard,Debit,yes,2,3334,02/2020,2020,no,6,2021,5,yes,medium
1226,Mastercard,Debit,no,2,10040,02/2010,2010,no,16,2024,2,yes,premium
5221,Visa,Credit,yes,2,8500,10/2010,2018,no,8,2024,2,yes,high
2386,Mastercard,Debit,yes,1,11646,03/2019,2019,no,7,2020,6,no,premium
3110,Visa,Credit,yes,1,6900,05/2011,2011,no,15,2020,6,no,high
5899,Mastercard,Debit,yes,2,8230,12/2007,2014,no,12,2014,12,yes,high
2933,Mastercard,Credit,yes,1,4400,05/2007,2014,no,12,2023,3,no,medium
2464,Mastercard,Debit,yes,2,8638,04/2004,2014,no,12,2020,6,yes,high
2245,Discover,Credit,yes,2,4700,03/2010,2011,no,15,2020,6,yes,medium
4743,Visa,Credit,yes,2,4100,09/2009,2009,no,17,2024,2,yes,medium
1071,Visa,Credit,yes,1,8900,02/2005,2010,no,16,2020,6,no,high
5986,Visa,Debit,yes,1,3905,12/2009,2010,no,16,2017,9,no,medium
17,Visa,Debit,yes,2,18744,01/2000,2010,no,16,2022,4,yes,premium
213,Visa,Credit,no,2,5400,01/2009,2011,no,15,2012,14,yes,high
2553,Visa,Debit,no,1,14507,04/2007,2010,no,16,2011,15,no,premium
3602,Visa,Credit,yes,2,8700,06/2015,2015,no,11,2020,6,yes,high
2969,Mastercard,Credit,yes,2,10600,05/2008,2019,no,7,2022,4,yes,premium
6078,Visa,Debit,yes,1,11510,12/2012,2012,no,14,2023,3,no,premium
5571,Mastercard,Debit,yes,1,15765,11/2009,2009,no,17,2013,13,no,premium
3025,Visa,Debit (Prepaid),yes,1,56,05/2009,2010,no,16,2023,3,no,low
1097,Visa,Credit,yes,1,7300,02/2006,2013,no,13,2021,5,no,high
1360,Visa,Credit,yes,2,8500,02/2015,2015,no,11,2022,4,yes,high
3037,Amex,Credit,yes,1,7500,05/2010,2011,no,15,2014,12,no,high
2595,Amex,Credit,yes,2,5900,04/2009,2009,no,17,2022,4,yes,high
2235,Visa,Credit,yes,1,13600,03/2009,2013,no,13,2021,5,no,premium
5465,Mastercard,Credit,yes,2,10700,11/2006,2010,no,16,2024,2,yes,premium
4504,Mastercard,Debit,no,1,6424,09/2000,2012,no,14,2023,3,no,high
4499,Visa,Debit,yes,2,14248,09/1999,2010,no,16,2020,6,yes,premium
2356,Mastercard,Credit,yes,2,5400,03/2016,2016,no,10,2016,10,yes,high
3811,Mastercard,Debit,yes,2,13448,07/2007,2011,no,15,2023,3,yes,premium
3007,Mastercard,Debit (Prepaid),yes,2,44,05/2009,2013,no,13,2020,6,yes,low
3826,Visa,Credit,yes,2,11300,07/2007,2007,no,19,2020,6,yes,premium
4307,Visa,Debit,yes,1,30622,08/2009,2009,no,17,2012,14,no,premium
2970,Mastercard,Debit,yes,2,12241,05/2008,2008,no,18,2009,17,yes,premium
5258,Mastercard,Credit,yes,2,6200,10/2012,2012,no,14,2018,8,yes,high
986,Discover,Credit,yes,1,9500,02/2001,2014,no,12,2023,3,no,high
4812,Mastercard,Debit,yes,2,23042,09/2011,2013,no,13,2012,14,yes,premium
2934,Mastercard,Debit,yes,2,19019,05/2007,2011,no,15,2021,5,yes,premium
5846,Visa,Credit,no,2,2200,12/2005,2008,no,18,2020,6,yes,medium
1072,Visa,Credit,yes,1,13700,02/2005,2012,no,14,2021,5,no,premium
875,Visa,Credit,no,2,13500,01/2020,2020,no,6,2023,3,yes,premium
631,Mastercard,Credit,yes,2,7800,01/2020,2020,no,6,2021,5,yes,high
1423,Amex,Credit,yes,1,13300,02/2020,2020,no,6,2024,2,no,premium
1667,Mastercard,Debit,yes,1,24665,02/2020,2020,no,6,2020,6,no,premium
1668,Mastercard,Debit,yes,2,28648,02/2020,2020,no,6,2023,3,yes,premium
1078,Discover,Credit,yes,1,7000,02/2006,2019,no,7,2024,2,no,high
4628,Visa,Debit,yes,1,1324,09/2006,2013,no,13,2010,16,no,medium
6009,Mastercard,Debit,yes,2,8950,12/2010,2018,no,8,2017,9,yes,high
876,Visa,Debit,yes,2,43186,01/2020,2020,no,6,2020,6,yes,premium
1669,Mastercard,Debit,yes,1,56434,02/2020,2020,no,6,2022,4,no,premium
3753,Discover,Credit,no,2,10000,07/2006,2008,no,18,2020,6,yes,premium
4956,Mastercard,Credit,yes,1,21300,10/2001,2015,no,11,2024,2,no,premium
4296,Mastercard,Debit,yes,1,18281,08/2009,2009,no,17,2021,5,no,premium
4728,Mastercard,Debit,yes,2,13297,09/2009,2011,no,15,2020,6,yes,premium
3856,Mastercard,Debit,yes,2,3485,07/2008,2011,no,15,2024,2,yes,medium
5572,Mastercard,Debit (Prepaid),yes,2,54,11/2009,2009,no,17,2020,6,yes,low
1424,Amex,Credit,yes,2,9900,02/2020,2020,no,6,2020,6,yes,high
1670,Mastercard,Debit,yes,1,8257,02/2020,2020,no,6,2020,6,no,high
5937,Mastercard,Debit,yes,1,29078,12/2008,2009,no,17,2023,3,no,premium
2607,Mastercard,Debit (Prepaid),yes,2,59,04/2009,2009,no,17,2024,2,yes,low
3098,Mastercard,Debit,yes,1,27534,05/2011,2011,no,15,2022,4,no,premium
5847,Visa,Debit,yes,2,21652,12/2005,2012,no,14,2022,4,yes,premium
2699,Mastercard,Debit,yes,2,19919,04/2012,2012,no,14,2020,6,yes,premium
5358,Mastercard,Debit,yes,2,24272,11/1999,2011,no,15,2022,4,yes,premium
1671,Mastercard,Debit,no,1,23805,02/2020,2020,no,6,2024,2,no,premium
1201,Amex,Credit,yes,2,13800,02/2010,2010,no,16,2012,14,yes,premium
5771,Mastercard,Debit (Prepaid),no,2,27,12/2001,2017,no,9,2020,6,yes,low
4508,Visa,Debit,yes,2,4653,09/2000,2007,no,19,2022,4,yes,medium
632,Mastercard,Credit,yes,2,9900,01/2020,2020,no,6,2020,6,yes,high
1227,Mastercard,Debit (Prepaid),yes,2,34,02/2010,2011,no,15,2024,2,yes,low
5495,Mastercard,Debit,yes,2,11861,11/2007,2013,no,13,2016,10,yes,premium
3453,Visa,Debit,yes,2,27382,06/2009,2014,no,12,2022,4,yes,premium
3134,Mastercard,Credit,yes,2,27600,05/2013,2013,no,13,2018,8,yes,premium
2989,Visa,Debit,yes,2,4906,05/2008,2008,no,18,2020,6,yes,medium
4555,Mastercard,Debit,yes,2,1993,09/2004,2014,no,12,2020,6,yes,medium
1425,Amex,Credit,yes,1,14800,02/2020,2020,no,6,2020,6,no,premium
1672,Mastercard,Debit,yes,2,2593,02/2020,2020,no,6,2023,3,yes,medium
2411,Visa,Credit,yes,2,0,04/2000,2011,no,15,2021,5,yes,low
54,Mastercard,Debit,yes,2,0,01/2004,2008,no,18,2016,10,yes,low
3812,Mastercard,Credit,yes,1,14900,07/2007,2008,no,18,2009,17,no,premium
4170,Visa,Debit,yes,2,15720,08/2005,2011,no,15,2022,4,yes,premium
3062,Mastercard,Debit,yes,2,9165,05/2010,2010,no,16,2020,6,yes,high
3063,Mastercard,Debit,yes,2,13322,05/2010,2010,no,16,2021,5,yes,premium
5512,Visa,Debit,yes,2,11528,11/2007,2013,no,13,2023,3,yes,premium
407,Amex,Credit,yes,1,9600,01/2020,2020,no,6,2022,4,no,high
1673,Mastercard,Debit,yes,2,13573,02/2020,2020,no,6,2020,6,yes,premium
877,Visa,Debit,yes,1,11608,01/2020,2020,no,6,2022,4,no,premium
1674,Mastercard,Debit,yes,1,23699,02/2020,2020,no,6,2024,2,no,premium
633,Mastercard,Credit,yes,1,7700,01/2020,2020,no,6,2022,4,no,high
3894,Mastercard,Debit,no,2,6754,07/2009,2010,no,16,2019,7,yes,high
1930,Visa,Credit,yes,1,3500,02/2020,2020,no,6,2021,5,no,medium
1931,Visa,Debit,yes,1,14793,02/2020,2020,no,6,2020,6,no,premium
4366,Mastercard,Debit,yes,2,44885,08/2011,2020,no,6,2024,2,yes,premium
4729,Mastercard,Credit,yes,2,14000,09/2009,2011,no,15,2020,6,yes,premium
5034,Visa,Debit,yes,2,18494,10/2005,2007,no,19,2018,8,yes,premium
5180,Visa,Credit,yes,2,14700,10/2009,2011,no,15,2024,2,yes,premium
3166,Mastercard,Debit (Prepaid),yes,1,69,05/2015,2015,no,11,2020,6,no,low
634,Mastercard,Debit,yes,1,22234,01/2020,2020,no,6,2020,6,no,premium
878,Visa,Credit,yes,1,3600,01/2020,2020,no,6,2023,3,no,medium
289,Visa,Debit,yes,2,26255,01/2011,2011,no,15,2023,3,yes,premium
2538,Mastercard,Debit,yes,2,5500,04/2007,2013,no,13,2020,6,yes,high
5751,Visa,Debit,yes,1,12323,12/1996,2011,no,15,1997,29,no,premium
2700,Mastercard,Credit,yes,2,7100,04/2012,2012,no,14,2024,2,yes,high
4277,Visa,Debit (Prepaid),yes,2,37,08/2008,2009,no,17,2010,16,yes,low
2190,Mastercard,Credit,yes,1,19100,03/2008,2009,no,17,2024,2,no,premium
4259,Mastercard,Credit,yes,2,11600,08/2008,2012,no,14,2021,5,yes,premium
6060,Visa,Debit,yes,2,8144,12/2011,2012,no,14,2014,12,yes,high
1932,Visa,Debit (Prepaid),yes,2,53,02/2020,2020,no,6,2024,2,yes,low
1933,Visa,Credit,yes,2,8000,02/2020,2020,no,6,2020,6,yes,high
2357,Mastercard,Debit,yes,1,11919,03/2016,2016,no,10,2024,2,no,premium
1302,Mastercard,Debit,yes,1,17889,02/2012,2012,no,14,2022,4,no,premium
5853,Discover,Credit,yes,2,6300,12/2006,2006,no,20,2022,4,yes,high
4994,Visa,Credit,yes,2,7900,10/2003,2006,no,20,2021,5,yes,high
4609,Mastercard,Debit,yes,2,7995,09/2006,2006,no,20,2020,6,yes,high
2431,Mastercard,Credit,yes,1,7900,04/2002,2013,no,13,2022,4,no,high
2339,Amex,Credit,yes,1,5900,03/2015,2015,no,11,2022,4,no,high
3937,Mastercard,Debit,yes,1,18200,07/2010,2010,no,16,2020,6,no,premium
5201,Mastercard,Debit,yes,1,16502,10/2010,2010,no,16,2022,4,no,premium
3535,Visa,Debit,yes,1,16726,06/2011,2011,no,15,2023,3,no,premium
879,Visa,Debit,yes,2,4140,01/2020,2020,no,6,2024,2,yes,medium
4171,Amex,Credit,yes,1,9000,08/2006,2016,no,10,2014,12,no,high
3391,Mastercard,Debit,yes,1,12868,06/2008,2011,no,15,2022,4,no,premium
3431,Mastercard,Debit,yes,1,27773,06/2009,2012,no,14,2020,6,no,premium
5535,Mastercard,Credit,yes,1,16400,11/2008,2008,no,18,2014,12,no,premium
376,Visa,Credit,yes,1,13000,01/2018,2018,no,8,2022,4,no,premium
1291,Visa,Debit,yes,1,16465,02/2011,2011,no,15,2022,4,no,premium
5011,Mastercard,Credit,yes,2,9000,10/2004,2011,no,15,2021,5,yes,high
3895,Mastercard,Debit,yes,2,14961,07/2009,2015,no,11,2024,2,yes,premium
4995,Visa,Debit,yes,1,19791,10/2003,2014,no,12,2023,3,no,premium
3857,Mastercard,Debit,yes,1,15771,07/2008,2016,no,10,2016,10,no,premium
1228,Mastercard,Debit,yes,1,7702,02/2010,2010,no,16,2024,2,no,high
2063,Mastercard,Debit,yes,1,18729,03/2004,2011,no,15,2024,2,no,premium
4367,Mastercard,Debit (Prepaid),no,1,80,08/2011,2011,no,15,2023,3,no,low
3404,Visa,Debit (Prepaid),yes,1,86,06/2008,2010,no,16,2024,2,no,low
4260,Mastercard,Debit,no,2,20138,08/2008,2011,no,15,2020,6,yes,premium
1675,Mastercard,Debit,no,1,21335,02/2020,2020,no,6,2020,6,no,premium
1676,Mastercard,Credit,yes,1,9300,02/2020,2020,no,6,2022,4,no,high
1677,Mastercard,Credit,yes,1,12600,02/2020,2020,no,6,2020,6,no,premium
635,Mastercard,Debit,yes,1,12899,01/2020,2020,no,6,2023,3,no,premium
1678,Mastercard,Credit,yes,2,13500,02/2020,2020,no,6,2020,6,yes,premium
880,Visa,Debit,yes,1,17432,01/2020,2020,no,6,2024,2,no,premium
4744,Visa,Credit,no,2,9700,09/2009,2017,no,9,2012,14,yes,high
4212,Mastercard,Debit,yes,2,13016,08/2007,2015,no,11,2024,2,yes,premium
2008,Visa,Debit,yes,2,24459,03/1997,2009,no,17,2004,22,yes,premium
3237,Mastercard,Debit (Prepaid),yes,2,87,06/2002,2007,no,19,2023,3,yes,low
4213,Mastercard,Credit,yes,2,13500,08/2007,2007,no,19,2023,3,yes,premium
5354,Visa,Debit (Prepaid),yes,2,89,11/1997,2003,no,23,2023,3,yes,low
4530,Discover,Credit,yes,2,8300,09/2003,2011,no,15,2021,5,yes,high
5614,Mastercard,Debit,yes,1,24481,11/2010,2010,no,16,2021,5,no,premium
5536,Mastercard,Debit,no,1,2808,11/2008,2013,no,13,2017,9,no,medium
3536,Visa,Debit,yes,2,24835,06/2011,2011,no,15,2014,12,yes,premium
4996,Visa,Debit,yes,1,12078,10/2003,2018,no,8,2004,22,no,premium
2064,Mastercard,Debit,yes,1,6257,03/2004,2014,no,12,2022,4,no,high
3245,Visa,Credit,yes,1,8400,06/2002,2010,no,16,2023,3,no,high
4424,Discover,Credit,yes,2,9900,08/2014,2014,no,12,2020,6,yes,high
1322,Mastercard,Debit,yes,1,11818,02/2013,2013,no,13,2022,4,no,premium
5303,Discover,Credit,yes,2,11300,10/2015,2015,no,11,2022,4,yes,premium
3813,Mastercard,Debit,yes,1,8833,07/2007,2016,no,10,2024,2,no,high
5826,Amex,Credit,yes,1,13400,12/2005,2010,no,16,2022,4,no,premium
2842,Mastercard,Debit,yes,1,30753,05/2003,2008,no,18,2024,2,no,premium
1679,Mastercard,Debit,yes,2,735,02/2020,2020,no,6,2021,5,yes,low
2147,Mastercard,Debit,yes,1,17667,03/2007,2011,no,15,2020,6,no,premium
1680,Mastercard,Debit,yes,1,14665,02/2020,2020,no,6,2020,6,no,premium
4348,Visa,Debit,yes,2,14392,08/2010,2011,no,15,2015,11,yes,premium
1323,Mastercard,Credit,yes,2,14900,02/2013,2013,no,13,2021,5,yes,premium
5711,Mastercard,Debit,yes,1,19488,11/2015,2015,no,11,2016,10,no,premium
4745,Visa,Debit (Prepaid),yes,1,84,09/2009,2009,no,17,2009,17,no,low
5552,Visa,Credit,yes,1,20100,11/2008,2015,no,11,2016,10,no,premium
6046,Mastercard,Debit (Prepaid),yes,1,101,12/2011,2011,no,15,2020,6,no,low
2570,Mastercard,Debit,yes,1,11372,04/2008,2009,no,17,2019,7,no,premium
4011,Mastercard,Debit,yes,1,21448,07/2013,2013,no,13,2017,9,no,premium
4629,Visa,Debit,yes,2,19691,09/2006,2011,no,15,2020,6,yes,premium
2591,Visa,Debit,yes,2,14477,04/2008,2008,no,18,2024,2,yes,premium
2916,Visa,Debit,yes,2,17559,05/2006,2006,no,20,2013,13,yes,premium
3956,Visa,Debit,yes,1,24302,07/2010,2010,no,16,2023,3,no,premium
5513,Visa,Debit,yes,2,8105,11/2007,2009,no,17,2023,3,yes,high
230,Mastercard,Debit (Prepaid),yes,2,59,01/2010,2011,no,15,2020,6,yes,low
2707,Visa,Credit,yes,2,0,04/2012,2012,no,14,2021,5,yes,low
2679,Mastercard,Debit,yes,2,15022,04/2011,2011,no,15,2022,4,yes,premium
2884,Mastercard,Debit,yes,2,27677,05/2005,2006,no,20,2021,5,yes,premium
1934,Visa,Debit,yes,1,11779,02/2020,2020,no,6,2020,6,no,premium
636,Mastercard,Credit,yes,1,9400,01/2020,2020,no,6,2022,4,no,high
4261,Mastercard,Debit,yes,2,17206,08/2008,2010,no,16,2023,3,yes,premium
4214,Mastercard,Debit,yes,1,18235,08/2007,2007,no,19,2024,2,no,premium
1681,Mastercard,Debit,yes,1,25376,02/2020,2020,no,6,2020,6,no,premium
2539,Mastercard,Debit,yes,2,17034,04/2007,2007,no,19,2014,12,yes,premium
4104,Visa,Debit (Prepaid),yes,2,33,08/2001,2009,no,17,2020,6,yes,low
214,Visa,Debit,yes,2,20114,01/2009,2009,no,17,2020,6,yes,premium
2859,Mastercard,Debit,yes,2,21074,05/2004,2010,no,16,2024,2,yes,premium
1274,Mastercard,Debit,yes,2,17522,02/2011,2011,no,15,2016,10,yes,premium
5835,Mastercard,Debit,yes,2,18547,12/2005,2007,no,19,2021,5,yes,premium
2148,Mastercard,Credit,yes,1,11700,03/2007,2012,no,14,2022,4,no,premium
5915,Visa,Credit,yes,1,14600,12/2007,2008,no,18,2020,6,no,premium
3660,Visa,Credit,yes,1,4600,07/2000,2011,no,15,2022,4,no,medium
6047,Mastercard,Credit,yes,1,13200,12/2011,2011,no,15,2022,4,no,premium
3322,Mastercard,Debit,yes,2,21701,06/2006,2007,no,19,2023,3,yes,premium
4568,Visa,Debit (Prepaid),yes,2,4,09/2004,2008,no,18,2021,5,yes,low
1,Mastercard,Credit,yes,1,11600,01/1994,2013,no,13,2024,2,no,premium
3478,Mastercard,Debit (Prepaid),yes,2,99,06/2010,2011,no,15,2021,5,yes,low
163,Mastercard,Credit,yes,2,4200,01/2008,2008,no,18,2022,4,yes,medium
4857,Mastercard,Debit,yes,2,21988,09/2013,2013,no,13,2017,9,yes,premium
881,Visa,Debit,yes,2,12186,01/2020,2020,no,6,2020,6,yes,premium
5045,Amex,Credit,yes,1,8900,10/2006,2011,no,15,2020,6,no,high
4402,Amex,Credit,yes,2,4000,08/2013,2013,no,13,2015,11,yes,medium
3026,Visa,Credit,yes,2,10200,05/2009,2009,no,17,2023,3,yes,premium
1150,Mastercard,Debit,yes,2,5649,02/2008,2016,no,10,2022,4,yes,high
5101,Visa,Debit,yes,1,18934,10/2007,2013,no,13,2020,6,no,premium
2523,Amex,Credit,yes,1,11500,04/2007,2010,no,16,2024,2,no,premium
1426,Amex,Credit,yes,1,5100,02/2020,2020,no,6,2022,4,no,high
4997,Visa,Debit (Prepaid),yes,1,57,10/2003,2009,no,17,2021,5,no,low
2254,Mastercard,Credit,yes,1,11800,03/2010,2010,no,16,2016,10,no,premium
231,Mastercard,Credit,yes,1,12500,01/2010,2012,no,14,2023,3,no,premium
882,Visa,Debit (Prepaid),yes,2,116,01/2020,2020,no,6,2023,3,yes,low
1682,Mastercard,Debit,yes,2,17447,02/2020,2020,no,6,2020,6,yes,premium
1935,Visa,Debit (Prepaid),yes,1,126,02/2020,2020,no,6,2020,6,no,low
4884,Mastercard,Debit (Prepaid),yes,2,86,09/2015,2015,no,11,2015,11,yes,low
637,Mastercard,Debit,yes,2,12695,01/2020,2020,no,6,2020,6,yes,premium
2314,Mastercard,Credit,yes,2,11800,03/2013,2013,no,13,2019,7,yes,premium
638,Mastercard,Debit,no,1,18800,01/2020,2020,no,6,2022,4,no,premium
4944,Mastercard,Debit,yes,1,1368,10/2000,2004,no,22,2021,5,no,medium
408,Amex,Credit,yes,1,8800,01/2020,2020,no,6,2024,2,no,high
1683,Mastercard,Credit,yes,2,8200,02/2020,2020,no,6,2020,6,yes,high
2509,Mastercard,Debit,yes,2,2450,04/2006,2014,no,12,2022,4,yes,medium
3193,Mastercard,Debit,yes,2,10582,05/2017,2017,no,9,2024,2,yes,premium
4308,Visa,Debit (Prepaid),yes,1,22,08/2009,2019,no,7,2023,3,no,low
4309,Visa,Credit,yes,1,6900,08/2009,2010,no,16,2022,4,no,high
4262,Mastercard,Debit,yes,2,12664,08/2008,2011,no,15,2022,4,yes,premium
5517,Discover,Credit,yes,2,3700,11/2008,2011,no,15,2008,18,yes,medium
2149,Mastercard,Debit,yes,1,15620,03/2007,2010,no,16,2020,6,no,premium
2414,Amex,Credit,yes,2,10800,04/2001,2011,no,15,2009,17,yes,premium
5254,Visa,Debit,yes,2,7014,10/2011,2011,no,15,2021,5,yes,high
1324,Mastercard,Debit,yes,2,23838,02/2013,2013,no,13,2022,4,yes,premium
883,Visa,Debit,yes,1,17355,01/2020,2020,no,6,2024,2,no,premium
5496,Mastercard,Debit,yes,1,16249,11/2007,2010,no,16,2020,6,no,premium
5443,Visa,Debit,yes,2,14036,11/2005,2010,no,16,2021,5,yes,premium
3064,Mastercard,Debit,yes,1,19807,05/2010,2010,no,16,2021,5,no,premium
3232,Amex,Credit,yes,1,20900,06/2002,2011,no,15,2017,9,no,premium
5987,Visa,Credit,yes,1,7400,12/2009,2009,no,17,2020,6,no,high
3454,Visa,Debit,yes,1,35268,06/2009,2009,no,17,2023,3,no,premium
3260,Visa,Credit,yes,2,4600,06/2003,2003,no,23,2021,5,yes,medium
5920,Amex,Credit,yes,1,6200,12/2008,2014,no,12,2022,4,no,high
2089,Mastercard,Debit,no,2,4139,03/2005,2008,no,18,2019,7,yes,medium
4310,Visa,Debit,yes,1,23878,08/2009,2011,no,15,2020,6,no,premium
4182,Mastercard,Credit,yes,2,10200,08/2006,2013,no,13,2022,4,yes,premium
5636,Visa,Debit (Prepaid),yes,2,48,11/2010,2014,no,12,2021,5,yes,low
5713,Visa,Credit,yes,1,11300,11/2015,2015,no,11,2021,5,no,premium
4237,Amex,Credit,yes,2,7700,08/2008,2010,no,16,2024,2,yes,high
4143,Visa,Credit,yes,1,8700,08/2004,2006,no,20,2020,6,no,high
1128,Visa,Debit,yes,1,15338,02/2007,2011,no,15,2021,5,no,premium
5479,Amex,Credit,yes,1,19900,11/2007,2011,no,15,2021,5,no,premium
4901,Visa,Debit,yes,1,14249,09/2016,2016,no,10,2023,3,no,premium
1098,Visa,Debit,yes,1,22124,02/2006,2010,no,16,2011,15,no,premium
5685,Mastercard,Debit,yes,1,28580,11/2013,2013,no,13,2022,4,no,premium
2995,Discover,Credit,yes,1,11900,05/2009,2011,no,15,2020,6,no,premium
1684,Mastercard,Debit,yes,2,16731,02/2020,2020,no,6,2024,2,yes,premium
4874,Mastercard,Credit,no,1,8500,09/2014,2014,no,12,2021,5,no,high
3739,Mastercard,Debit,yes,2,12757,07/2005,2009,no,17,2020,6,yes,premium
4746,Visa,Debit,yes,2,17013,09/2009,2009,no,17,2020,6,yes,premium
1035,Mastercard,Debit,yes,2,11757,02/2004,2011,no,15,2004,22,yes,premium
4730,Mastercard,Debit,yes,2,16392,09/2009,2011,no,15,2022,4,yes,premium
3749,Visa,Credit,yes,1,8500,07/2005,2009,no,17,2021,5,no,high
254,Visa,Debit,yes,2,3973,01/2010,2016,no,10,2018,8,yes,medium
3194,Mastercard,Debit,yes,2,15042,05/2017,2017,no,9,2020,6,yes,premium
215,Visa,Credit,yes,1,8600,01/2009,2010,no,16,2024,2,no,high
3366,Visa,Credit,yes,2,7100,06/2007,2007,no,19,2022,4,yes,high
3261,Visa,Debit,yes,2,9551,06/2003,2009,no,17,2024,2,yes,high
5772,Mastercard,Debit,yes,1,10311,12/2001,2006,no,20,2020,6,no,premium
4005,Amex,Credit,yes,1,7700,07/2013,2013,no,13,2017,9,no,high
4134,Mastercard,Debit,yes,2,11638,08/2004,2011,no,15,2022,4,yes,premium
2133,Visa,Debit,yes,2,9285,03/2006,2011,no,15,2023,3,yes,high
1151,Mastercard,Debit,yes,1,11164,02/2008,2009,no,17,2020,6,no,premium
3793,Visa,Credit,yes,1,9900,07/2006,2011,no,15,2024,2,no,high
4630,Visa,Debit,yes,1,16750,09/2006,2012,no,14,2011,15,no,premium
1936,Visa,Debit (Prepaid),yes,1,80,02/2020,2020,no,6,2020,6,no,low
1685,Mastercard,Debit,yes,1,12233,02/2020,2020,no,6,2023,3,no,premium
2236,Visa,Debit,yes,2,5216,03/2009,2009,no,17,2009,17,yes,high
639,Mastercard,Debit,yes,2,9082,01/2020,2020,no,6,2024,2,yes,high
434,Discover,Credit,yes,2,18100,01/2020,2020,no,6,2024,2,yes,premium
1937,Visa,Credit,yes,1,11100,02/2020,2020,no,6,2020,6,no,premium
5591,Visa,Debit,yes,1,19158,11/2009,2010,no,16,2024,2,no,premium
5737,Mastercard,Debit,yes,1,19788,11/2018,2018,no,8,2020,6,no,premium
1229,Mastercard,Debit,yes,1,15259,02/2010,2010,no,16,2021,5,no,premium
2315,Mastercard,Debit,yes,2,19728,03/2013,2013,no,13,2020,6,yes,premium
4144,Visa,Debit,yes,1,13530,08/2004,2011,no,15,2009,17,no,premium
2971,Mastercard,Debit,yes,1,142,05/2008,2012,no,14,2019,7,no,low
1377,Visa,Debit,yes,1,16210,02/2017,2017,no,9,2021,5,no,premium
884,Visa,Credit,yes,1,15200,01/2020,2020,no,6,2020,6,no,premium
640,Mastercard,Debit,yes,2,24200,01/2020,2020,no,6,2023,3,yes,premium
3351,Mastercard,Debit (Prepaid),yes,1,82,06/2007,2009,no,17,2008,18,no,low
4801,Visa,Debit,yes,1,21057,09/2010,2010,no,16,2020,6,no,premium
4961,Amex,Credit,yes,1,8900,10/2002,2012,no,14,2021,5,no,high
964,Visa,Debit,no,2,17789,02/1998,2019,no,7,2022,4,yes,premium
3352,Mastercard,Debit,yes,2,14388,06/2007,2007,no,19,2023,3,yes,premium
4569,Visa,Debit,yes,1,26582,09/2004,2005,no,21,2024,2,no,premium
358,Visa,Debit,yes,1,21619,01/2016,2016,no,10,2023,3,no,premium
3814,Mastercard,Debit,yes,1,32704,07/2007,2008,no,18,2020,6,no,premium
4494,Mastercard,Debit (Prepaid),yes,1,70,09/1998,2006,no,20,2014,12,no,low
2243,Amex,Credit,no,1,23900,03/2010,2017,no,9,2012,14,no,premium
3367,Visa,Debit,yes,2,38120,06/2007,2011,no,15,2020,6,yes,premium
5088,Mastercard,Debit,yes,1,5753,10/2007,2009,no,17,2019,7,no,high
3463,Amex,Credit,yes,2,15500,06/2010,2012,no,14,2021,5,yes,premium
885,Visa,Debit,yes,2,21916,01/2020,2020,no,6,2022,4,yes,premium
886,Visa,Debit,yes,1,25579,01/2020,2020,no,6,2020,6,no,premium
1021,Mastercard,Debit,yes,1,16144,02/2003,2011,no,15,2023,3,no,premium
5742,Mastercard,Debit,no,1,12535,11/2019,2019,no,7,2024,2,no,premium
3027,Visa,Credit,yes,2,7600,05/2009,2013,no,13,2020,6,yes,high
3858,Mastercard,Debit,yes,1,14514,07/2008,2008,no,18,2017,9,no,premium
2358,Mastercard,Credit,yes,2,7500,03/2016,2016,no,10,2020,6,yes,high
6033,Visa,Credit,yes,2,9700,12/2010,2011,no,15,2022,4,yes,high
6071,Mastercard,Debit,no,1,18450,12/2012,2012,no,14,2021,5,no,premium
3368,Visa,Debit (Prepaid),yes,1,65,06/2007,2008,no,18,2021,5,no,low
232,Mastercard,Debit,yes,2,13529,01/2010,2010,no,16,2023,3,yes,premium
1206,Discover,Credit,yes,1,10300,02/2010,2013,no,13,2023,3,no,premium
3524,Mastercard,Credit,no,1,20100,06/2011,2012,no,14,2022,4,no,premium
200,Mastercard,Debit (Prepaid),no,2,61,01/2009,2016,no,10,2024,2,yes,low
5222,Visa,Credit,yes,2,18100,10/2010,2010,no,16,2018,8,yes,premium
4930,Mastercard,Debit,yes,2,34731,10/1997,2011,no,15,2024,2,yes,premium
216,Visa,Debit,yes,1,23392,01/2009,2011,no,15,2016,10,no,premium
3008,Mastercard,Debit (Prepaid),yes,2,52,05/2009,2012,no,14,2020,6,yes,low
3677,Mastercard,Debit,yes,2,24129,07/2002,2018,no,8,2020,6,yes,premium
3432,Mastercard,Debit,no,1,27847,06/2009,2011,no,15,2021,5,no,premium
1686,Mastercard,Credit,yes,1,12100,02/2020,2020,no,6,2022,4,no,premium
2446,Mastercard,Debit,yes,1,15847,04/2003,2010,no,16,2021,5,no,premium
92,Amex,Credit,yes,1,13500,01/2006,2010,no,16,2024,2,no,premium
4004,Visa,Credit,yes,2,11400,07/2012,2012,no,14,2022,4,yes,premium
2667,Visa,Debit,yes,2,5520,04/2010,2010,no,16,2022,4,yes,high
3369,Visa,Debit,no,1,1559,06/2007,2010,no,16,2023,3,no,medium
3262,Visa,Debit,yes,2,11836,06/2003,2015,no,11,2022,4,yes,premium
55,Mastercard,Debit,yes,1,19211,01/2004,2015,no,11,2024,2,no,premium
5138,Visa,Debit,yes,2,5909,10/2008,2012,no,14,2019,7,yes,high
2425,Visa,Debit,yes,2,16410,04/2001,2011,no,15,2018,8,yes,premium
5142,Amex,Credit,yes,1,13300,10/2009,2009,no,17,2020,6,no,premium
4417,Visa,Credit,yes,2,9300,08/2013,2013,no,13,2015,11,yes,high
1687,Mastercard,Credit,yes,2,7200,02/2020,2020,no,6,2020,6,yes,high
6061,Visa,Credit,yes,1,11900,12/2011,2011,no,15,2022,4,no,premium
4891,Visa,Credit,yes,2,10500,09/2015,2015,no,11,2023,3,yes,premium
2363,Mastercard,Debit,yes,1,14865,03/2017,2017,no,9,2018,8,no,premium
3779,Mastercard,Debit,yes,2,15298,07/2006,2009,no,17,2020,6,yes,premium
3204,Mastercard,Debit,yes,1,23481,06/1996,2012,no,14,2020,6,no,premium
2951,Visa,Credit,yes,1,14700,05/2007,2014,no,12,2022,4,no,premium
3254,Mastercard,Debit (Prepaid),yes,2,47,06/2003,2013,no,13,2024,2,yes,low
4644,Mastercard,Debit,yes,1,22625,09/2007,2008,no,18,2023,3,no,premium
2160,Visa,Debit (Prepaid),yes,1,110,03/2007,2007,no,19,2022,4,no,low
4892,Visa,Debit,yes,1,328,09/2015,2015,no,11,2021,5,no,low
1258,Visa,Credit,yes,2,100,02/2010,2011,no,15,2020,6,yes,low
3263,Visa,Credit,yes,2,8800,06/2003,2016,no,10,2021,5,yes,high
3913,Visa,Debit,yes,1,3942,07/2009,2016,no,10,2020,6,no,medium
6010,Mastercard,Debit,yes,1,32488,12/2010,2010,no,16,2021,5,no,premium
4194,Amex,Credit,yes,1,20000,08/2007,2020,no,6,2021,5,no,premium
149,Amex,Credit,no,1,14500,01/2008,2011,no,15,2020,6,no,premium
4783,Mastercard,Debit,yes,1,25900,09/2010,2010,no,16,2023,3,no,premium
984,Visa,Credit,yes,1,14800,02/2000,2012,no,14,2022,4,no,premium
4824,Visa,Credit,yes,2,15600,09/2011,2011,no,15,2023,3,yes,premium
2122,Mastercard,Debit (Prepaid),yes,2,51,03/2006,2011,no,15,2020,6,yes,low
3139,Visa,Credit,yes,2,5600,05/2013,2013,no,13,2022,4,yes,high
5292,Mastercard,Debit,yes,2,13235,10/2014,2014,no,12,2021,5,yes,premium
5801,Visa,Debit (Prepaid),yes,2,33,12/2003,2010,no,16,2022,4,yes,low
3714,Mastercard,Debit,yes,2,34675,07/2004,2018,no,8,2020,6,yes,premium
4476,Visa,Debit,yes,1,19824,08/2018,2018,no,8,2020,6,no,premium
1162,Visa,Debit,yes,1,9827,02/2008,2009,no,17,2020,6,no,high
3827,Visa,Credit,yes,2,9700,07/2007,2009,no,17,2024,2,yes,high
366,Amex,Credit,yes,2,5400,01/2018,2018,no,8,2023,3,yes,high
2770,Mastercard,Debit,yes,1,12079,04/2017,2017,no,9,2018,8,no,premium
2290,Visa,Debit,yes,2,19436,03/2011,2011,no,15,2020,6,yes,premium
2892,Visa,Credit,yes,2,10600,05/2005,2005,no,21,2024,2,yes,premium
4215,Mastercard,Credit,yes,1,9600,08/2007,2011,no,15,2023,3,no,high
641,Mastercard,Debit,yes,1,17500,01/2020,2020,no,6,2020,6,no,premium
1688,Mastercard,Debit,yes,2,21797,02/2020,2020,no,6,2020,6,yes,premium
1689,Mastercard,Credit,yes,1,16700,02/2020,2020,no,6,2022,4,no,premium
409,Amex,Credit,yes,1,8800,01/2020,2020,no,6,2022,4,no,high
4183,Mastercard,Debit (Prepaid),yes,2,87,08/2006,2016,no,10,2021,5,yes,low
4135,Mastercard,Credit,yes,2,6000,08/2004,2010,no,16,2007,19,yes,high
3750,Visa,Debit,yes,2,10182,07/2005,2011,no,15,2021,5,yes,premium
4747,Visa,Debit,yes,1,2566,09/2009,2012,no,14,2023,3,no,medium
642,Mastercard,Debit,yes,1,25693,01/2020,2020,no,6,2021,5,no,premium
4970,Mastercard,Debit,yes,1,43122,10/2002,2011,no,15,2020,6,no,premium
3696,Mastercard,Debit,yes,2,5793,07/2003,2013,no,13,2023,3,yes,high
5035,Visa,Debit,yes,1,2950,10/2005,2014,no,12,2023,3,no,medium
4019,Discover,Credit,yes,1,6600,07/2014,2014,no,12,2015,11,no,high
2344,Mastercard,Debit,yes,1,21378,03/2015,2015,no,11,2021,5,no,premium
2843,Mastercard,Debit,yes,1,29283,05/2003,2012,no,14,2007,19,no,premium
4486,Visa,Debit,yes,1,12220,09/1993,2011,no,15,2020,6,no,premium
4297,Mastercard,Debit,no,1,30096,08/2009,2009,no,17,2021,5,no,premium
643,Mastercard,Debit,yes,2,12068,01/2020,2020,no,6,2020,6,yes,premium
644,Mastercard,Debit,yes,2,10039,01/2020,2020,no,6,2024,2,yes,premium
1690,Mastercard,Debit (Prepaid),no,2,66,02/2020,2020,no,6,2020,6,yes,low
645,Mastercard,Debit,yes,2,22043,01/2020,2020,no,6,2020,6,yes,premium
887,Visa,Debit (Prepaid),yes,2,56,01/2020,2020,no,6,2022,4,yes,low
5738,Mastercard,Credit,yes,2,7100,11/2018,2018,no,8,2023,3,yes,high
145,Visa,Debit,yes,2,1112,01/2007,2013,no,13,2012,14,yes,medium
2237,Visa,Debit,yes,2,8643,03/2009,2015,no,11,2023,3,yes,high
4748,Visa,Credit,yes,1,8800,09/2009,2012,no,14,2020,6,no,high
1373,Mastercard,Debit (Prepaid),yes,2,68,02/2017,2017,no,9,2024,2,yes,low
1022,Mastercard,Debit,yes,1,6949,02/2003,2008,no,18,2016,10,no,high
5900,Mastercard,Debit,yes,2,8169,12/2007,2007,no,19,2021,5,yes,high
3009,Mastercard,Credit,yes,1,6400,05/2009,2010,no,16,2022,4,no,high
646,Mastercard,Debit (Prepaid),no,1,45,01/2020,2020,no,6,2023,3,no,low
647,Mastercard,Debit,yes,2,14759,01/2020,2020,no,6,2020,6,yes,premium
1691,Mastercard,Debit,yes,2,5372,02/2020,2020,no,6,2021,5,yes,high
5466,Mastercard,Debit,no,1,12059,11/2006,2008,no,18,2023,3,no,premium
2191,Mastercard,Debit,yes,1,13823,03/2008,2011,no,15,2013,13,no,premium
5497,Mastercard,Debit,yes,1,13555,11/2007,2011,no,15,2023,3,no,premium
5872,Visa,Debit,yes,2,7991,12/2006,2009,no,17,2024,2,yes,high
2935,Mastercard,Debit,yes,1,25935,05/2007,2012,no,14,2020,6,no,premium
1692,Mastercard,Credit,yes,2,14100,02/2020,2020,no,6,2021,5,yes,premium
5988,Visa,Debit,yes,1,18290,12/2009,2015,no,11,2024,2,no,premium
2397,Visa,Debit,yes,2,15322,04/1994,2009,no,17,2022,4,yes,premium
1259,Visa,Debit (Prepaid),yes,1,22,02/2010,2013,no,13,2016,10,no,low
3957,Visa,Credit,yes,2,5700,07/2010,2010,no,16,2024,2,yes,high
76,Mastercard,Debit,yes,2,26303,01/2005,2008,no,18,2010,16,yes,premium
1938,Visa,Credit,yes,2,12400,02/2020,2020,no,6,2021,5,yes,premium
1164,Amex,Credit,yes,1,8200,02/2009,2009,no,17,2023,3,no,high
4481,Mastercard,Debit,yes,2,31741,08/2019,2019,no,7,2021,5,yes,premium
4278,Visa,Credit,yes,2,14500,08/2008,2010,no,16,2021,5,yes,premium
3914,Visa,Credit,yes,2,11200,07/2009,2011,no,15,2024,2,yes,premium
2324,Visa,Credit,yes,2,8400,03/2013,2013,no,13,2020,6,yes,high
5836,Mastercard,Debit,yes,2,36920,12/2005,2011,no,15,2017,9,yes,premium
5125,Mastercard,Debit,yes,3,1129,10/2008,2012,no,14,2024,2,yes,medium
3479,Mastercard,Credit,yes,1,2900,06/2010,2010,no,16,2022,4,no,medium
4030,Visa,Debit,yes,2,11902,07/2014,2014,no,12,2017,9,yes,premium
2054,Visa,Debit,yes,1,9290,03/2003,2009,no,17,2023,3,no,high
1427,Amex,Credit,yes,2,11500,02/2020,2020,no,6,2024,2,yes,premium
1693,Mastercard,Debit (Prepaid),yes,1,28,02/2020,2020,no,6,2023,3,no,low
1694,Mastercard,Debit,yes,2,10365,02/2020,2020,no,6,2023,3,yes,premium
5259,Mastercard,Debit,yes,1,27123,10/2012,2012,no,14,2022,4,no,premium
6121,Mastercard,Debit,yes,2,26564,12/2016,2016,no,10,2021,5,yes,premium
2747,Mastercard,Debit,yes,2,19915,04/2015,2015,no,11,2021,5,yes,premium
888,Visa,Debit,yes,1,17446,01/2020,2020,no,6,2022,4,no,premium
1939,Visa,Debit,yes,2,7330,02/2020,2020,no,6,2021,5,yes,high
1292,Visa,Debit,yes,2,10876,02/2011,2011,no,15,2020,6,yes,premium
64,Amex,Credit,yes,2,36200,01/2005,2007,no,19,2021,5,yes,premium
2821,Visa,Credit,yes,1,800,05/2001,2008,no,18,2021,5,no,low
6143,Mastercard,Debit,no,1,24690,12/2019,2019,no,7,2024,2,no,premium
146,Visa,Debit (Prepaid),no,2,85,01/2007,2018,no,8,2019,7,yes,low
4825,Visa,Credit,yes,2,8800,09/2011,2011,no,15,2024,2,yes,high
3780,Mastercard,Credit,yes,1,14200,07/2006,2009,no,17,2020,6,no,premium
3264,Visa,Debit,no,2,40920,06/2003,2015,no,11,2020,6,yes,premium
4784,Mastercard,Debit,yes,1,29936,09/2010,2011,no,15,2023,3,no,premium
5054,Mastercard,Debit (Prepaid),yes,1,73,10/2006,2009,no,17,2021,5,no,low
5734,Visa,Debit,yes,1,18558,11/2017,2017,no,9,2022,4,no,premium
2621,Visa,Credit,yes,1,9300,04/2009,2013,no,13,2024,2,no,high
3114,Amex,Credit,yes,1,4500,05/2012,2012,no,14,2024,2,no,medium
183,Visa,Debit,yes,2,17120,01/2008,2017,no,9,2023,3,yes,premium
4610,Mastercard,Credit,yes,1,0,09/2006,2010,no,16,2024,2,no,low
5901,Mastercard,Debit,yes,1,14162,12/2007,2015,no,11,2022,4,no,premium
4656,Amex,Credit,yes,1,9000,09/2008,2008,no,18,2023,3,no,high
1940,Visa,Debit,yes,1,18699,02/2020,2020,no,6,2021,5,no,premium
1695,Mastercard,Debit,yes,2,13979,02/2020,2020,no,6,2024,2,yes,premium
648,Mastercard,Debit,yes,1,22218,01/2020,2020,no,6,2023,3,no,premium
356,Mastercard,Debit,no,1,19884,01/2016,2016,no,10,2021,5,no,premium
649,Mastercard,Credit,yes,1,10700,01/2020,2020,no,6,2020,6,no,premium
1696,Mastercard,Credit,yes,1,6600,02/2020,2020,no,6,2024,2,no,high
650,Mastercard,Debit,no,2,12014,01/2020,2020,no,6,2021,5,yes,premium
889,Visa,Debit,yes,2,8227,01/2020,2020,no,6,2023,3,yes,high
651,Mastercard,Credit,yes,2,10100,01/2020,2020,no,6,2022,4,yes,premium
1941,Visa,Debit (Prepaid),yes,1,38,02/2020,2020,no,6,2021,5,no,low
359,Visa,Debit,yes,2,18548,01/2016,2016,no,10,2021,5,yes,premium
1036,Mastercard,Debit,yes,1,19030,02/2004,2007,no,19,2004,22,no,premium
2540,Mastercard,Debit (Prepaid),yes,1,94,04/2007,2009,no,17,2009,17,no,low
5318,Visa,Debit,yes,1,17583,10/2016,2016,no,10,2023,3,no,premium
2554,Visa,Debit,yes,1,20943,04/2007,2008,no,18,2021,5,no,premium
4653,Visa,Credit,yes,2,15800,09/2007,2013,no,13,2020,6,yes,premium
410,Amex,Credit,yes,1,7300,01/2020,2020,no,6,2021,5,no,high
4420,Amex,Credit,yes,1,10600,08/2014,2014,no,12,2016,10,no,premium
3915,Visa,Debit,yes,1,19113,07/2009,2014,no,12,2020,6,no,premium
5423,Amex,Credit,yes,1,13700,11/2005,2008,no,18,2023,3,no,premium
3938,Mastercard,Debit,yes,2,16317,07/2010,2011,no,15,2020,6,yes,premium
3065,Mastercard,Credit,yes,1,6000,05/2010,2016,no,10,2015,11,no,high
5848,Visa,Debit,yes,2,4909,12/2005,2007,no,19,2020,6,yes,medium
4330,Mastercard,Debit,yes,2,14702,08/2010,2010,no,16,2013,13,yes,premium
652,Mastercard,Debit,yes,1,10896,01/2020,2020,no,6,2020,6,no,premium
653,Mastercard,Debit,yes,1,3526,01/2020,2020,no,6,2023,3,no,medium
5202,Mastercard,Debit,yes,2,10083,10/2010,2010,no,16,2024,2,yes,premium
5432,Mastercard,Credit,yes,2,18300,11/2005,2014,no,12,2024,2,yes,premium
2291,Visa,Credit,yes,2,21400,03/2011,2011,no,15,2021,5,yes,premium
5293,Mastercard,Debit,yes,1,20886,10/2014,2014,no,12,2024,2,no,premium
5676,Mastercard,Debit,yes,1,27701,11/2012,2012,no,14,2024,2,no,premium
233,Mastercard,Credit,yes,2,8800,01/2010,2010,no,16,2023,3,yes,high
2304,Mastercard,Debit,yes,2,20354,03/2012,2012,no,14,2021,5,yes,premium
4014,Visa,Debit,yes,2,14695,07/2013,2013,no,13,2020,6,yes,premium
3480,Mastercard,Debit,yes,2,16783,06/2010,2011,no,15,2024,2,yes,premium
5223,Visa,Debit,yes,1,21087,10/2010,2016,no,10,2024,2,no,premium
4433,Mastercard,Debit,yes,1,10966,08/2014,2014,no,12,2024,2,no,premium
4500,Visa,Debit,yes,2,12184,09/1999,2010,no,16,2024,2,yes,premium
2192,Mastercard,Credit,yes,1,5100,03/2008,2015,no,11,2024,2,no,high
1942,Visa,Debit,yes,2,30404,02/2020,2020,no,6,2020,6,yes,premium
6062,Visa,Debit,yes,2,13193,12/2011,2011,no,15,2022,4,yes,premium
4385,Visa,Credit,yes,1,11400,08/2011,2019,no,7,2023,3,no,premium
5818,Mastercard,Debit,yes,2,16959,12/2004,2014,no,12,2021,5,yes,premium
3195,Mastercard,Debit,yes,1,14927,05/2017,2017,no,9,2024,2,no,premium
2754,Visa,Debit,no,1,13760,04/2015,2015,no,11,2024,2,no,premium
2255,Mastercard,Debit,yes,2,17023,03/2010,2011,no,15,2021,5,yes,premium
1104,Discover,Credit,yes,1,6500,02/2007,2014,no,12,2020,6,no,high
4673,Mastercard,Debit,yes,2,15562,09/2008,2016,no,10,2010,16,yes,premium
1182,Mastercard,Debit,yes,2,17611,02/2009,2011,no,15,2023,3,yes,premium
3502,Visa,Credit,yes,1,11700,06/2010,2014,no,12,2021,5,no,premium
1363,Discover,Credit,yes,1,6600,02/2016,2016,no,10,2020,6,no,high
3353,Mastercard,Debit,yes,2,4230,06/2007,2008,no,18,2020,6,yes,medium
1303,Mastercard,Credit,yes,2,7500,02/2012,2012,no,14,2013,13,yes,high
654,Mastercard,Debit,yes,2,1077,01/2020,2020,no,6,2022,4,yes,medium
655,Mastercard,Debit (Prepaid),yes,1,98,01/2020,2020,no,6,2021,5,no,low
2150,Mastercard,Credit,yes,1,5500,03/2007,2015,no,11,2007,19,no,high
2708,Visa,Credit,yes,2,5500,04/2012,2012,no,14,2015,11,yes,high
5349,Mastercard,Debit,no,2,9898,11/1996,2011,no,15,2022,4,yes,high
255,Visa,Debit (Prepaid),no,1,66,01/2010,2011,no,15,2022,4,no,low
2065,Mastercard,Debit,no,2,13095,03/2004,2018,no,8,2022,4,yes,premium
1073,Visa,Debit,yes,1,30822,02/2005,2015,no,11,2021,5,no,premium
3370,Visa,Debit,yes,2,16764,06/2007,2007,no,19,2023,3,yes,premium
5837,Mastercard,Credit,no,2,5700,12/2005,2010,no,16,2022,4,yes,high
5686,Mastercard,Debit,yes,1,18482,11/2013,2013,no,13,2023,3,no,premium
890,Visa,Debit (Prepaid),yes,2,33,01/2020,2020,no,6,2020,6,yes,low
891,Visa,Debit,yes,2,21692,01/2020,2020,no,6,2020,6,yes,premium
656,Mastercard,Credit,yes,1,11200,01/2020,2020,no,6,2023,3,no,premium
657,Mastercard,Debit,yes,1,24602,01/2020,2020,no,6,2022,4,no,premium
3405,Visa,Debit,yes,2,44390,06/2008,2009,no,17,2016,10,yes,premium
3296,Mastercard,Debit,yes,2,30950,06/2005,2020,no,6,2021,5,yes,premium
4998,Visa,Debit,yes,1,4723,10/2003,2011,no,15,2023,3,no,medium
2238,Visa,Debit,yes,1,12325,03/2009,2009,no,17,2021,5,no,premium
2814,Mastercard,Debit (Prepaid),yes,2,15,05/2001,2009,no,17,2010,16,yes,low
4999,Visa,Debit,yes,2,28166,10/2003,2015,no,11,2022,4,yes,premium
3525,Mastercard,Debit,yes,1,14056,06/2011,2011,no,15,2024,2,no,premium
6011,Mastercard,Debit,yes,1,35169,12/2010,2012,no,14,2024,2,no,premium
4331,Mastercard,Credit,yes,1,17500,08/2010,2011,no,15,2022,4,no,premium
5444,Visa,Debit (Prepaid),yes,2,33,11/2005,2010,no,16,2012,14,yes,low
2844,Mastercard,Credit,no,2,18300,05/2003,2008,no,18,2021,5,yes,premium
3526,Mastercard,Credit,yes,3,5700,06/2011,2011,no,15,2022,4,yes,high
4802,Visa,Credit,yes,1,19100,09/2010,2015,no,11,2024,2,no,premium
3649,Amex,Credit,yes,2,11100,07/1998,2016,no,10,2020,6,yes,premium
5615,Mastercard,Debit,yes,2,2833,11/2010,2013,no,13,2021,5,yes,medium
2990,Visa,Debit,yes,1,12833,05/2008,2010,no,16,2012,14,no,premium
5105,Amex,Credit,yes,2,7500,10/2008,2008,no,18,2024,2,yes,high
65,Amex,Credit,yes,2,14600,01/2005,2014,no,12,2020,6,yes,premium
4611,Mastercard,Debit (Prepaid),yes,1,100,09/2006,2014,no,12,2017,9,no,low
4488,Amex,Credit,yes,1,8000,09/1995,2003,no,23,2022,4,no,high
1044,Visa,Credit,yes,1,5300,02/2004,2007,no,19,2021,5,no,high
1027,Visa,Debit,yes,2,22601,02/2003,2010,no,16,2023,3,yes,premium
1697,Mastercard,Debit,yes,2,27556,02/2020,2020,no,6,2020,6,yes,premium
1943,Visa,Debit (Prepaid),yes,2,29,02/2020,2020,no,6,2020,6,yes,low
1698,Mastercard,Debit,yes,1,19753,02/2020,2020,no,6,2022,4,no,premium
658,Mastercard,Debit,yes,1,15527,01/2020,2020,no,6,2020,6,no,premium
892,Visa,Debit,no,1,16056,01/2020,2020,no,6,2020,6,no,premium
4349,Visa,Debit,yes,1,9272,08/2010,2011,no,15,2020,6,no,high
4971,Mastercard,Credit,yes,1,9000,10/2002,2010,no,16,2020,6,no,high
3010,Mastercard,Debit (Prepaid),yes,2,83,05/2009,2010,no,16,2021,5,yes,low
4350,Visa,Debit,yes,2,1394,08/2010,2015,no,11,2016,10,yes,medium
125,Amex,Credit,yes,1,17900,01/2007,2010,no,16,2020,6,no,premium
4813,Mastercard,Debit,yes,2,2559,09/2011,2011,no,15,2016,10,yes,medium
4495,Mastercard,Debit,yes,2,9285,09/1998,2013,no,13,2023,3,yes,high
3433,Mastercard,Debit (Prepaid),no,2,130,06/2009,2009,no,17,2023,3,yes,low
4351,Visa,Credit,yes,1,13400,08/2010,2010,no,16,2023,3,no,premium
150,Amex,Credit,yes,1,9200,01/2008,2009,no,17,2013,13,no,high
5768,Visa,Credit,yes,1,17700,12/2000,2009,no,17,2022,4,no,premium
2860,Mastercard,Debit,no,2,37634,05/2004,2006,no,20,2024,2,yes,premium
2265,Visa,Credit,yes,1,25200,03/2010,2020,no,6,2024,2,no,premium
2622,Visa,Debit,yes,2,27878,04/2009,2011,no,15,2021,5,yes,premium
3503,Visa,Debit,yes,2,19264,06/2010,2010,no,16,2021,5,yes,premium
5036,Visa,Credit,yes,1,17000,10/2005,2016,no,10,2012,14,no,premium
1053,Mastercard,Debit,no,2,14681,02/2005,2012,no,14,2008,18,yes,premium
2709,Visa,Credit,no,3,25100,04/2012,2012,no,14,2020,6,yes,premium
2316,Mastercard,Debit,yes,2,54842,03/2013,2013,no,13,2023,3,yes,premium
1944,Visa,Credit,yes,2,16900,02/2020,2020,no,6,2020,6,yes,premium
893,Visa,Credit,yes,1,12800,01/2020,2020,no,6,2020,6,no,premium
1699,Mastercard,Debit (Prepaid),yes,1,86,02/2020,2020,no,6,2023,3,no,low
5332,Visa,Debit (Prepaid),yes,1,61,10/2018,2018,no,8,2022,4,no,low
1945,Visa,Debit (Prepaid),yes,1,55,02/2020,2020,no,6,2021,5,no,low
265,Discover,Credit,yes,1,0,01/2011,2011,no,15,2024,2,no,low
1230,Mastercard,Debit,yes,1,10608,02/2010,2010,no,16,2022,4,no,premium
1183,Mastercard,Debit,yes,1,16315,02/2009,2010,no,16,2013,13,no,premium
659,Mastercard,Debit,yes,1,20587,01/2020,2020,no,6,2020,6,no,premium
4044,Amex,Credit,yes,2,7300,07/2016,2016,no,10,2020,6,yes,high
290,Visa,Debit (Prepaid),yes,2,60,01/2011,2011,no,15,2022,4,yes,low
4452,Visa,Debit (Prepaid),no,1,69,08/2015,2015,no,11,2023,3,no,low
1700,Mastercard,Debit (Prepaid),yes,1,90,02/2020,2020,no,6,2023,3,no,low
5181,Visa,Debit,yes,1,11714,10/2009,2014,no,12,2012,14,no,premium
1346,Mastercard,Credit,no,2,6400,02/2014,2014,no,12,2021,5,yes,high
2373,Mastercard,Debit (Prepaid),yes,1,84,03/2018,2018,no,8,2018,8,no,low
3297,Mastercard,Credit,no,1,6900,06/2005,2012,no,14,2022,4,no,high
4899,Mastercard,Debit (Prepaid),yes,1,64,09/2016,2016,no,10,2020,6,no,low
6072,Mastercard,Debit,yes,2,37377,12/2012,2012,no,14,2024,2,yes,premium
5989,Visa,Debit,yes,2,11002,12/2009,2009,no,17,2022,4,yes,premium
4105,Visa,Debit,no,2,19765,08/2001,2009,no,17,2020,6,yes,premium
2465,Mastercard,Credit,no,1,12900,04/2004,2010,no,16,2018,8,no,premium
1701,Mastercard,Debit,yes,1,22353,02/2020,2020,no,6,2021,5,no,premium
5990,Visa,Debit,yes,2,28696,12/2009,2009,no,17,2021,5,yes,premium
4731,Mastercard,Credit,yes,1,20700,09/2009,2010,no,16,2023,3,no,premium
1054,Mastercard,Debit,yes,1,14868,02/2005,2013,no,13,2023,3,no,premium
4279,Visa,Debit (Prepaid),yes,1,78,08/2008,2008,no,18,2012,14,no,low
6012,Mastercard,Debit,yes,2,1633,12/2010,2012,no,14,2020,6,yes,medium
1428,Amex,Credit,yes,1,15700,02/2020,2020,no,6,2024,2,no,premium
1702,Mastercard,Debit (Prepaid),yes,2,60,02/2020,2020,no,6,2023,3,yes,low
1946,Visa,Debit,yes,2,5222,02/2020,2020,no,6,2023,3,yes,high
1947,Visa,Debit,yes,1,14897,02/2020,2020,no,6,2022,4,no,premium
1703,Mastercard,Credit,yes,2,10500,02/2020,2020,no,6,2021,5,yes,premium
5902,Mastercard,Debit,yes,1,17130,12/2007,2011,no,15,2022,4,no,premium
1093,Mastercard,Debit,yes,2,9852,02/2006,2012,no,14,2022,4,yes,high
2193,Mastercard,Debit,yes,1,20479,03/2008,2008,no,18,2020,6,no,premium
2194,Mastercard,Debit (Prepaid),yes,1,100,03/2008,2011,no,15,2011,15,no,low
3099,Mastercard,Credit,yes,2,9200,05/2011,2011,no,15,2021,5,yes,high
2227,Mastercard,Debit,yes,1,17314,03/2009,2011,no,15,2020,6,no,premium
3781,Mastercard,Debit,yes,1,20605,07/2006,2011,no,15,2023,3,no,premium
4113,Discover,Credit,no,2,9500,08/2003,2005,no,21,2024,2,yes,high
1453,Discover,Credit,yes,2,10600,02/2020,2020,no,6,2020,6,yes,premium
4078,Mastercard,Debit,yes,1,34065,07/2019,2019,no,7,2023,3,no,premium
2571,Mastercard,Credit,yes,1,16200,04/2008,2013,no,13,2016,10,no,premium
2208,Visa,Debit (Prepaid),yes,2,2,03/2008,2010,no,16,2024,2,yes,low
1045,Visa,Debit,yes,1,26714,02/2004,2010,no,16,2022,4,no,premium
5000,Visa,Debit,yes,2,41084,10/2003,2012,no,14,2020,6,yes,premium
3782,Mastercard,Debit,yes,2,11392,07/2006,2015,no,11,2008,18,yes,premium
5903,Mastercard,Debit,yes,2,21205,12/2007,2011,no,15,2022,4,yes,premium
3148,Mastercard,Debit,yes,2,22409,05/2014,2014,no,12,2022,4,yes,premium
660,Mastercard,Debit,yes,1,26275,01/2020,2020,no,6,2020,6,no,premium
3873,Visa,Debit (Prepaid),yes,1,74,07/2008,2011,no,15,2020,6,no,low
2845,Mastercard,Debit,no,2,27298,05/2003,2007,no,19,2023,3,yes,premium
2195,Mastercard,Debit (Prepaid),yes,1,61,03/2008,2010,no,16,2024,2,no,low
41,Mastercard,Credit,yes,2,17000,01/2003,2009,no,17,2022,4,yes,premium
411,Amex,Credit,yes,1,6700,01/2020,2020,no,6,2023,3,no,high
1948,Visa,Credit,yes,1,9600,02/2020,2020,no,6,2022,4,no,high
894,Visa,Debit,yes,1,16350,01/2020,2020,no,6,2020,6,no,premium
1704,Mastercard,Credit,no,2,8500,02/2020,2020,no,6,2022,4,yes,high
1949,Visa,Debit,yes,2,29078,02/2020,2020,no,6,2020,6,yes,premium
1129,Visa,Debit,yes,2,11868,02/2007,2015,no,11,2024,2,yes,premium
5474,Visa,Debit,yes,1,9708,11/2006,2013,no,13,2024,2,no,high
3740,Mastercard,Debit,yes,2,16541,07/2005,2011,no,15,2008,18,yes,premium
117,Visa,Debit,yes,1,10982,01/2006,2011,no,15,2021,5,no,premium
5243,Mastercard,Debit,no,2,11094,10/2011,2011,no,15,2020,6,yes,premium
895,Visa,Credit,yes,2,8000,01/2020,2020,no,6,2020,6,yes,high
4814,Mastercard,Debit,yes,1,7535,09/2011,2011,no,15,2020,6,no,high
5741,Visa,Debit,yes,1,24296,11/2018,2018,no,8,2022,4,no,premium
6048,Mastercard,Debit,yes,1,20816,12/2011,2011,no,15,2023,3,no,premium
2169,Discover,Credit,yes,2,14700,03/2008,2019,no,7,2022,4,yes,premium
3455,Visa,Debit,no,2,17145,06/2009,2010,no,16,2020,6,yes,premium
4501,Visa,Debit,yes,1,11391,09/1999,2015,no,11,2022,4,no,premium
5677,Mastercard,Debit (Prepaid),yes,2,69,11/2012,2012,no,14,2022,4,yes,low
3481,Mastercard,Credit,yes,2,9100,06/2010,2016,no,10,2012,14,yes,high
3354,Mastercard,Debit,yes,2,22137,06/2007,2007,no,19,2012,14,yes,premium
5537,Mastercard,Debit,no,1,13698,11/2008,2010,no,16,2010,16,no,premium
2608,Mastercard,Debit,yes,1,17598,04/2009,2009,no,17,2020,6,no,premium
4580,Mastercard,Debit,yes,1,6957,09/2005,2011,no,15,2021,5,no,high
3988,Visa,Debit,yes,1,20839,07/2011,2011,no,15,2021,5,no,premium
5333,Visa,Debit,yes,1,28004,10/2018,2018,no,8,2022,4,no,premium
5573,Mastercard,Debit,yes,1,19114,11/2009,2010,no,16,2009,17,no,premium
6049,Mastercard,Debit,yes,2,13657,12/2011,2011,no,15,2018,8,yes,premium
1023,Mastercard,Debit,yes,1,23404,02/2003,2010,no,16,2022,4,no,premium
2151,Mastercard,Debit,yes,2,4898,03/2007,2015,no,11,2021,5,yes,medium
2609,Mastercard,Debit,no,1,10654,04/2009,2010,no,16,2020,6,no,premium
2572,Mastercard,Credit,yes,2,6600,04/2008,2016,no,10,2023,3,yes,high
4979,Amex,Credit,no,1,8300,10/2003,2011,no,15,2020,6,no,high
4195,Amex,Credit,yes,2,12300,08/2007,2012,no,14,2020,6,yes,premium
2025,Mastercard,Credit,yes,1,5500,03/2001,2010,no,16,2024,2,no,high
4311,Visa,Credit,yes,1,5900,08/2009,2010,no,16,2022,4,no,high
4263,Mastercard,Debit,no,1,26404,08/2008,2011,no,15,2024,2,no,premium
3619,Mastercard,Debit,no,1,18773,06/2017,2017,no,9,2023,3,no,premium
4312,Visa,Debit,no,2,21087,08/2009,2009,no,17,2019,7,yes,premium
1293,Visa,Credit,yes,2,14400,02/2011,2011,no,15,2023,3,yes,premium
5445,Visa,Credit,yes,1,11400,11/2005,2010,no,16,2024,2,no,premium
2799,Mastercard,Debit,yes,1,11159,05/1998,2015,no,11,2020,6,no,premium
4581,Mastercard,Debit,yes,1,10233,09/2005,2017,no,9,2017,9,no,premium
5475,Visa,Debit (Prepaid),yes,3,45,11/2006,2012,no,14,2024,2,yes,low
4544,Visa,Credit,yes,2,6400,09/2003,2010,no,16,2020,6,yes,high
4118,Mastercard,Debit,yes,1,14070,08/2003,2014,no,12,2023,3,no,premium
5783,Mastercard,Debit,no,2,2159,12/2002,2006,no,20,2023,3,yes,medium
3527,Mastercard,Debit,yes,1,26425,06/2011,2011,no,15,2020,6,no,premium
5498,Mastercard,Debit,yes,2,66781,11/2007,2009,no,17,2018,8,yes,premium
4418,Visa,Debit,yes,1,47684,08/2013,2013,no,13,2023,3,no,premium
5089,Mastercard,Credit,yes,1,27700,10/2007,2013,no,13,2024,2,no,premium
4015,Visa,Credit,yes,2,10700,07/2013,2013,no,13,2023,3,yes,premium
896,Visa,Debit,yes,1,49679,01/2020,2020,no,6,2021,5,no,premium
2473,Visa,Credit,yes,2,1900,04/2004,2011,no,15,2023,3,yes,medium
5139,Visa,Debit,yes,1,11885,10/2008,2011,no,15,2021,5,no,premium
4785,Mastercard,Debit,yes,2,785,09/2010,2010,no,16,2015,11,yes,low
4960,Visa,Credit,yes,2,6900,10/2001,2011,no,15,2022,4,yes,high
2515,Visa,Debit,yes,1,22457,04/2006,2010,no,16,2018,8,no,premium
3528,Mastercard,Debit,yes,2,14701,06/2011,2011,no,15,2022,4,yes,premium
3916,Visa,Debit (Prepaid),yes,1,3,07/2009,2020,no,6,2023,3,no,low
981,Mastercard,Debit,yes,2,23502,02/2000,2020,no,6,2002,24,yes,premium
3066,Mastercard,Debit (Prepaid),yes,2,44,05/2010,2010,no,16,2021,5,yes,low
2228,Mastercard,Debit,yes,1,27590,03/2009,2010,no,16,2022,4,no,premium
4826,Visa,Debit,yes,1,37338,09/2011,2011,no,15,2024,2,no,premium
4645,Mastercard,Credit,yes,1,15500,09/2007,2012,no,14,2023,3,no,premium
5849,Visa,Debit,yes,2,33807,12/2005,2008,no,18,2007,19,yes,premium
4978,Visa,Debit,yes,2,24056,10/2002,2009,no,17,2002,24,yes,premium
3207,Visa,Credit,yes,2,11400,06/1998,2007,no,19,2003,23,yes,premium
990,Mastercard,Debit (Prepaid),yes,2,37,02/2001,2004,no,22,2011,15,yes,low
1130,Visa,Credit,yes,1,11000,02/2007,2010,no,16,2014,12,no,premium
5538,Mastercard,Debit,yes,2,2307,11/2008,2010,no,16,2023,3,yes,medium
2623,Visa,Debit,yes,2,10362,04/2009,2015,no,11,2009,17,yes,premium
5265,Visa,Debit,yes,1,37318,10/2012,2012,no,14,2023,3,no,premium
4216,Mastercard,Credit,yes,1,22800,08/2007,2007,no,19,2008,18,no,premium
2161,Visa,Debit,yes,1,57294,03/2007,2010,no,16,2021,5,no,premium
3100,Mastercard,Debit,yes,2,30024,05/2011,2011,no,15,2024,2,yes,premium
6063,Visa,Credit,yes,2,37400,12/2011,2011,no,15,2019,7,yes,premium
1705,Mastercard,Debit,yes,2,21147,02/2020,2020,no,6,2022,4,yes,premium
2610,Mastercard,Debit,yes,1,11857,04/2009,2011,no,15,2024,2,no,premium
5446,Visa,Debit,yes,1,21148,11/2005,2011,no,15,2020,6,no,premium
5419,Visa,Credit,yes,1,7500,11/2004,2016,no,10,2022,4,no,high
4352,Visa,Debit,yes,2,16261,08/2010,2016,no,10,2021,5,yes,premium
2904,Mastercard,Debit,yes,2,14116,05/2006,2015,no,11,2021,5,yes,premium
897,Visa,Debit,yes,1,23677,01/2020,2020,no,6,2024,2,no,premium
898,Visa,Debit (Prepaid),yes,3,69,01/2020,2020,no,6,2020,6,yes,low
201,Mastercard,Debit,no,1,6326,01/2009,2010,no,16,2020,6,no,high
1706,Mastercard,Debit,yes,2,12461,02/2020,2020,no,6,2020,6,yes,premium
1374,Mastercard,Debit,yes,2,17386,02/2017,2017,no,9,2019,7,yes,premium
1950,Visa,Credit,no,2,11300,02/2020,2020,no,6,2024,2,yes,premium
314,Mastercard,Debit,yes,1,1,01/2013,2013,no,13,2014,12,no,low
4438,Visa,Debit,no,2,1,08/2014,2014,no,12,2023,3,yes,low
2885,Mastercard,Credit,yes,2,0,05/2005,2012,no,14,2024,2,yes,low
1951,Visa,Debit,yes,1,23069,02/2020,2020,no,6,2024,2,no,premium
1333,Visa,Debit,yes,1,15578,02/2013,2013,no,13,2024,2,no,premium
5126,Mastercard,Debit,yes,1,29648,10/2008,2011,no,15,2015,11,no,premium
6064,Visa,Credit,yes,1,25300,12/2011,2017,no,9,2018,8,no,premium
4757,Amex,Credit,yes,1,8200,09/2010,2012,no,14,2020,6,no,high
3011,Mastercard,Debit,yes,1,9257,05/2009,2009,no,17,2023,3,no,high
3684,Visa,Debit,yes,1,319,07/2002,2016,no,10,2021,5,no,low
2066,Mastercard,Debit,yes,1,5141,03/2004,2012,no,14,2024,2,no,high
5665,Visa,Debit,yes,2,23343,11/2011,2011,no,15,2022,4,yes,premium
5244,Mastercard,Debit,yes,2,18624,10/2011,2011,no,15,2021,5,yes,premium
2755,Visa,Debit,yes,1,15145,04/2015,2015,no,11,2020,6,no,premium
2701,Mastercard,Debit,yes,2,22787,04/2012,2012,no,14,2020,6,yes,premium
5749,Visa,Debit (Prepaid),yes,1,94,12/1994,2011,no,15,2023,3,no,low
4674,Mastercard,Debit,yes,2,43984,09/2008,2013,no,13,2020,6,yes,premium
4842,Visa,Credit,yes,2,20600,09/2012,2012,no,14,2022,4,yes,premium
4217,Mastercard,Debit,yes,2,29144,08/2007,2010,no,16,2022,4,yes,premium
4368,Mastercard,Debit,yes,2,25613,08/2011,2016,no,10,2024,2,yes,premium
1707,Mastercard,Debit,yes,2,24954,02/2020,2020,no,6,2020,6,yes,premium
3482,Mastercard,Debit,yes,1,24638,06/2010,2010,no,16,2024,2,no,premium
899,Visa,Credit,yes,2,3400,01/2020,2020,no,6,2024,2,yes,medium
5863,Mastercard,Debit (Prepaid),yes,2,79,12/2006,2020,no,6,2021,5,yes,low
3456,Visa,Debit,yes,2,10099,06/2009,2013,no,13,2024,2,yes,premium
1294,Visa,Debit,yes,2,15018,02/2011,2011,no,15,2022,4,yes,premium
6110,Mastercard,Debit,yes,2,31292,12/2015,2015,no,11,2021,5,yes,premium
5637,Visa,Debit,yes,2,25639,11/2010,2010,no,16,2024,2,yes,premium
900,Visa,Debit,yes,1,21955,01/2020,2020,no,6,2024,2,no,premium
901,Visa,Debit,yes,1,16319,01/2020,2020,no,6,2020,6,no,premium
661,Mastercard,Debit,yes,2,14679,01/2020,2020,no,6,2021,5,yes,premium
4049,Visa,Credit,yes,2,10200,07/2016,2016,no,10,2023,3,yes,premium
1708,Mastercard,Debit,yes,2,8653,02/2020,2020,no,6,2022,4,yes,high
4702,Visa,Credit,yes,2,9100,09/2008,2008,no,18,2021,5,yes,high
1952,Visa,Credit,yes,2,4100,02/2020,2020,no,6,2021,5,yes,medium
662,Mastercard,Credit,no,2,10200,01/2020,2020,no,6,2022,4,yes,premium
1184,Mastercard,Debit,yes,2,12736,02/2009,2014,no,12,2022,4,yes,premium
4264,Mastercard,Debit,yes,1,12930,08/2008,2008,no,18,2023,3,no,premium
4038,Mastercard,Debit,yes,1,12457,07/2015,2015,no,11,2024,2,no,premium
2350,Visa,Debit (Prepaid),yes,1,145,03/2015,2015,no,11,2020,6,no,low
5362,Discover,Credit,yes,1,8600,11/2000,2014,no,12,2020,6,no,high
5864,Mastercard,Debit,no,2,14098,12/2006,2009,no,17,2016,10,yes,premium
1953,Visa,Credit,yes,1,8400,02/2020,2020,no,6,2021,5,no,high
3552,Mastercard,Debit,yes,1,16679,06/2012,2012,no,14,2021,5,no,premium
2292,Visa,Debit,yes,1,13030,03/2011,2011,no,15,2018,8,no,premium
3406,Visa,Debit,yes,2,14611,06/2008,2008,no,18,2020,6,yes,premium
1709,Mastercard,Debit,yes,2,11740,02/2020,2020,no,6,2024,2,yes,premium
1710,Mastercard,Debit,yes,2,15927,02/2020,2020,no,6,2021,5,yes,premium
4084,Mastercard,Debit,yes,1,14178,08/1995,2010,no,16,2024,2,no,premium
3223,Discover,Credit,yes,1,5900,06/2001,2016,no,10,2014,12,no,high
3815,Mastercard,Debit,yes,2,13955,07/2007,2008,no,18,2021,5,yes,premium
1099,Visa,Credit,yes,1,15600,02/2006,2011,no,15,2022,4,no,premium
77,Mastercard,Debit (Prepaid),yes,2,10,01/2005,2011,no,15,2023,3,yes,low
135,Mastercard,Debit,no,3,19263,01/2007,2011,no,15,2024,2,yes,premium
5315,Mastercard,Debit,yes,1,38814,10/2016,2016,no,10,2021,5,no,premium
4858,Mastercard,Debit,yes,1,15297,09/2013,2013,no,13,2024,2,no,premium
3678,Mastercard,Debit (Prepaid),yes,2,62,07/2002,2011,no,15,2023,3,yes,low
3323,Mastercard,Debit (Prepaid),yes,2,51,06/2006,2006,no,20,2023,3,yes,low
3584,Mastercard,Debit,yes,1,13201,06/2014,2014,no,12,2024,2,no,premium
3140,Visa,Debit,yes,1,12353,05/2013,2013,no,13,2015,11,no,premium
3560,Visa,Debit,yes,1,18223,06/2012,2012,no,14,2024,2,no,premium
2378,Visa,Debit,yes,1,18757,03/2018,2018,no,8,2020,6,no,premium
15,Mastercard,Debit,yes,1,5966,01/2000,2020,no,6,2024,2,no,high
4332,Mastercard,Credit,yes,1,7600,08/2010,2010,no,16,2024,2,no,high
5273,Mastercard,Debit,yes,1,17832,10/2013,2013,no,13,2022,4,no,premium
3333,Visa,Debit,yes,1,17536,06/2006,2007,no,19,2022,4,no,premium
4419,Visa,Debit,no,1,30393,08/2013,2013,no,13,2021,5,no,premium
2162,Visa,Credit,yes,1,3100,03/2007,2008,no,18,2007,19,no,medium
902,Visa,Credit,yes,2,8700,01/2020,2020,no,6,2020,6,yes,high
4162,Mastercard,Credit,yes,1,6200,08/2005,2010,no,16,2020,6,no,high
5102,Visa,Credit,yes,1,7400,10/2007,2019,no,7,2024,2,no,high
4472,Mastercard,Debit,yes,2,14801,08/2018,2018,no,8,2024,2,yes,premium
2893,Visa,Credit,yes,2,11000,05/2005,2020,no,6,2024,2,yes,premium
4478,Amex,Credit,yes,2,9900,08/2019,2019,no,7,2020,6,yes,high
377,Visa,Debit,yes,2,15773,01/2018,2018,no,8,2023,3,yes,premium
4232,Visa,Debit,yes,1,18365,08/2007,2010,no,16,2024,2,no,premium
266,Discover,Credit,yes,1,12300,01/2011,2011,no,15,2023,3,no,premium
4502,Visa,Debit,yes,1,15721,09/1999,2011,no,15,2020,6,no,premium
1102,Amex,Credit,yes,1,7100,02/2007,2009,no,17,2023,3,no,high
3588,Visa,Credit,yes,2,8000,06/2014,2014,no,12,2014,12,yes,high
4102,Mastercard,Credit,yes,1,7800,08/2001,2013,no,13,2020,6,no,high
277,Mastercard,Debit,yes,1,25429,01/2011,2011,no,15,2020,6,no,premium
357,Mastercard,Debit,yes,1,16925,01/2016,2016,no,10,2021,5,no,premium
5281,Visa,Debit,yes,1,19450,10/2013,2013,no,13,2023,3,no,premium
1711,Mastercard,Debit,yes,2,2264,02/2020,2020,no,6,2021,5,yes,medium
903,Visa,Debit,yes,1,15914,01/2020,2020,no,6,2020,6,no,premium
1954,Visa,Debit (Prepaid),yes,1,58,02/2020,2020,no,6,2022,4,no,low
904,Visa,Debit,no,1,22944,01/2020,2020,no,6,2024,2,no,premium
5971,Mastercard,Debit,no,1,21908,12/2009,2009,no,17,2023,3,no,premium
3874,Visa,Credit,yes,2,15700,07/2008,2011,no,15,2022,4,yes,premium
905,Visa,Credit,yes,1,0,01/2020,2020,no,6,2024,2,no,low
2412,Visa,Credit,yes,1,14800,04/2000,2007,no,19,2024,2,no,premium
2163,Visa,Credit,yes,2,5700,03/2007,2010,no,16,2020,6,yes,high
3859,Mastercard,Credit,yes,2,9100,07/2008,2008,no,18,2020,6,yes,high
4218,Mastercard,Debit,yes,2,8993,08/2007,2010,no,16,2024,2,yes,high
5451,Discover,Credit,yes,1,8000,11/2006,2009,no,17,2023,3,no,high
3230,Visa,Debit,no,2,311,06/2001,2011,no,15,2021,5,yes,low
663,Mastercard,Credit,yes,2,9700,01/2020,2020,no,6,2020,6,yes,high
1712,Mastercard,Debit,yes,1,23399,02/2020,2020,no,6,2021,5,no,premium
217,Visa,Credit,yes,1,10300,01/2009,2013,no,13,2023,3,no,premium
3483,Mastercard,Debit,no,2,12100,06/2010,2015,no,11,2024,2,yes,premium
1116,Mastercard,Debit (Prepaid),yes,2,49,02/2007,2017,no,9,2018,8,yes,low
4333,Mastercard,Debit,yes,2,24772,08/2010,2010,no,16,2023,3,yes,premium
1955,Visa,Credit,yes,2,15300,02/2020,2020,no,6,2021,5,yes,premium
2972,Mastercard,Debit (Prepaid),yes,2,55,05/2008,2008,no,18,2022,4,yes,low
412,Amex,Credit,yes,2,11200,01/2020,2020,no,6,2020,6,yes,premium
664,Mastercard,Credit,yes,2,7800,01/2020,2020,no,6,2020,6,yes,high
1713,Mastercard,Debit,yes,1,13558,02/2020,2020,no,6,2020,6,no,premium
906,Visa,Credit,yes,1,8500,01/2020,2020,no,6,2021,5,no,high
1956,Visa,Debit,yes,2,11237,02/2020,2020,no,6,2022,4,yes,premium
2075,Amex,Credit,no,2,6000,03/2005,2013,no,13,2012,14,yes,high
5539,Mastercard,Debit,yes,1,957,11/2008,2012,no,14,2022,4,no,low
5321,Amex,Credit,yes,2,4000,10/2017,2017,no,9,2020,6,yes,medium
2466,Mastercard,Credit,yes,1,4900,04/2004,2004,no,22,2024,2,no,medium
4041,Visa,Debit,yes,1,7967,07/2015,2015,no,11,2022,4,no,high
3178,Mastercard,Debit,yes,2,12490,05/2016,2016,no,10,2019,7,yes,premium
907,Visa,Debit,yes,2,9043,01/2020,2020,no,6,2020,6,yes,high
1957,Visa,Debit,yes,2,1663,02/2020,2020,no,6,2022,4,yes,medium
665,Mastercard,Debit,yes,2,7283,01/2020,2020,no,6,2022,4,yes,high
666,Mastercard,Debit,yes,1,23750,01/2020,2020,no,6,2021,5,no,premium
164,Mastercard,Credit,no,1,8100,01/2008,2015,no,11,2020,6,no,high
1958,Visa,Credit,yes,2,11800,02/2020,2020,no,6,2023,3,yes,premium
4556,Mastercard,Credit,yes,1,15200,09/2004,2014,no,12,2006,20,no,premium
2067,Mastercard,Debit,yes,2,1633,03/2004,2011,no,15,2024,2,yes,medium
6115,Visa,Debit,yes,1,22704,12/2015,2015,no,11,2023,3,no,premium
3537,Visa,Debit,yes,1,24069,06/2011,2011,no,15,2024,2,no,premium
3457,Visa,Debit,yes,1,35073,06/2009,2009,no,17,2020,6,no,premium
4646,Mastercard,Debit,yes,2,17731,09/2007,2011,no,15,2023,3,yes,premium
2541,Mastercard,Debit,yes,1,33980,04/2007,2010,no,16,2021,5,no,premium
3135,Mastercard,Debit,yes,1,41714,05/2013,2013,no,13,2024,2,no,premium
2718,Mastercard,Debit,no,1,21466,04/2013,2013,no,13,2024,2,no,premium
4675,Mastercard,Debit,yes,1,30547,09/2008,2008,no,18,2024,2,no,premium
5873,Visa,Debit,yes,2,9752,12/2006,2008,no,18,2024,2,yes,high
1055,Mastercard,Debit (Prepaid),yes,1,114,02/2005,2009,no,17,2022,4,no,low
6013,Mastercard,Debit,yes,2,14934,12/2010,2010,no,16,2014,12,yes,premium
5616,Mastercard,Debit,yes,1,20294,11/2010,2010,no,16,2024,2,no,premium
1959,Visa,Debit,no,2,20674,02/2020,2020,no,6,2022,4,yes,premium
2510,Mastercard,Credit,yes,2,14000,04/2006,2007,no,19,2021,5,yes,premium
4145,Visa,Debit,yes,2,9310,08/2004,2009,no,17,2023,3,yes,high
908,Visa,Debit (Prepaid),yes,1,60,01/2020,2020,no,6,2022,4,no,low
1074,Visa,Credit,yes,1,10200,02/2005,2008,no,18,2009,17,no,premium
2209,Visa,Debit,yes,2,9477,03/2008,2014,no,12,2010,16,yes,high
2418,Mastercard,Debit,yes,2,6795,04/2001,2009,no,17,2024,2,yes,high
4052,Amex,Credit,yes,2,900,07/2017,2017,no,9,2023,3,yes,low
991,Mastercard,Debit,yes,2,4747,02/2001,2012,no,14,2020,6,yes,medium
3324,Mastercard,Debit,yes,1,15702,06/2006,2007,no,19,2022,4,no,premium
2432,Mastercard,Debit,yes,1,3955,04/2002,2013,no,13,2017,9,no,medium
3794,Visa,Credit,yes,2,8200,07/2006,2013,no,13,2020,6,yes,high
2447,Mastercard,Credit,yes,1,5500,04/2003,2010,no,16,2020,6,no,high
2034,Mastercard,Debit,yes,3,15774,03/2002,2007,no,19,2021,5,yes,premium
2134,Visa,Credit,yes,2,8800,03/2006,2015,no,11,2023,3,yes,high
1382,Visa,Debit,no,1,26206,02/2018,2018,no,8,2024,2,no,premium
5274,Mastercard,Debit,yes,1,31113,10/2013,2013,no,13,2021,5,no,premium
667,Mastercard,Credit,yes,1,21100,01/2020,2020,no,6,2020,6,no,premium
362,Visa,Credit,yes,1,17100,01/2017,2017,no,9,2023,3,no,premium
1960,Visa,Debit,yes,1,66287,02/2020,2020,no,6,2020,6,no,premium
329,Mastercard,Credit,yes,2,10900,01/2014,2014,no,12,2020,6,yes,premium
1131,Visa,Debit,yes,1,36271,02/2007,2010,no,16,2007,19,no,premium
2905,Mastercard,Debit,yes,2,5391,05/2006,2013,no,13,2017,9,yes,high
1075,Visa,Debit,yes,2,17537,02/2005,2010,no,16,2020,6,yes,premium
3200,Amex,Credit,yes,2,10700,05/2018,2018,no,8,2024,2,yes,premium
3149,Mastercard,Debit,yes,1,18573,05/2014,2014,no,12,2023,3,no,premium
1714,Mastercard,Debit,yes,1,18019,02/2020,2020,no,6,2024,2,no,premium
24,Visa,Debit,no,2,15160,01/2001,2007,no,19,2021,5,yes,premium
234,Mastercard,Debit,yes,2,4136,01/2010,2010,no,16,2011,15,yes,medium
1117,Mastercard,Debit,yes,1,14561,02/2007,2015,no,11,2024,2,no,premium
668,Mastercard,Debit (Prepaid),yes,2,86,01/2020,2020,no,6,2024,2,yes,low
3227,Mastercard,Credit,yes,2,17100,06/2001,2011,no,15,2023,3,yes,premium
3603,Visa,Credit,yes,2,12700,06/2015,2015,no,11,2015,11,yes,premium
3568,Mastercard,Debit,yes,1,54517,06/2013,2013,no,13,2020,6,no,premium
2973,Mastercard,Credit,yes,2,14900,05/2008,2008,no,18,2021,5,yes,premium
3085,Amex,Credit,yes,1,16000,05/2011,2011,no,15,2024,2,no,premium
4369,Mastercard,Debit,no,2,30713,08/2011,2016,no,10,2020,6,yes,premium
3434,Mastercard,Debit,yes,2,33158,06/2009,2013,no,13,2024,2,yes,premium
4280,Visa,Debit (Prepaid),yes,2,29,08/2008,2014,no,12,2022,4,yes,low
2503,Amex,Credit,yes,1,21700,04/2006,2014,no,12,2022,4,no,premium
5319,Visa,Credit,yes,2,12500,10/2016,2016,no,10,2022,4,yes,premium
256,Visa,Debit,no,2,3365,01/2010,2010,no,16,2020,6,yes,medium
2280,Mastercard,Debit,yes,1,14856,03/2011,2011,no,15,2020,6,no,premium
3392,Mastercard,Debit,yes,1,5989,06/2008,2014,no,12,2023,3,no,high
3896,Mastercard,Debit,yes,3,4394,07/2009,2009,no,17,2024,2,yes,medium
4050,Visa,Debit (Prepaid),yes,1,85,07/2016,2016,no,10,2023,3,no,low
3939,Mastercard,Credit,yes,1,10600,07/2010,2013,no,13,2018,8,no,premium
257,Visa,Debit,yes,2,3909,01/2010,2010,no,16,2016,10,yes,medium
5949,Visa,Debit,yes,1,1873,12/2008,2010,no,16,2020,6,no,medium
909,Visa,Debit,yes,1,19643,01/2020,2020,no,6,2022,4,no,premium
3783,Mastercard,Credit,yes,2,14700,07/2006,2008,no,18,2022,4,yes,premium
5203,Mastercard,Credit,no,1,8800,10/2010,2010,no,16,2019,7,no,high
669,Mastercard,Credit,no,1,7900,01/2020,2020,no,6,2022,4,no,high
2152,Mastercard,Debit,yes,2,12653,03/2007,2012,no,14,2014,12,yes,premium
2041,Discover,Credit,no,1,11400,03/2003,2014,no,12,2022,4,no,premium
3255,Mastercard,Credit,no,1,6500,06/2003,2012,no,14,2021,5,no,high
4786,Mastercard,Debit,yes,1,1407,09/2010,2018,no,8,2021,5,no,medium
2680,Mastercard,Debit,yes,2,11402,04/2011,2011,no,15,2013,13,yes,premium
2405,Mastercard,Debit,yes,2,4501,04/1999,2015,no,11,2021,5,yes,medium
5574,Mastercard,Debit,yes,1,1399,11/2009,2009,no,17,2022,4,no,medium
5348,Mastercard,Debit,yes,2,14466,11/1995,2007,no,19,2020,6,yes,premium
47,Visa,Credit,yes,1,8000,01/2003,2008,no,18,2003,23,no,high
910,Visa,Debit,yes,1,31916,01/2020,2020,no,6,2020,6,no,premium
1961,Visa,Credit,yes,3,7800,02/2020,2020,no,6,2021,5,yes,high
1185,Mastercard,Debit,no,1,570,02/2009,2010,no,16,2013,13,no,low
6014,Mastercard,Debit,yes,2,13187,12/2010,2010,no,16,2023,3,yes,premium
1715,Mastercard,Debit (Prepaid),yes,1,50,02/2020,2020,no,6,2020,6,no,low
2651,Mastercard,Credit,yes,1,8900,04/2010,2010,no,16,2020,6,no,high
3795,Visa,Debit,yes,2,10681,07/2006,2013,no,13,2021,5,yes,premium
3218,Mastercard,Credit,no,2,2500,06/2000,2011,no,15,2023,3,yes,medium
258,Visa,Credit,yes,2,8700,01/2010,2010,no,16,2020,6,yes,high
5575,Mastercard,Debit,yes,2,10227,11/2009,2012,no,14,2024,2,yes,premium
4676,Mastercard,Debit,yes,2,2507,09/2008,2010,no,16,2021,5,yes,medium
2806,Visa,Credit,yes,2,19400,05/1999,2011,no,15,2021,5,yes,premium
1118,Mastercard,Debit,no,1,29268,02/2007,2010,no,16,2023,3,no,premium
4827,Visa,Debit,yes,2,10756,09/2011,2011,no,15,2024,2,yes,premium
1716,Mastercard,Debit (Prepaid),yes,2,57,02/2020,2020,no,6,2021,5,yes,low
911,Visa,Debit,yes,2,10705,01/2020,2020,no,6,2020,6,yes,premium
5334,Visa,Credit,yes,2,4200,10/2018,2018,no,8,2021,5,yes,medium
2210,Visa,Credit,yes,2,5800,03/2008,2011,no,15,2017,9,yes,high
2739,Visa,Credit,yes,3,9300,04/2014,2014,no,12,2020,6,yes,high
4612,Mastercard,Debit (Prepaid),yes,1,56,09/2006,2009,no,17,2009,17,no,low
2123,Mastercard,Credit,yes,1,8200,03/2006,2014,no,12,2020,6,no,high
1717,Mastercard,Debit (Prepaid),no,2,78,02/2020,2020,no,6,2022,4,yes,low
3038,Amex,Credit,no,1,15000,05/2010,2015,no,11,2020,6,no,premium
5012,Mastercard,Debit,yes,1,11495,10/2004,2014,no,12,2022,4,no,premium
670,Mastercard,Debit,yes,2,21982,01/2020,2020,no,6,2024,2,yes,premium
671,Mastercard,Debit,yes,1,20278,01/2020,2020,no,6,2021,5,no,premium
1718,Mastercard,Debit,no,2,13139,02/2020,2020,no,6,2020,6,yes,premium
912,Visa,Credit,yes,1,9900,01/2020,2020,no,6,2022,4,no,high
1962,Visa,Credit,yes,1,8900,02/2020,2020,no,6,2023,3,no,high
2516,Visa,Debit,no,1,4976,04/2006,2014,no,12,2013,13,no,medium
4136,Mastercard,Debit,yes,1,974,08/2004,2008,no,18,2021,5,no,low
1963,Visa,Credit,yes,2,2000,02/2020,2020,no,6,2024,2,yes,medium
2239,Visa,Credit,yes,2,10600,03/2009,2011,no,15,2022,4,yes,premium
2729,Mastercard,Credit,yes,2,7100,04/2014,2014,no,12,2024,2,yes,high
2836,Visa,Credit,yes,1,6800,05/2002,2012,no,14,2024,2,no,high
3897,Mastercard,Debit,yes,2,4887,07/2009,2015,no,11,2024,2,yes,medium
4514,Mastercard,Debit,yes,2,8133,09/2001,2012,no,14,2012,14,yes,high
2815,Mastercard,Debit,yes,1,62703,05/2001,2007,no,19,2022,4,no,premium
3958,Visa,Credit,yes,1,23500,07/2010,2010,no,16,2018,8,no,premium
235,Mastercard,Debit,yes,2,10707,01/2010,2010,no,16,2017,9,yes,premium
6094,Visa,Debit,yes,1,18945,12/2013,2013,no,13,2022,4,no,premium
2246,Discover,Credit,yes,2,6600,03/2010,2011,no,15,2023,3,yes,high
913,Visa,Debit (Prepaid),no,1,57,01/2020,2020,no,6,2022,4,no,low
4828,Visa,Debit,yes,1,11996,09/2011,2011,no,15,2022,4,no,premium
4370,Mastercard,Debit,yes,1,18026,08/2011,2011,no,15,2021,5,no,premium
184,Visa,Debit,yes,2,10495,01/2008,2011,no,15,2017,9,yes,premium
4081,Visa,Debit,no,2,9946,07/2019,2019,no,7,2021,5,yes,high
2592,Visa,Debit,yes,2,20245,04/2008,2008,no,18,2023,3,yes,premium
5850,Visa,Credit,no,1,5100,12/2005,2010,no,16,2020,6,no,high
2325,Visa,Debit,yes,1,36515,03/2013,2013,no,13,2022,4,no,premium
382,Mastercard,Debit,yes,2,15306,01/2019,2019,no,7,2024,2,yes,premium
4593,Amex,Credit,yes,1,20600,09/2006,2008,no,18,2009,17,no,premium
6036,Amex,Credit,yes,1,7300,12/2011,2011,no,15,2022,4,no,high
1119,Mastercard,Debit,yes,2,10348,02/2007,2014,no,12,2023,3,yes,premium
5617,Mastercard,Credit,yes,1,3300,11/2010,2010,no,16,2016,10,no,medium
1964,Visa,Debit,yes,1,20318,02/2020,2020,no,6,2022,4,no,premium
672,Mastercard,Debit,yes,1,28163,01/2020,2020,no,6,2020,6,no,premium
4732,Mastercard,Debit (Prepaid),yes,2,63,09/2009,2011,no,15,2024,2,yes,low
4439,Visa,Debit,yes,1,31491,08/2014,2014,no,12,2018,8,no,premium
4287,Amex,Credit,yes,1,22700,08/2009,2009,no,17,2021,5,no,premium
5714,Visa,Debit (Prepaid),yes,2,73,11/2015,2015,no,11,2016,10,yes,low
2894,Amex,Credit,yes,1,9900,05/2006,2007,no,19,2017,9,no,high
5972,Mastercard,Debit,yes,2,14713,12/2009,2011,no,15,2021,5,yes,premium
3741,Mastercard,Debit,yes,2,2290,07/2005,2011,no,15,2023,3,yes,medium
673,Mastercard,Debit,no,1,28203,01/2020,2020,no,6,2020,6,no,premium
674,Mastercard,Credit,yes,1,30200,01/2020,2020,no,6,2020,6,no,premium
1719,Mastercard,Debit,yes,2,3565,02/2020,2020,no,6,2021,5,yes,medium
675,Mastercard,Debit,yes,1,3565,01/2020,2020,no,6,2020,6,no,medium
1199,Visa,Debit,yes,1,17111,02/2009,2010,no,16,2021,5,no,premium
2012,Visa,Debit,yes,2,21264,03/1999,2009,no,17,2021,5,yes,premium
5323,Mastercard,Debit,yes,1,15125,10/2017,2017,no,9,2020,6,no,premium
2337,Visa,Debit,yes,2,16472,03/2014,2014,no,12,2020,6,yes,premium
676,Mastercard,Credit,no,2,12800,01/2020,2020,no,6,2021,5,yes,premium
1037,Mastercard,Debit,yes,2,11154,02/2004,2007,no,19,2020,6,yes,premium
4654,Visa,Debit,yes,1,19419,09/2007,2010,no,16,2007,19,no,premium
2124,Mastercard,Credit,yes,2,9100,03/2006,2011,no,15,2022,4,yes,high
3484,Mastercard,Debit,yes,1,9471,06/2010,2011,no,15,2022,4,no,high
5310,Visa,Debit,yes,2,10331,10/2015,2015,no,11,2024,2,yes,premium
2794,Mastercard,Credit,yes,1,15900,05/1997,2009,no,17,2004,22,no,premium
5330,Mastercard,Credit,yes,1,5200,10/2018,2018,no,8,2020,6,no,high
5739,Mastercard,Credit,yes,1,8600,11/2018,2018,no,8,2020,6,no,high
5592,Visa,Credit,yes,1,8700,11/2009,2009,no,17,2024,2,no,high
3485,Mastercard,Debit,yes,1,25236,06/2010,2011,no,15,2018,8,no,premium
2196,Mastercard,Credit,yes,2,10400,03/2008,2008,no,18,2011,15,yes,premium
3393,Mastercard,Debit (Prepaid),yes,2,38,06/2008,2013,no,13,2024,2,yes,low
4647,Mastercard,Debit (Prepaid),yes,1,106,09/2007,2010,no,16,2020,6,no,low
3670,Visa,Debit,yes,1,15975,07/2001,2011,no,15,2021,5,no,premium
5916,Visa,Debit,yes,2,12188,12/2007,2011,no,15,2023,3,yes,premium
5715,Visa,Debit,yes,2,11928,11/2015,2015,no,11,2022,4,yes,premium
2702,Mastercard,Debit,yes,2,13841,04/2012,2012,no,14,2021,5,yes,premium
4317,Amex,Credit,yes,1,7500,08/2010,2011,no,15,2024,2,no,high
3828,Visa,Debit,yes,2,4269,07/2007,2009,no,17,2013,13,yes,medium
2936,Mastercard,Credit,yes,2,12600,05/2007,2011,no,15,2024,2,yes,premium
2415,Amex,Credit,yes,1,16500,04/2001,2016,no,10,2003,23,no,premium
4677,Mastercard,Debit,yes,1,19152,09/2008,2009,no,17,2008,18,no,premium
4072,Visa,Debit,yes,2,19349,07/2018,2018,no,8,2024,2,yes,premium
4492,Visa,Debit,yes,2,1703,09/1997,2009,no,17,2022,4,yes,medium
307,Visa,Credit,yes,2,2800,01/2012,2012,no,14,2017,9,yes,medium
2689,Visa,Debit,yes,1,13569,04/2011,2011,no,15,2024,2,no,premium
3829,Visa,Credit,yes,1,10700,07/2007,2008,no,18,2024,2,no,premium
3917,Visa,Credit,yes,2,14500,07/2009,2009,no,17,2022,4,yes,premium
5027,Mastercard,Debit (Prepaid),yes,1,26,10/2005,2010,no,16,2021,5,no,low
6130,Visa,Debit,yes,2,25621,12/2016,2016,no,10,2021,5,yes,premium
3620,Mastercard,Debit,yes,1,12193,06/2017,2017,no,9,2024,2,no,premium
3639,Visa,Debit,yes,1,14247,06/2018,2018,no,8,2018,8,no,premium
2861,Mastercard,Debit,yes,2,14859,05/2004,2009,no,17,2020,6,yes,premium
5037,Visa,Credit,no,2,13400,10/2005,2011,no,15,2014,12,yes,premium
2048,Mastercard,Credit,yes,2,12500,03/2003,2003,no,23,2020,6,yes,premium
4509,Amex,Credit,yes,2,3800,09/2001,2009,no,17,2009,17,yes,medium
2542,Mastercard,Debit,yes,2,22527,04/2007,2011,no,15,2014,12,yes,premium
677,Mastercard,Debit,yes,1,7284,01/2020,2020,no,6,2020,6,no,high
5266,Visa,Debit,yes,1,22856,10/2012,2012,no,14,2022,4,no,premium
1369,Visa,Debit,yes,1,20225,02/2016,2016,no,10,2021,5,no,premium
1965,Visa,Debit,no,1,15742,02/2020,2020,no,6,2020,6,no,premium
5950,Visa,Credit,no,1,11400,12/2008,2008,no,18,2021,5,no,premium
2524,Amex,Credit,yes,1,6200,04/2007,2014,no,12,2008,18,no,high
3728,Amex,Credit,yes,2,500,07/2005,2009,no,17,2005,21,yes,low
5540,Mastercard,Credit,yes,1,7100,11/2008,2017,no,9,2021,5,no,high
5874,Visa,Debit,yes,1,15522,12/2006,2015,no,11,2022,4,no,premium
992,Mastercard,Debit,yes,2,19640,02/2001,2010,no,16,2023,3,yes,premium
5499,Mastercard,Debit,yes,1,13930,11/2007,2010,no,16,2020,6,no,premium
3591,Mastercard,Debit,yes,2,22357,06/2015,2015,no,11,2021,5,yes,premium
5245,Mastercard,Credit,yes,1,7700,10/2011,2011,no,15,2022,4,no,high
3542,Amex,Credit,no,1,5100,06/2012,2012,no,14,2023,3,no,high
678,Mastercard,Debit,yes,2,12191,01/2020,2020,no,6,2020,6,yes,premium
2351,Visa,Debit,yes,1,58234,03/2015,2015,no,11,2024,2,no,premium
1275,Mastercard,Debit,yes,2,76966,02/2011,2011,no,15,2021,5,yes,premium
3611,Mastercard,Credit,yes,2,4500,06/2016,2016,no,10,2023,3,yes,medium
6050,Mastercard,Debit,yes,1,25551,12/2011,2011,no,15,2024,2,no,premium
2068,Mastercard,Debit,yes,2,21253,03/2004,2011,no,15,2021,5,yes,premium
3394,Mastercard,Debit,yes,2,10274,06/2008,2008,no,18,2023,3,yes,premium
4445,Amex,Credit,yes,2,4800,08/2015,2015,no,11,2015,11,yes,medium
914,Visa,Debit,yes,2,19934,01/2020,2020,no,6,2023,3,yes,premium
1966,Visa,Debit,yes,2,8829,02/2020,2020,no,6,2022,4,yes,high
315,Mastercard,Credit,yes,2,12400,01/2013,2013,no,13,2024,2,yes,premium
2374,Mastercard,Debit,yes,1,17691,03/2018,2018,no,8,2020,6,no,premium
2974,Mastercard,Debit,yes,2,15317,05/2008,2013,no,13,2013,13,yes,premium
6111,Mastercard,Debit,yes,1,19612,12/2015,2015,no,11,2020,6,no,premium
679,Mastercard,Debit,yes,2,10304,01/2020,2020,no,6,2020,6,yes,premium
2364,Mastercard,Debit,yes,1,16229,03/2017,2017,no,9,2021,5,no,premium
5716,Visa,Debit,yes,1,8366,11/2015,2015,no,11,2024,2,no,high
5706,Visa,Debit,yes,2,7688,11/2014,2014,no,12,2023,3,yes,high
3833,Amex,Credit,yes,1,8300,07/2008,2015,no,11,2024,2,no,high
680,Mastercard,Debit,yes,1,16557,01/2020,2020,no,6,2022,4,no,premium
3898,Mastercard,Debit,yes,2,18627,07/2009,2015,no,11,2024,2,yes,premium
1967,Visa,Debit,yes,1,23156,02/2020,2020,no,6,2022,4,no,premium
3959,Visa,Debit,yes,1,30041,07/2010,2011,no,15,2024,2,no,premium
5246,Mastercard,Debit,yes,1,29137,10/2011,2011,no,15,2024,2,no,premium
4546,Amex,Credit,yes,1,10400,09/2004,2017,no,9,2021,5,no,premium
3395,Mastercard,Credit,yes,2,13500,06/2008,2008,no,18,2022,4,yes,premium
5727,Mastercard,Debit,yes,1,17663,11/2016,2016,no,10,2023,3,no,premium
681,Mastercard,Debit,no,2,30637,01/2020,2020,no,6,2021,5,yes,premium
4464,Mastercard,Debit,no,1,8540,08/2017,2017,no,9,2021,5,no,high
3396,Mastercard,Debit,yes,1,9397,06/2008,2010,no,16,2012,14,no,high
915,Visa,Debit,yes,1,12329,01/2020,2020,no,6,2020,6,no,premium
5001,Visa,Debit,yes,1,8333,10/2003,2007,no,19,2020,6,no,high
5345,Visa,Credit,yes,2,5200,10/2019,2019,no,7,2020,6,yes,high
2668,Visa,Debit,yes,2,35757,04/2010,2011,no,15,2010,16,yes,premium
2886,Mastercard,Credit,no,1,16600,05/2005,2015,no,11,2015,11,no,premium
4535,Mastercard,Debit,yes,2,23754,09/2003,2018,no,8,2020,6,yes,premium
2090,Mastercard,Debit,yes,2,14480,03/2005,2009,no,17,2024,2,yes,premium
103,Mastercard,Debit,yes,2,6237,01/2006,2007,no,19,2023,3,yes,high
916,Visa,Credit,no,1,9200,01/2020,2020,no,6,2023,3,no,high
917,Visa,Debit,yes,2,14797,01/2020,2020,no,6,2020,6,yes,premium
5638,Visa,Credit,yes,1,9400,11/2010,2013,no,13,2023,3,no,high
3989,Visa,Debit (Prepaid),yes,2,50,07/2011,2011,no,15,2024,2,yes,low
6089,Mastercard,Credit,yes,2,1800,12/2013,2013,no,13,2020,6,yes,medium
2850,Amex,Credit,yes,1,12400,05/2004,2014,no,12,2024,2,no,premium
147,Visa,Credit,yes,2,14300,01/2007,2007,no,19,2010,16,yes,premium
1276,Mastercard,Debit,yes,1,27489,02/2011,2011,no,15,2024,2,no,premium
1968,Visa,Debit,yes,2,7846,02/2020,2020,no,6,2022,4,yes,high
1720,Mastercard,Credit,yes,2,12500,02/2020,2020,no,6,2021,5,yes,premium
435,Discover,Credit,no,2,10500,01/2020,2020,no,6,2020,6,yes,premium
1721,Mastercard,Debit (Prepaid),yes,1,72,02/2020,2020,no,6,2020,6,no,low
1722,Mastercard,Credit,yes,1,8800,02/2020,2020,no,6,2020,6,no,high
6015,Mastercard,Debit,yes,1,11199,12/2010,2010,no,16,2011,15,no,premium
259,Visa,Debit,yes,1,8800,01/2010,2010,no,16,2020,6,no,high
5275,Mastercard,Debit (Prepaid),yes,1,83,10/2013,2013,no,13,2021,5,no,low
2256,Mastercard,Debit,no,1,7217,03/2010,2010,no,16,2024,2,no,high
5307,Mastercard,Credit,yes,2,9000,10/2015,2015,no,11,2022,4,yes,high
278,Mastercard,Debit,yes,1,15195,01/2011,2011,no,15,2020,6,no,premium
2257,Mastercard,Debit,yes,1,14747,03/2010,2010,no,16,2024,2,no,premium
1723,Mastercard,Debit,yes,2,8998,02/2020,2020,no,6,2020,6,yes,high
1429,Amex,Credit,yes,2,20400,02/2020,2020,no,6,2023,3,yes,premium
4313,Visa,Debit,yes,2,13653,08/2009,2016,no,10,2022,4,yes,premium
222,Amex,Credit,yes,2,17800,01/2010,2011,no,15,2020,6,yes,premium
4582,Mastercard,Debit (Prepaid),yes,2,52,09/2005,2015,no,11,2024,2,yes,low
4371,Mastercard,Debit (Prepaid),yes,2,56,08/2011,2011,no,15,2023,3,yes,low
2035,Mastercard,Debit,yes,2,3099,03/2002,2012,no,14,2024,2,yes,medium
682,Mastercard,Debit,yes,1,11805,01/2020,2020,no,6,2020,6,no,premium
918,Visa,Debit,yes,1,17535,01/2020,2020,no,6,2020,6,no,premium
3233,Amex,Credit,yes,2,18000,06/2002,2011,no,15,2022,4,yes,premium
1724,Mastercard,Debit (Prepaid),yes,2,95,02/2020,2020,no,6,2024,2,yes,low
2170,Discover,Credit,yes,1,8200,03/2008,2014,no,12,2020,6,no,high
11,Mastercard,Debit,yes,2,2143,01/1999,2013,no,13,2023,3,yes,medium
4163,Mastercard,Debit,yes,2,6550,08/2005,2016,no,10,2021,5,yes,high
3976,Mastercard,Credit,yes,2,12800,07/2011,2011,no,15,2024,2,yes,premium
3830,Visa,Debit,yes,1,15960,07/2007,2010,no,16,2020,6,no,premium
683,Mastercard,Credit,yes,2,19000,01/2020,2020,no,6,2020,6,yes,premium
3899,Mastercard,Debit,yes,1,26575,07/2009,2011,no,15,2016,10,no,premium
4678,Mastercard,Credit,yes,2,5800,09/2008,2008,no,18,2021,5,yes,high
2433,Mastercard,Debit,yes,2,16047,04/2002,2011,no,15,2021,5,yes,premium
4879,Visa,Credit,yes,2,5900,09/2014,2014,no,12,2024,2,yes,high
2387,Mastercard,Debit,yes,2,22722,03/2019,2019,no,7,2024,2,yes,premium
316,Mastercard,Debit,yes,2,21258,01/2013,2013,no,13,2013,13,yes,premium
4749,Visa,Debit (Prepaid),yes,2,18,09/2009,2009,no,17,2020,6,yes,low
1231,Mastercard,Debit (Prepaid),yes,2,8,02/2010,2017,no,9,2023,3,yes,low
5693,Visa,Debit,yes,2,14446,11/2013,2013,no,13,2023,3,yes,premium
2816,Mastercard,Credit,yes,1,10500,05/2001,2009,no,17,2016,10,no,premium
5823,Visa,Debit,yes,2,13122,12/2004,2009,no,17,2023,3,yes,premium
5553,Visa,Debit,yes,1,24519,11/2008,2014,no,12,2012,14,no,premium
1310,Visa,Credit,yes,1,9400,02/2012,2012,no,14,2015,11,no,high
4265,Mastercard,Debit,yes,2,12121,08/2008,2010,no,16,2022,4,yes,premium
684,Mastercard,Credit,no,2,1300,01/2020,2020,no,6,2021,5,yes,medium
685,Mastercard,Credit,yes,1,17500,01/2020,2020,no,6,2020,6,no,premium
3940,Mastercard,Credit,yes,1,10700,07/2010,2011,no,15,2023,3,no,premium
4574,Amex,Credit,yes,2,7300,09/2005,2010,no,16,2023,3,yes,high
6095,Visa,Debit,yes,1,15194,12/2013,2013,no,13,2016,10,no,premium
4106,Visa,Credit,yes,1,5400,08/2001,2008,no,18,2024,2,no,high
2076,Amex,Credit,yes,2,14100,03/2005,2008,no,18,2022,4,yes,premium
2164,Visa,Debit,yes,2,3899,03/2007,2008,no,18,2018,8,yes,medium
5159,Mastercard,Debit (Prepaid),yes,1,22,10/2009,2010,no,16,2020,6,no,low
3082,Visa,Debit,no,1,16464,05/2010,2012,no,14,2022,4,no,premium
4266,Mastercard,Debit,yes,1,39591,08/2008,2011,no,15,2022,4,no,premium
5938,Mastercard,Debit,yes,1,39452,12/2008,2010,no,16,2022,4,no,premium
5694,Visa,Debit,yes,2,27266,11/2013,2013,no,13,2014,12,yes,premium
2240,Visa,Credit,yes,2,15400,03/2009,2012,no,14,2020,6,yes,premium
3569,Mastercard,Credit,yes,1,16700,06/2013,2013,no,13,2014,12,no,premium
5371,Mastercard,Debit,yes,1,38048,11/2001,2007,no,19,2020,6,no,premium
5618,Mastercard,Debit,yes,2,7564,11/2010,2013,no,13,2022,4,yes,high
3646,Mastercard,Debit,yes,2,35203,07/1991,2010,no,16,2023,3,yes,premium
5838,Mastercard,Credit,yes,2,10800,12/2005,2010,no,16,2023,3,yes,premium
3538,Visa,Credit,no,2,8000,06/2011,2011,no,15,2023,3,yes,high
4219,Mastercard,Debit,yes,1,4729,08/2007,2014,no,12,2024,2,no,medium
3028,Visa,Credit,yes,2,6400,05/2009,2009,no,17,2021,5,yes,high
5514,Visa,Credit,yes,1,9200,11/2007,2014,no,12,2022,4,no,high
4073,Visa,Credit,no,1,8000,07/2018,2018,no,8,2018,8,no,high
2952,Visa,Debit,yes,2,17235,05/2007,2007,no,19,2022,4,yes,premium
3941,Mastercard,Debit,yes,2,1,07/2010,2010,no,16,2020,6,yes,low
3086,Amex,Credit,yes,2,0,05/2011,2011,no,15,2021,5,yes,low
2669,Visa,Debit,yes,1,1,04/2010,2010,no,16,2010,16,no,low
4042,Visa,Debit,yes,1,1,07/2015,2015,no,11,2018,8,no,low
4137,Mastercard,Debit,yes,1,0,08/2004,2009,no,17,2024,2,no,low
4982,Discover,Credit,yes,1,0,10/2003,2007,no,19,2023,3,no,low
6137,Mastercard,Debit,yes,2,28850,12/2018,2018,no,8,2021,5,yes,premium
5160,Mastercard,Credit,yes,1,15700,10/2009,2010,no,16,2015,11,no,premium
236,Mastercard,Debit (Prepaid),yes,2,79,01/2010,2011,no,15,2021,5,yes,low
6116,Visa,Credit,yes,2,18500,12/2015,2015,no,11,2020,6,yes,premium
1969,Visa,Debit,yes,2,14495,02/2020,2020,no,6,2022,4,yes,premium
686,Mastercard,Debit,yes,2,15906,01/2020,2020,no,6,2023,3,yes,premium
5717,Visa,Debit,yes,1,10194,11/2015,2015,no,11,2022,4,no,premium
5655,Mastercard,Debit (Prepaid),yes,2,91,11/2011,2011,no,15,2021,5,yes,low
3256,Mastercard,Debit,yes,1,12591,06/2003,2010,no,16,2024,2,no,premium
2317,Mastercard,Debit,no,1,10574,03/2013,2013,no,13,2022,4,no,premium
4220,Mastercard,Debit (Prepaid),yes,2,92,08/2007,2009,no,17,2020,6,yes,low
4184,Mastercard,Debit,yes,1,7338,08/2006,2016,no,10,2021,5,no,high
5712,Mastercard,Debit,yes,2,26838,11/2015,2015,no,11,2022,4,yes,premium
4123,Visa,Debit,yes,1,38154,08/2003,2011,no,15,2009,17,no,premium
2823,Amex,Credit,yes,2,13200,05/2002,2014,no,12,2020,6,yes,premium
165,Mastercard,Debit (Prepaid),yes,1,89,01/2008,2015,no,11,2014,12,no,low
2837,Amex,Credit,yes,2,3900,05/2003,2008,no,18,2007,19,yes,medium
5875,Visa,Debit,yes,1,7676,12/2006,2010,no,16,2024,2,no,high
3816,Mastercard,Debit,yes,2,13345,07/2007,2010,no,16,2022,4,yes,premium
4386,Visa,Credit,yes,1,8000,08/2011,2011,no,15,2024,2,no,high
5127,Mastercard,Debit (Prepaid),yes,2,87,10/2008,2012,no,14,2022,4,yes,low
104,Mastercard,Debit,yes,2,6395,01/2006,2014,no,12,2024,2,yes,high
687,Mastercard,Credit,yes,1,8900,01/2020,2020,no,6,2023,3,no,high
2748,Mastercard,Debit (Prepaid),yes,1,69,04/2015,2015,no,11,2024,2,no,low
4146,Visa,Debit,yes,1,18912,08/2004,2008,no,18,2021,5,no,premium
5090,Mastercard,Debit,yes,1,23021,10/2007,2011,no,15,2021,5,no,premium
373,Mastercard,Debit,yes,1,21985,01/2018,2018,no,8,2021,5,no,premium
919,Visa,Credit,yes,2,5300,01/2020,2020,no,6,2023,3,yes,high
237,Mastercard,Debit,yes,2,2397,01/2010,2013,no,13,2020,6,yes,medium
3817,Mastercard,Credit,yes,2,2800,07/2007,2010,no,16,2012,14,yes,medium
3624,Visa,Debit,yes,1,10466,06/2017,2017,no,9,2020,6,no,premium
3269,Amex,Credit,no,1,9400,06/2004,2011,no,15,2012,14,no,high
5224,Visa,Debit,yes,2,20161,10/2010,2010,no,16,2023,3,yes,premium
1277,Mastercard,Credit,yes,1,12600,02/2011,2015,no,11,2024,2,no,premium
2517,Visa,Credit,no,1,14300,04/2006,2007,no,19,2024,2,no,premium
3407,Visa,Debit,yes,1,23452,06/2008,2011,no,15,2022,4,no,premium
238,Mastercard,Credit,yes,2,13200,01/2010,2014,no,12,2021,5,yes,premium
3408,Visa,Credit,yes,1,13500,06/2008,2008,no,18,2013,13,no,premium
920,Visa,Credit,yes,1,17600,01/2020,2020,no,6,2024,2,no,premium
688,Mastercard,Debit,yes,2,16558,01/2020,2020,no,6,2020,6,yes,premium
689,Mastercard,Debit,yes,1,44717,01/2020,2020,no,6,2024,2,no,premium
1725,Mastercard,Credit,no,1,13700,02/2020,2020,no,6,2021,5,no,premium
690,Mastercard,Debit,yes,2,14332,01/2020,2020,no,6,2020,6,yes,premium
1970,Visa,Debit,yes,1,15695,02/2020,2020,no,6,2022,4,no,premium
1454,Discover,Credit,yes,1,13700,02/2020,2020,no,6,2020,6,no,premium
2365,Mastercard,Debit,yes,1,19600,03/2017,2017,no,9,2020,6,no,premium
3458,Visa,Debit,yes,1,17815,06/2009,2010,no,16,2021,5,no,premium
1232,Mastercard,Debit,yes,1,16373,02/2010,2010,no,16,2015,11,no,premium
31,Visa,Debit,yes,2,14340,01/2002,2009,no,17,2021,5,yes,premium
5656,Mastercard,Debit (Prepaid),yes,1,109,11/2011,2011,no,15,2024,2,no,low
1726,Mastercard,Debit,yes,1,16218,02/2020,2020,no,6,2023,3,no,premium
3121,Mastercard,Debit,yes,1,22115,05/2012,2012,no,14,2024,2,no,premium
3246,Visa,Debit (Prepaid),yes,1,80,06/2002,2011,no,15,2024,2,no,low
1727,Mastercard,Debit,no,2,18261,02/2020,2020,no,6,2020,6,yes,premium
2413,Visa,Debit,yes,1,1325,04/2000,2011,no,15,2012,14,no,medium
2039,Visa,Credit,yes,2,16900,03/2002,2007,no,19,2023,3,yes,premium
413,Amex,Credit,yes,2,6500,01/2020,2020,no,6,2023,3,yes,high
279,Mastercard,Credit,no,1,7800,01/2011,2011,no,15,2021,5,no,high
239,Mastercard,Debit,no,1,9294,01/2010,2011,no,15,2022,4,no,high
2281,Mastercard,Debit,yes,2,12163,03/2011,2011,no,15,2011,15,yes,premium
3111,Visa,Debit,yes,2,14959,05/2011,2011,no,15,2020,6,yes,premium
5793,Mastercard,Debit (Prepaid),yes,2,15,12/2003,2010,no,16,2023,3,yes,low
2026,Mastercard,Debit,yes,1,18118,03/2001,2007,no,19,2022,4,no,premium
1260,Visa,Debit,yes,2,22025,02/2010,2010,no,16,2023,3,yes,premium
2229,Mastercard,Credit,yes,1,9100,03/2009,2015,no,11,2011,15,no,high
3409,Visa,Debit,yes,2,16064,06/2008,2011,no,15,2013,13,yes,premium
3486,Mastercard,Credit,yes,1,6000,06/2010,2011,no,15,2024,2,no,high
5373,Visa,Debit,yes,2,7136,11/2001,2014,no,12,2023,3,yes,high
4963,Discover,Credit,yes,1,3900,10/2002,2010,no,16,2021,5,no,medium
3977,Mastercard,Debit,yes,1,8444,07/2011,2011,no,15,2020,6,no,high
4119,Mastercard,Debit,yes,2,12692,08/2003,2012,no,14,2020,6,yes,premium
2036,Mastercard,Debit,yes,2,9027,03/2002,2015,no,11,2020,6,yes,high
218,Visa,Debit,yes,1,4507,01/2009,2019,no,7,2020,6,no,medium
691,Mastercard,Debit,yes,1,17963,01/2020,2020,no,6,2024,2,no,premium
1971,Visa,Credit,yes,1,12200,02/2020,2020,no,6,2020,6,no,premium
1728,Mastercard,Debit,yes,2,1996,02/2020,2020,no,6,2020,6,yes,medium
1729,Mastercard,Debit,yes,2,19998,02/2020,2020,no,6,2021,5,yes,premium
1430,Amex,Credit,yes,2,15600,02/2020,2020,no,6,2020,6,yes,premium
1325,Mastercard,Debit,yes,1,13035,02/2013,2013,no,13,2023,3,no,premium
3083,Visa,Credit,yes,2,8300,05/2010,2010,no,16,2023,3,yes,high
1265,Amex,Credit,yes,2,6200,02/2011,2011,no,15,2024,2,yes,high
5695,Visa,Debit,yes,2,11795,11/2013,2013,no,13,2024,2,yes,premium
3376,Discover,Credit,yes,1,7900,06/2008,2013,no,13,2011,15,no,high
1455,Discover,Credit,yes,1,12900,02/2020,2020,no,6,2020,6,no,premium
921,Visa,Debit,yes,2,6556,01/2020,2020,no,6,2020,6,yes,high
3167,Mastercard,Credit,no,1,3800,05/2015,2015,no,11,2022,4,no,medium
5103,Visa,Credit,yes,2,7800,10/2007,2008,no,18,2021,5,yes,high
3325,Mastercard,Credit,yes,2,10900,06/2006,2012,no,14,2016,10,yes,premium
78,Mastercard,Debit,yes,1,1846,01/2005,2005,no,21,2024,2,no,medium
4679,Mastercard,Debit (Prepaid),yes,1,76,09/2008,2015,no,11,2016,10,no,low
4334,Mastercard,Credit,no,1,0,08/2010,2010,no,16,2020,6,no,low
2390,Visa,Credit,no,1,13400,03/2019,2019,no,7,2022,4,no,premium
922,Visa,Credit,yes,1,15800,01/2020,2020,no,6,2020,6,no,premium
5639,Visa,Debit,yes,1,14744,11/2010,2010,no,16,2011,15,no,premium
436,Discover,Credit,yes,1,8700,01/2020,2020,no,6,2020,6,no,high
692,Mastercard,Debit,yes,1,12088,01/2020,2020,no,6,2022,4,no,premium
330,Mastercard,Credit,yes,2,4700,01/2014,2014,no,12,2024,2,yes,medium
1972,Visa,Debit,yes,2,11983,02/2020,2020,no,6,2024,2,yes,premium
1730,Mastercard,Debit,yes,1,11557,02/2020,2020,no,6,2020,6,no,premium
693,Mastercard,Debit,yes,1,12152,01/2020,2020,no,6,2020,6,no,premium
437,Discover,Credit,yes,2,11100,01/2020,2020,no,6,2023,3,yes,premium
2293,Visa,Credit,yes,1,14700,03/2011,2011,no,15,2022,4,no,premium
4522,Mastercard,Debit (Prepaid),no,1,52,09/2002,2013,no,13,2021,5,no,low
5204,Mastercard,Debit,yes,1,3224,10/2010,2013,no,13,2016,10,no,medium
5917,Visa,Debit,yes,2,23001,12/2007,2013,no,13,2020,6,yes,premium
2091,Mastercard,Debit,yes,1,23652,03/2005,2014,no,12,2022,4,no,premium
5500,Mastercard,Debit (Prepaid),yes,1,86,11/2007,2013,no,13,2020,6,no,low
5091,Mastercard,Debit (Prepaid),yes,2,80,10/2007,2011,no,15,2021,5,yes,low
4221,Mastercard,Debit,yes,1,26097,08/2007,2011,no,15,2022,4,no,premium
5718,Visa,Debit,yes,1,11032,11/2015,2015,no,11,2023,3,no,premium
2474,Visa,Credit,yes,1,8900,04/2004,2011,no,15,2020,6,no,high
414,Amex,Credit,yes,2,4700,01/2020,2020,no,6,2020,6,yes,medium
5255,Visa,Debit,yes,1,10523,10/2011,2011,no,15,2022,4,no,premium
1431,Amex,Credit,yes,1,8900,02/2020,2020,no,6,2020,6,no,high
3918,Visa,Debit,yes,1,6489,07/2009,2013,no,13,2021,5,no,high
5773,Mastercard,Debit,no,2,9146,12/2001,2012,no,14,2020,6,yes,high
5342,Mastercard,Debit (Prepaid),yes,1,66,10/2019,2019,no,7,2024,2,no,low
2352,Visa,Debit,no,1,18138,03/2015,2015,no,11,2023,3,no,premium
1347,Mastercard,Debit,yes,1,23238,02/2014,2014,no,12,2021,5,no,premium
5276,Mastercard,Debit,yes,1,20706,10/2013,2013,no,13,2022,4,no,premium
3685,Visa,Credit,yes,2,12100,07/2002,2010,no,16,2022,4,yes,premium
5696,Visa,Debit,yes,2,19781,11/2013,2013,no,13,2020,6,yes,premium
4983,Discover,Credit,yes,2,9300,10/2003,2012,no,14,2023,3,yes,high
3212,Mastercard,Debit,no,2,5451,06/1999,2012,no,14,2022,4,yes,high
5515,Visa,Debit,yes,2,6491,11/2007,2013,no,13,2016,10,yes,high
923,Visa,Credit,yes,1,6900,01/2020,2020,no,6,2023,3,no,high
415,Amex,Credit,no,2,6100,01/2020,2020,no,6,2024,2,yes,high
3796,Visa,Debit,yes,1,16905,07/2006,2008,no,18,2022,4,no,premium
1002,Mastercard,Debit,yes,1,47153,02/2002,2006,no,20,2020,6,no,premium
3960,Visa,Debit,yes,2,25010,07/2010,2010,no,16,2022,4,yes,premium
5973,Mastercard,Debit,yes,1,232,12/2009,2010,no,16,2022,4,no,low
4410,Mastercard,Credit,yes,2,100,08/2013,2013,no,13,2016,10,yes,low
3697,Mastercard,Debit (Prepaid),yes,1,80,07/2003,2011,no,15,2017,9,no,low
1432,Amex,Credit,yes,2,3300,02/2020,2020,no,6,2022,4,yes,medium
3326,Mastercard,Debit,yes,1,3483,06/2006,2013,no,13,2021,5,no,medium
343,Amex,Credit,yes,2,13900,01/2015,2015,no,11,2024,2,yes,premium
3238,Mastercard,Debit,yes,1,70187,06/2002,2011,no,15,2024,2,no,premium
291,Visa,Debit,no,2,7821,01/2011,2014,no,12,2021,5,yes,high
3355,Mastercard,Debit,yes,2,96637,06/2007,2007,no,19,2024,2,yes,premium
4894,Discover,Credit,yes,2,44200,09/2016,2016,no,10,2022,4,yes,premium
2165,Visa,Debit (Prepaid),no,1,68,03/2007,2007,no,19,2023,3,no,low
331,Mastercard,Debit (Prepaid),yes,1,54,01/2014,2014,no,12,2021,5,no,low
3978,Mastercard,Debit,yes,1,62519,07/2011,2011,no,15,2022,4,no,premium
3141,Visa,Debit,yes,1,87408,05/2013,2013,no,13,2022,4,no,premium
202,Mastercard,Debit,yes,2,15100,01/2009,2009,no,17,2024,2,yes,premium
3860,Mastercard,Debit,yes,1,2303,07/2008,2011,no,15,2024,2,no,medium
924,Visa,Credit,yes,2,9000,01/2020,2020,no,6,2023,3,yes,high
5921,Amex,Credit,yes,1,12600,12/2008,2008,no,18,2021,5,no,premium
3435,Mastercard,Debit,yes,1,25027,06/2009,2009,no,17,2021,5,no,premium
4680,Mastercard,Debit,yes,1,30424,09/2008,2011,no,15,2023,3,no,premium
1731,Mastercard,Debit,yes,2,14304,02/2020,2020,no,6,2022,4,yes,premium
5311,Visa,Debit,yes,2,19081,10/2015,2015,no,11,2016,10,yes,premium
5687,Mastercard,Debit,yes,2,17401,11/2013,2013,no,13,2020,6,yes,premium
3067,Mastercard,Credit,yes,1,12800,05/2010,2016,no,10,2021,5,no,premium
3942,Mastercard,Debit (Prepaid),yes,1,42,07/2010,2011,no,15,2015,11,no,low
3436,Mastercard,Debit,no,2,10404,06/2009,2010,no,16,2014,12,yes,premium
3715,Mastercard,Debit,yes,1,39422,07/2004,2009,no,17,2013,13,no,premium
2681,Mastercard,Credit,yes,1,11900,04/2011,2011,no,15,2023,3,no,premium
1152,Mastercard,Debit,yes,2,4880,02/2008,2010,no,16,2022,4,yes,medium
3653,Mastercard,Debit,yes,2,25392,07/1998,2014,no,12,2020,6,yes,premium
694,Mastercard,Credit,yes,1,18500,01/2020,2020,no,6,2020,6,no,premium
695,Mastercard,Debit (Prepaid),yes,1,57,01/2020,2020,no,6,2022,4,no,low
3539,Visa,Credit,yes,1,10100,06/2011,2014,no,12,2022,4,no,premium
3437,Mastercard,Debit,yes,1,2037,06/2009,2013,no,13,2024,2,no,medium
3504,Visa,Debit,yes,2,21999,06/2010,2015,no,11,2021,5,yes,premium
2394,Mastercard,Debit,yes,2,15793,04/1994,2012,no,14,2021,5,yes,premium
4090,Mastercard,Debit,no,1,28844,08/1998,2011,no,15,2021,5,no,premium
4681,Mastercard,Debit,yes,1,34023,09/2008,2008,no,18,2023,3,no,premium
5992,Amex,Credit,yes,1,19400,12/2010,2013,no,13,2022,4,no,premium
3510,Amex,Credit,yes,1,16100,06/2011,2011,no,15,2023,3,no,premium
2353,Visa,Credit,yes,2,18400,03/2015,2015,no,11,2022,4,yes,premium
3410,Visa,Debit,yes,2,17314,06/2008,2014,no,12,2018,8,yes,premium
2887,Mastercard,Debit,yes,1,20999,05/2005,2007,no,19,2020,6,no,premium
5068,Visa,Debit,yes,2,7199,10/2006,2013,no,13,2006,20,yes,high
2652,Mastercard,Debit,yes,1,23956,04/2010,2010,no,16,2020,6,no,premium
6122,Mastercard,Debit,yes,2,17695,12/2016,2016,no,10,2019,7,yes,premium
1383,Visa,Debit,yes,2,22765,02/2018,2018,no,8,2022,4,yes,premium
363,Visa,Debit,yes,1,15934,01/2017,2017,no,9,2020,6,no,premium
3029,Visa,Debit,yes,1,9295,05/2009,2009,no,17,2017,9,no,high
3068,Mastercard,Debit,yes,2,7112,05/2010,2014,no,12,2023,3,yes,high
166,Mastercard,Debit,yes,2,23712,01/2008,2009,no,17,2024,2,yes,premium
4185,Mastercard,Debit,yes,1,33471,08/2006,2011,no,15,2021,5,no,premium
4893,Visa,Debit,yes,1,23240,09/2015,2015,no,11,2020,6,no,premium
4440,Visa,Debit,yes,1,18828,08/2014,2014,no,12,2022,4,no,premium
4803,Visa,Credit,yes,1,14000,09/2010,2016,no,10,2010,16,no,premium
1153,Mastercard,Debit (Prepaid),yes,2,20,02/2008,2017,no,9,2022,4,yes,low
5260,Mastercard,Debit,yes,1,16339,10/2012,2012,no,14,2021,5,no,premium
696,Mastercard,Debit,yes,2,23902,01/2020,2020,no,6,2021,5,yes,premium
925,Visa,Debit,yes,2,38025,01/2020,2020,no,6,2024,2,yes,premium
926,Visa,Credit,yes,2,22900,01/2020,2020,no,6,2020,6,yes,premium
697,Mastercard,Debit,yes,1,24682,01/2020,2020,no,6,2024,2,no,premium
927,Visa,Credit,yes,2,6200,01/2020,2020,no,6,2024,2,yes,high
1973,Visa,Debit,yes,2,9241,02/2020,2020,no,6,2024,2,yes,high
1261,Visa,Credit,no,2,11500,02/2010,2010,no,16,2022,4,yes,premium
5839,Mastercard,Debit,no,1,14958,12/2005,2009,no,17,2021,5,no,premium
4703,Visa,Debit (Prepaid),yes,2,20,09/2008,2008,no,18,2021,5,yes,low
5055,Mastercard,Debit,no,1,4581,10/2006,2009,no,17,2008,18,no,medium
260,Visa,Debit,yes,1,18116,01/2010,2010,no,16,2023,3,no,premium
3438,Mastercard,Debit,yes,1,23082,06/2009,2009,no,17,2020,6,no,premium
185,Visa,Credit,yes,2,19100,01/2008,2008,no,18,2015,11,yes,premium
5056,Mastercard,Debit,yes,2,23740,10/2006,2014,no,12,2023,3,yes,premium
959,Mastercard,Debit,yes,1,22242,02/1996,2012,no,14,2021,5,no,premium
3540,Visa,Credit,yes,2,12700,06/2011,2011,no,15,2020,6,yes,premium
1974,Visa,Credit,yes,2,5000,02/2020,2020,no,6,2024,2,yes,medium
698,Mastercard,Debit,yes,1,7640,01/2020,2020,no,6,2020,6,no,high
148,Visa,Debit,no,1,6789,01/2007,2009,no,17,2020,6,no,high
6144,Mastercard,Credit,yes,1,6600,12/2019,2019,no,7,2024,2,no,high
5013,Mastercard,Debit,yes,2,898,10/2004,2007,no,19,2023,3,yes,low
6016,Mastercard,Debit,no,1,137669,12/2010,2010,no,16,2023,3,no,premium
2518,Visa,Credit,yes,1,58100,04/2006,2011,no,15,2023,3,no,premium
3919,Visa,Credit,yes,2,49300,07/2009,2010,no,16,2020,6,yes,premium
6123,Mastercard,Debit,yes,1,92828,12/2016,2016,no,10,2023,3,no,premium
5619,Mastercard,Credit,yes,2,55300,11/2010,2010,no,16,2022,4,yes,premium
699,Mastercard,Debit (Prepaid),no,2,71,01/2020,2020,no,6,2024,2,yes,low
2282,Mastercard,Debit,yes,1,11591,03/2011,2011,no,15,2022,4,no,premium
4372,Mastercard,Debit,yes,1,8633,08/2011,2011,no,15,2019,7,no,high
3411,Visa,Debit,yes,1,12496,06/2008,2010,no,16,2024,2,no,premium
2937,Mastercard,Debit (Prepaid),yes,2,4,05/2007,2009,no,17,2009,17,yes,low
1311,Visa,Credit,yes,2,8000,02/2012,2012,no,14,2023,3,yes,high
5644,Discover,Credit,yes,1,8600,11/2011,2011,no,15,2022,4,no,high
5697,Visa,Debit (Prepaid),yes,1,71,11/2013,2013,no,13,2020,6,no,low
5069,Visa,Debit,yes,2,11347,10/2006,2009,no,17,2023,3,yes,premium
4233,Visa,Credit,yes,1,8800,08/2007,2012,no,14,2024,2,no,high
4051,Visa,Credit,yes,1,14700,07/2016,2016,no,10,2023,3,no,premium
2991,Visa,Debit,yes,2,9661,05/2008,2015,no,11,2010,16,yes,high
1100,Visa,Debit,yes,2,26872,02/2006,2015,no,11,2015,11,yes,premium
1233,Mastercard,Debit (Prepaid),yes,1,102,02/2010,2010,no,16,2020,6,no,low
4682,Mastercard,Debit,no,1,10767,09/2008,2008,no,18,2023,3,no,premium
1732,Mastercard,Debit,yes,1,14393,02/2020,2020,no,6,2024,2,no,premium
1975,Visa,Debit (Prepaid),yes,2,62,02/2020,2020,no,6,2024,2,yes,low
118,Visa,Credit,yes,2,25300,01/2006,2009,no,17,2020,6,yes,premium
1262,Visa,Debit,no,1,28884,02/2010,2015,no,11,2021,5,no,premium
4704,Visa,Debit,yes,1,2696,09/2008,2013,no,13,2024,2,no,medium
325,Visa,Credit,yes,1,9200,01/2013,2013,no,13,2013,13,no,high
5576,Mastercard,Debit,no,2,21005,11/2009,2010,no,16,2019,7,yes,premium
2197,Mastercard,Debit,no,1,18689,03/2008,2009,no,17,2023,3,no,premium
167,Mastercard,Credit,yes,1,9300,01/2008,2008,no,18,2020,6,no,high
2846,Mastercard,Debit,yes,2,9789,05/2003,2013,no,13,2022,4,yes,high
240,Mastercard,Debit,yes,2,11694,01/2010,2012,no,14,2024,2,yes,premium
4091,Visa,Debit,yes,1,11592,08/1998,2015,no,11,2023,3,no,premium
6017,Mastercard,Credit,yes,1,8100,12/2010,2010,no,16,2014,12,no,high
4465,Mastercard,Debit,yes,1,11647,08/2017,2017,no,9,2021,5,no,premium
1976,Visa,Debit,no,1,10693,02/2020,2020,no,6,2022,4,no,premium
4859,Mastercard,Debit,yes,1,10776,09/2013,2013,no,13,2020,6,no,premium
2824,Discover,Credit,yes,1,6300,05/2002,2011,no,15,2021,5,no,high
2742,Discover,Credit,yes,2,5600,04/2015,2015,no,11,2019,7,yes,high
4592,Visa,Credit,yes,1,7900,09/2005,2009,no,17,2021,5,no,high
4353,Visa,Debit,yes,2,19442,08/2010,2010,no,16,2021,5,yes,premium
2573,Mastercard,Credit,yes,2,7500,04/2008,2008,no,18,2024,2,yes,high
928,Visa,Credit,yes,2,2000,01/2020,2020,no,6,2021,5,yes,medium
1977,Visa,Debit,yes,1,10800,02/2020,2020,no,6,2024,2,no,premium
4092,Amex,Credit,no,2,3900,08/1999,2010,no,16,2017,9,yes,medium
4868,Visa,Credit,yes,2,5500,09/2013,2013,no,13,2024,2,yes,high
3,Visa,Credit,yes,2,16400,01/1995,2015,no,11,2020,6,yes,premium
4193,Visa,Debit (Prepaid),yes,2,53,08/2006,2012,no,14,2021,5,yes,low
1186,Mastercard,Debit,no,1,17883,02/2009,2017,no,9,2013,13,no,premium
3327,Mastercard,Debit,yes,2,12212,06/2006,2006,no,20,2024,2,yes,premium
3030,Visa,Credit,yes,1,15800,05/2009,2015,no,11,2023,3,no,premium
4164,Mastercard,Credit,yes,1,26400,08/2005,2008,no,18,2024,2,no,premium
4860,Mastercard,Debit,yes,2,25993,09/2013,2013,no,13,2021,5,yes,premium
4016,Visa,Debit (Prepaid),yes,2,59,07/2013,2013,no,13,2022,4,yes,low
3529,Mastercard,Debit (Prepaid),yes,2,8,06/2011,2011,no,15,2023,3,yes,low
1056,Mastercard,Debit,no,2,1955,02/2005,2013,no,13,2020,6,yes,medium
3961,Visa,Debit,yes,1,7159,07/2010,2011,no,15,2022,4,no,high
3179,Mastercard,Debit,yes,1,12172,05/2016,2016,no,10,2021,5,no,premium
2574,Mastercard,Debit,yes,2,10889,04/2008,2010,no,16,2021,5,yes,premium
2543,Mastercard,Credit,yes,2,10800,04/2007,2010,no,16,2020,6,yes,premium
3122,Mastercard,Debit (Prepaid),yes,1,58,05/2012,2012,no,14,2013,13,no,low
3439,Mastercard,Credit,yes,1,11000,06/2009,2009,no,17,2023,3,no,premium
4547,Amex,Credit,yes,2,12700,09/2004,2008,no,18,2024,2,yes,premium
5577,Mastercard,Credit,yes,1,10100,11/2009,2009,no,17,2012,14,no,premium
3247,Amex,Credit,no,1,11300,06/2003,2007,no,19,2022,4,no,premium
2519,Visa,Debit,yes,1,26596,04/2006,2015,no,11,2020,6,no,premium
5541,Mastercard,Debit,yes,2,1807,11/2008,2013,no,13,2023,3,yes,medium
5374,Discover,Credit,yes,1,9700,11/2002,2005,no,21,2024,2,no,high
5840,Mastercard,Credit,yes,1,12300,12/2005,2010,no,16,2020,6,no,premium
5666,Visa,Debit,yes,1,40914,11/2011,2011,no,15,2024,2,no,premium
2406,Visa,Debit,yes,1,21749,04/1999,2008,no,18,2021,5,no,premium
4880,Visa,Debit,yes,1,39491,09/2014,2014,no,12,2024,2,no,premium
2166,Visa,Debit,yes,2,97352,03/2007,2019,no,7,2021,5,yes,premium
2624,Visa,Debit,no,2,5921,04/2009,2010,no,16,2021,5,yes,high
5388,Mastercard,Debit,yes,2,54057,11/2003,2012,no,14,2023,3,yes,premium
1187,Mastercard,Debit,no,2,64565,02/2009,2019,no,7,2021,5,yes,premium
5282,Visa,Credit,yes,1,36700,10/2013,2013,no,13,2022,4,no,premium
4787,Mastercard,Debit,yes,1,7175,09/2010,2017,no,9,2022,4,no,high
4962,Amex,Credit,yes,1,2800,10/2002,2011,no,15,2024,2,no,medium
2520,Visa,Credit,yes,2,3600,04/2006,2006,no,20,2023,3,yes,medium
4314,Visa,Debit,yes,1,30348,08/2009,2010,no,16,2020,6,no,premium
4843,Visa,Credit,yes,2,6000,09/2012,2012,no,14,2022,4,yes,high
3505,Visa,Credit,yes,1,1700,06/2010,2010,no,16,2023,3,no,medium
4545,Visa,Debit,yes,2,10755,09/2003,2020,no,6,2006,20,yes,premium
5794,Mastercard,Debit,yes,2,61262,12/2003,2016,no,10,2023,3,yes,premium
3662,Amex,Credit,yes,1,0,07/2001,2009,no,17,2013,13,no,low
1733,Mastercard,Credit,yes,2,3500,02/2020,2020,no,6,2023,3,yes,medium
3196,Mastercard,Credit,yes,2,7100,05/2017,2017,no,9,2018,8,yes,high
1188,Mastercard,Debit (Prepaid),yes,2,51,02/2009,2013,no,13,2022,4,yes,low
241,Mastercard,Debit,yes,2,11457,01/2010,2016,no,10,2022,4,yes,premium
1003,Mastercard,Debit,no,2,1563,02/2002,2011,no,15,2023,3,yes,medium
5707,Visa,Debit,yes,2,37325,11/2014,2014,no,12,2021,5,yes,premium
2975,Mastercard,Credit,no,1,14200,05/2008,2016,no,10,2022,4,no,premium
3397,Mastercard,Debit,yes,1,28815,06/2008,2015,no,11,2021,5,no,premium
1234,Mastercard,Debit (Prepaid),yes,2,85,02/2010,2010,no,16,2021,5,yes,low
3920,Visa,Debit,yes,2,15285,07/2009,2009,no,17,2018,8,yes,premium
280,Mastercard,Debit,yes,2,10636,01/2011,2011,no,15,2023,3,yes,premium
326,Visa,Debit,yes,1,12891,01/2013,2013,no,13,2015,11,no,premium
4411,Mastercard,Debit,yes,1,11885,08/2013,2013,no,13,2021,5,no,premium
5389,Mastercard,Debit,yes,2,2849,11/2003,2012,no,14,2017,9,yes,medium
4750,Visa,Debit,yes,1,3867,09/2009,2009,no,17,2023,3,no,medium
261,Visa,Debit,yes,2,6688,01/2010,2016,no,10,2021,5,yes,high
2817,Mastercard,Debit,yes,2,8021,05/2001,2018,no,8,2020,6,yes,high
2283,Mastercard,Debit,yes,1,27201,03/2011,2011,no,15,2022,4,no,premium
5918,Visa,Credit,yes,2,12800,12/2007,2009,no,17,2020,6,yes,premium
56,Mastercard,Debit (Prepaid),yes,2,96,01/2004,2011,no,15,2020,6,yes,low
5657,Mastercard,Debit,no,2,16426,11/2011,2011,no,15,2023,3,yes,premium
1978,Visa,Credit,yes,1,9100,02/2020,2020,no,6,2021,5,no,high
4516,Visa,Debit,yes,1,14546,09/2001,2008,no,18,2023,3,no,premium
2003,Discover,Credit,yes,1,8400,03/1997,2013,no,13,2020,6,no,high
5578,Mastercard,Debit,yes,2,10815,11/2009,2020,no,6,2020,6,yes,premium
5939,Mastercard,Credit,no,1,4000,12/2008,2012,no,14,2021,5,no,medium
2407,Visa,Debit,yes,1,11254,04/1999,2018,no,8,2020,6,no,premium
2593,Visa,Debit,yes,2,2271,04/2008,2008,no,18,2020,6,yes,medium
2811,Visa,Debit,yes,2,6311,05/2000,2013,no,13,2007,19,yes,high
294,Amex,Credit,yes,1,13700,01/2012,2012,no,14,2020,6,no,premium
4885,Mastercard,Credit,yes,1,14300,09/2015,2015,no,11,2024,2,no,premium
1734,Mastercard,Credit,yes,2,14600,02/2020,2020,no,6,2020,6,yes,premium
2366,Mastercard,Credit,yes,2,7100,03/2017,2017,no,9,2021,5,yes,high
203,Mastercard,Debit,yes,1,4534,01/2009,2010,no,16,2024,2,no,medium
4485,Visa,Credit,yes,2,4200,08/2019,2019,no,7,2021,5,yes,medium
5841,Mastercard,Debit,no,1,27117,12/2005,2005,no,21,2024,2,no,premium
2544,Mastercard,Debit,no,2,14404,04/2007,2015,no,11,2023,3,yes,premium
2153,Mastercard,Debit,yes,2,6360,03/2007,2016,no,10,2012,14,yes,high
2037,Mastercard,Debit,yes,1,4701,03/2002,2017,no,9,2020,6,no,medium
4079,Mastercard,Debit,yes,1,13793,07/2019,2019,no,7,2024,2,no,premium
3553,Mastercard,Debit,yes,1,27569,06/2012,2012,no,14,2012,14,no,premium
264,Amex,Credit,yes,1,10400,01/2011,2011,no,15,2021,5,no,premium
3990,Visa,Debit,no,1,14959,07/2011,2011,no,15,2021,5,no,premium
4064,Visa,Debit,yes,2,19713,07/2017,2017,no,9,2022,4,yes,premium
348,Mastercard,Debit (Prepaid),yes,1,90,01/2015,2015,no,11,2022,4,no,low
1433,Amex,Credit,yes,2,15500,02/2020,2020,no,6,2020,6,yes,premium
929,Visa,Credit,no,1,19200,01/2020,2020,no,6,2023,3,no,premium
930,Visa,Debit,yes,1,16610,01/2020,2020,no,6,2020,6,no,premium
3142,Visa,Debit,yes,1,21793,05/2013,2013,no,13,2023,3,no,premium
931,Visa,Debit,no,1,15261,01/2020,2020,no,6,2022,4,no,premium
292,Visa,Debit,yes,1,25919,01/2011,2011,no,15,2024,2,no,premium
57,Mastercard,Debit,yes,2,4546,01/2004,2010,no,16,2016,10,yes,medium
1456,Discover,Credit,yes,2,9600,02/2020,2020,no,6,2022,4,yes,high
1979,Visa,Debit,yes,1,9238,02/2020,2020,no,6,2024,2,no,high
1735,Mastercard,Debit,yes,2,15474,02/2020,2020,no,6,2022,4,yes,premium
3834,Amex,Credit,yes,2,9500,07/2008,2015,no,11,2022,4,yes,high
25,Visa,Debit,yes,1,7030,01/2001,2011,no,15,2003,23,no,high
5161,Mastercard,Debit (Prepaid),yes,2,25,10/2009,2010,no,16,2020,6,yes,low
3150,Mastercard,Debit,yes,2,15125,05/2014,2014,no,12,2024,2,yes,premium
1263,Visa,Credit,yes,2,13200,02/2010,2010,no,16,2020,6,yes,premium
4186,Mastercard,Debit (Prepaid),yes,2,130,08/2006,2014,no,12,2006,20,yes,low
364,Visa,Debit,yes,1,13193,01/2017,2017,no,9,2023,3,no,premium
4815,Mastercard,Debit,yes,1,16187,09/2011,2011,no,15,2020,6,no,premium
4945,Mastercard,Debit,yes,2,1627,10/2000,2013,no,13,2020,6,yes,medium
105,Mastercard,Credit,yes,2,5600,01/2006,2008,no,18,2007,19,yes,high
5795,Mastercard,Credit,yes,1,9600,12/2003,2016,no,10,2024,2,no,high
1434,Amex,Credit,yes,1,89900,02/2020,2020,no,6,2020,6,no,premium
1435,Amex,Credit,yes,2,44100,02/2020,2020,no,6,2024,2,yes,premium
1980,Visa,Debit,yes,2,19446,02/2020,2020,no,6,2020,6,yes,premium
2266,Visa,Credit,no,2,29900,03/2010,2017,no,9,2023,3,yes,premium
5940,Mastercard,Debit,yes,1,33506,12/2008,2011,no,15,2017,9,no,premium
932,Visa,Debit,yes,1,20971,01/2020,2020,no,6,2023,3,no,premium
2906,Mastercard,Debit (Prepaid),yes,2,65,05/2006,2009,no,17,2020,6,yes,low
4829,Visa,Debit,yes,2,18808,09/2011,2013,no,13,2019,7,yes,premium
1736,Mastercard,Debit,no,2,8723,02/2020,2020,no,6,2021,5,yes,high
2611,Mastercard,Debit,yes,2,28003,04/2009,2009,no,17,2016,10,yes,premium
2719,Mastercard,Debit,yes,2,15972,04/2013,2013,no,13,2022,4,yes,premium
4441,Visa,Debit,yes,1,22342,08/2014,2014,no,12,2018,8,no,premium
3592,Mastercard,Debit,no,1,21058,06/2015,2015,no,11,2020,6,no,premium
700,Mastercard,Debit (Prepaid),yes,2,26,01/2020,2020,no,6,2021,5,yes,low
1981,Visa,Debit,no,1,24605,02/2020,2020,no,6,2023,3,no,premium
701,Mastercard,Debit,yes,2,23529,01/2020,2020,no,6,2021,5,yes,premium
1982,Visa,Debit,yes,2,20780,02/2020,2020,no,6,2023,3,yes,premium
2710,Visa,Credit,yes,2,3900,04/2012,2012,no,14,2022,4,yes,medium
5205,Mastercard,Debit,yes,2,4392,10/2010,2017,no,9,2024,2,yes,medium
3069,Mastercard,Credit,yes,1,12300,05/2010,2013,no,13,2020,6,no,premium
1362,Amex,Credit,yes,2,11100,02/2016,2016,no,10,2024,2,yes,premium
4082,Visa,Debit (Prepaid),yes,2,93,07/2019,2019,no,7,2020,6,yes,low
4788,Mastercard,Credit,yes,1,9500,09/2010,2015,no,11,2024,2,no,high
5824,Visa,Credit,yes,1,12000,12/2004,2011,no,15,2022,4,no,premium
136,Mastercard,Debit,yes,2,11999,01/2007,2015,no,11,2020,6,yes,premium
3642,Mastercard,Credit,yes,2,0,06/2019,2019,no,7,2021,5,yes,low
5842,Mastercard,Debit,yes,2,18991,12/2005,2011,no,15,2021,5,yes,premium
1094,Mastercard,Debit,yes,1,27146,02/2006,2011,no,15,2024,2,no,premium
32,Visa,Debit (Prepaid),yes,2,32,01/2002,2009,no,17,2024,2,yes,low
2040,Visa,Debit,yes,2,19103,03/2002,2011,no,15,2023,3,yes,premium
2361,Visa,Credit,yes,2,11400,03/2016,2016,no,10,2021,5,yes,premium
5038,Visa,Debit (Prepaid),yes,1,75,10/2005,2007,no,19,2023,3,no,low
2267,Visa,Credit,yes,1,12700,03/2010,2020,no,6,2020,6,no,premium
5014,Mastercard,Debit (Prepaid),yes,1,61,10/2004,2012,no,14,2023,3,no,low
1207,Discover,Credit,yes,2,24400,02/2010,2011,no,15,2018,8,yes,premium
4557,Mastercard,Debit,yes,2,32895,09/2004,2005,no,21,2023,3,yes,premium
1057,Mastercard,Credit,yes,1,14300,02/2005,2010,no,16,2006,20,no,premium
702,Mastercard,Credit,no,1,9400,01/2020,2020,no,6,2023,3,no,high
703,Mastercard,Debit,yes,1,11364,01/2020,2020,no,6,2024,2,no,premium
2917,Visa,Debit,yes,1,24308,05/2006,2011,no,15,2023,3,no,premium
5819,Mastercard,Debit,yes,1,26328,12/2004,2005,no,21,2011,15,no,premium
2918,Visa,Debit,yes,1,21655,05/2006,2009,no,17,2018,8,no,premium
308,Visa,Debit,yes,1,23300,01/2012,2012,no,14,2022,4,no,premium
3962,Visa,Credit,yes,1,15900,07/2010,2013,no,13,2023,3,no,premium
4267,Mastercard,Credit,yes,2,8500,08/2008,2011,no,15,2023,3,yes,high
933,Visa,Debit (Prepaid),yes,1,60,01/2020,2020,no,6,2020,6,no,low
1983,Visa,Debit,no,2,15234,02/2020,2020,no,6,2021,5,yes,premium
934,Visa,Debit,yes,2,30870,01/2020,2020,no,6,2022,4,yes,premium
935,Visa,Debit,yes,1,30155,01/2020,2020,no,6,2021,5,no,premium
2781,Mastercard,Debit,yes,1,23088,04/2018,2018,no,8,2020,6,no,premium
1737,Mastercard,Debit,yes,2,23397,02/2020,2020,no,6,2024,2,yes,premium
704,Mastercard,Credit,yes,2,9100,01/2020,2020,no,6,2022,4,yes,high
936,Visa,Credit,yes,2,6600,01/2020,2020,no,6,2020,6,yes,high
2284,Mastercard,Credit,yes,2,7000,03/2011,2011,no,15,2020,6,yes,high
3650,Amex,Credit,yes,1,11600,07/1998,2009,no,17,2001,25,no,premium
1436,Amex,Credit,yes,2,0,02/2020,2020,no,6,2022,4,yes,low
4457,Mastercard,Debit,yes,2,14699,08/2016,2016,no,10,2022,4,yes,premium
5247,Mastercard,Debit,yes,2,20289,10/2011,2011,no,15,2022,4,yes,premium
1235,Mastercard,Debit,yes,2,16474,02/2010,2010,no,16,2024,2,yes,premium
1984,Visa,Debit,yes,2,3356,02/2020,2020,no,6,2020,6,yes,medium
937,Visa,Debit,yes,2,14679,01/2020,2020,no,6,2020,6,yes,premium
4388,Discover,Credit,yes,2,4300,08/2012,2012,no,14,2020,6,yes,medium
5390,Mastercard,Debit,yes,1,946,11/2003,2015,no,11,2021,5,no,low
5092,Mastercard,Debit,yes,2,7720,10/2007,2007,no,19,2024,2,yes,high
3151,Mastercard,Credit,yes,2,3500,05/2014,2014,no,12,2015,11,yes,medium
2775,Visa,Credit,yes,1,13700,04/2017,2017,no,9,2023,3,no,premium
4234,Visa,Credit,yes,1,16700,08/2007,2007,no,19,2024,2,no,premium
938,Visa,Credit,yes,1,18800,01/2020,2020,no,6,2021,5,no,premium
2545,Mastercard,Debit,yes,2,15518,04/2007,2011,no,15,2020,6,yes,premium
4466,Visa,Debit,yes,2,27313,08/2017,2017,no,9,2024,2,yes,premium
2612,Mastercard,Debit,yes,1,21989,04/2009,2009,no,17,2022,4,no,premium
4760,Discover,Credit,yes,1,12900,09/2010,2013,no,13,2020,6,no,premium
5128,Mastercard,Debit,yes,2,20026,10/2008,2010,no,16,2021,5,yes,premium
5283,Visa,Debit,yes,2,10676,10/2013,2013,no,13,2023,3,yes,premium
3398,Mastercard,Debit,yes,2,27447,06/2008,2010,no,16,2023,3,yes,premium
3070,Mastercard,Debit,yes,2,16617,05/2010,2011,no,15,2019,7,yes,premium
939,Visa,Debit,yes,2,12173,01/2020,2020,no,6,2020,6,yes,premium
1738,Mastercard,Debit,no,1,2105,02/2020,2020,no,6,2021,5,no,medium
6112,Mastercard,Debit,yes,1,16678,12/2015,2015,no,11,2023,3,no,premium
3698,Mastercard,Debit,yes,1,14123,07/2003,2006,no,20,2020,6,no,premium
1985,Visa,Debit,yes,1,11281,02/2020,2020,no,6,2023,3,no,premium
8,Mastercard,Credit,no,2,10300,01/1998,2006,no,20,2021,5,yes,premium
2872,Visa,Debit (Prepaid),yes,2,102,05/2004,2011,no,15,2020,6,yes,low
6079,Visa,Debit,yes,1,11254,12/2012,2012,no,14,2019,7,no,premium
5335,Visa,Debit,no,2,10703,10/2018,2018,no,8,2023,3,yes,premium
106,Mastercard,Credit,yes,1,5000,01/2006,2016,no,10,2021,5,no,medium
1739,Mastercard,Debit,yes,2,8002,02/2020,2020,no,6,2021,5,yes,high
2268,Visa,Debit,yes,2,18969,03/2010,2010,no,16,2012,14,yes,premium
1326,Mastercard,Debit,yes,1,12931,02/2013,2013,no,13,2019,7,no,premium
2992,Visa,Debit,yes,2,18112,05/2008,2011,no,15,2008,18,yes,premium
5476,Visa,Debit,yes,1,13034,11/2006,2006,no,20,2021,5,no,premium
5327,Visa,Debit (Prepaid),yes,1,71,10/2017,2017,no,9,2021,5,no,low
1132,Visa,Debit,yes,1,10374,02/2007,2007,no,19,2021,5,no,premium
4442,Visa,Debit,yes,1,13382,08/2014,2014,no,12,2016,10,no,premium
3797,Visa,Debit,yes,1,11063,07/2006,2011,no,15,2020,6,no,premium
705,Mastercard,Credit,yes,2,700,01/2020,2020,no,6,2020,6,yes,low
5974,Mastercard,Debit (Prepaid),yes,2,55,12/2009,2011,no,15,2023,3,yes,low
1133,Visa,Debit,yes,1,18358,02/2007,2010,no,16,2024,2,no,premium
3231,Visa,Credit,yes,1,8700,06/2001,2010,no,16,2022,4,no,high
5975,Mastercard,Debit,yes,2,1966,12/2009,2011,no,15,2009,17,yes,medium
3123,Mastercard,Debit,yes,1,13257,05/2012,2012,no,14,2017,9,no,premium
5746,Visa,Debit,yes,1,20297,11/2019,2019,no,7,2019,7,no,premium
1986,Visa,Credit,yes,2,7500,02/2020,2020,no,6,2023,3,yes,high
3328,Mastercard,Debit,yes,1,31696,06/2006,2015,no,11,2018,8,no,premium
1202,Amex,Credit,yes,2,7400,02/2010,2012,no,14,2010,16,yes,high
262,Visa,Debit,no,2,7644,01/2010,2010,no,16,2022,4,yes,high
2555,Visa,Credit,no,1,13600,04/2007,2011,no,15,2021,5,no,premium
2575,Mastercard,Debit (Prepaid),yes,1,40,04/2008,2011,no,15,2022,4,no,low
3656,Mastercard,Debit (Prepaid),yes,2,61,07/2000,2013,no,13,2007,19,yes,low
1004,Mastercard,Debit,yes,1,7597,02/2002,2005,no,21,2022,4,no,high
2498,Visa,Credit,no,2,9900,04/2005,2006,no,20,2024,2,yes,high
1120,Mastercard,Debit,yes,2,7898,02/2007,2014,no,12,2021,5,yes,high
6140,Amex,Credit,yes,1,12700,12/2019,2019,no,7,2020,6,no,premium
5802,Visa,Debit,no,1,34329,12/2003,2010,no,16,2018,8,no,premium
2125,Mastercard,Debit,no,1,25206,03/2006,2018,no,8,2021,5,no,premium
4523,Mastercard,Debit (Prepaid),yes,1,89,09/2002,2012,no,14,2021,5,no,low
2269,Visa,Debit,yes,3,15143,03/2010,2014,no,12,2024,2,yes,premium
3071,Mastercard,Credit,yes,2,12700,05/2010,2010,no,16,2010,16,yes,premium
4751,Visa,Debit (Prepaid),yes,2,53,09/2009,2009,no,17,2024,2,yes,low
3900,Mastercard,Debit (Prepaid),yes,2,67,07/2009,2016,no,10,2023,3,yes,low
3943,Mastercard,Debit,no,2,22839,07/2010,2015,no,11,2020,6,yes,premium
706,Mastercard,Debit,yes,1,17252,01/2020,2020,no,6,2024,2,no,premium
2294,Visa,Debit,yes,1,19103,03/2011,2011,no,15,2024,2,no,premium
4031,Visa,Debit,no,1,15619,07/2014,2014,no,12,2020,6,no,premium
2375,Mastercard,Debit,yes,1,17512,03/2018,2018,no,8,2020,6,no,premium
186,Visa,Credit,yes,1,9300,01/2008,2008,no,18,2020,6,no,high
3512,Discover,Credit,yes,2,9300,06/2011,2011,no,15,2021,5,yes,high
4925,Mastercard,Debit,yes,1,13584,09/2019,2019,no,7,2021,5,no,premium
1437,Amex,Credit,yes,2,8300,02/2020,2020,no,6,2020,6,yes,high
940,Visa,Credit,yes,1,7000,01/2020,2020,no,6,2024,2,no,high
707,Mastercard,Debit (Prepaid),yes,1,80,01/2020,2020,no,6,2020,6,no,low
941,Visa,Debit,yes,1,3678,01/2020,2020,no,6,2020,6,no,medium
708,Mastercard,Debit,yes,1,5826,01/2020,2020,no,6,2020,6,no,high
1438,Amex,Credit,yes,2,8200,02/2020,2020,no,6,2024,2,yes,high
2713,Discover,Credit,yes,1,13000,04/2013,2013,no,13,2023,3,no,premium
3612,Mastercard,Debit,yes,2,20430,06/2016,2016,no,10,2022,4,yes,premium
709,Mastercard,Credit,yes,1,8300,01/2020,2020,no,6,2020,6,no,high
2771,Mastercard,Debit,yes,1,10882,04/2017,2017,no,9,2019,7,no,premium
3572,Visa,Debit,yes,1,19454,06/2013,2013,no,13,2022,4,no,premium
3152,Mastercard,Debit,yes,1,19624,05/2014,2014,no,12,2020,6,no,premium
1203,Amex,Credit,yes,1,8700,02/2010,2010,no,16,2012,14,no,high
710,Mastercard,Credit,yes,1,8000,01/2020,2020,no,6,2020,6,no,high
4528,Visa,Debit,yes,1,14540,09/2002,2002,no,24,2020,6,no,premium
4335,Mastercard,Credit,yes,1,7300,08/2010,2013,no,13,2023,3,no,high
3506,Visa,Credit,yes,2,12200,06/2010,2010,no,16,2015,11,yes,premium
3573,Visa,Credit,yes,1,5000,06/2013,2013,no,13,2021,5,no,medium
5206,Mastercard,Credit,yes,1,11200,10/2010,2010,no,16,2020,6,no,premium
6034,Visa,Credit,no,2,11200,12/2010,2011,no,15,2016,10,yes,premium
4281,Visa,Debit,yes,1,26730,08/2008,2010,no,16,2012,14,no,premium
332,Mastercard,Credit,yes,2,11500,01/2014,2014,no,12,2017,9,yes,premium
1740,Mastercard,Debit,yes,2,16747,02/2020,2020,no,6,2022,4,yes,premium
2521,Visa,Debit,yes,1,11574,04/2006,2009,no,17,2011,15,no,premium
137,Mastercard,Debit,no,1,13772,01/2007,2009,no,17,2008,18,no,premium
2625,Visa,Debit,yes,1,271,04/2009,2012,no,14,2021,5,no,low
5284,Amex,Credit,yes,2,16100,10/2014,2014,no,12,2022,4,yes,premium
1741,Mastercard,Debit,yes,2,11039,02/2020,2020,no,6,2020,6,yes,premium
4836,Mastercard,Credit,yes,2,19800,09/2012,2012,no,14,2017,9,yes,premium
2714,Discover,Credit,yes,2,5700,04/2013,2013,no,13,2024,2,yes,high
5796,Mastercard,Credit,no,1,7200,12/2003,2012,no,14,2011,15,no,high
1189,Mastercard,Debit (Prepaid),yes,2,11,02/2009,2013,no,13,2020,6,yes,low
711,Mastercard,Debit,yes,2,45373,01/2020,2020,no,6,2021,5,yes,premium
3371,Visa,Credit,no,1,21000,06/2007,2015,no,11,2011,15,no,premium
3798,Visa,Debit,yes,1,43287,07/2006,2013,no,13,2021,5,no,premium
2594,Visa,Debit,yes,1,42176,04/2008,2008,no,18,2021,5,no,premium
2126,Mastercard,Debit,yes,2,19789,03/2006,2010,no,16,2022,4,yes,premium
2198,Mastercard,Debit,yes,1,24508,03/2008,2009,no,17,2022,4,no,premium
4683,Mastercard,Debit,yes,1,25197,09/2008,2011,no,15,2024,2,no,premium
6113,Mastercard,Credit,yes,2,9300,12/2015,2015,no,11,2022,4,yes,high
6145,Visa,Debit,yes,1,16047,12/2019,2019,no,7,2020,6,no,premium
5162,Mastercard,Debit,yes,1,27795,10/2009,2014,no,12,2023,3,no,premium
4357,Discover,Credit,yes,2,16100,08/2011,2011,no,15,2020,6,yes,premium
5904,Mastercard,Debit,yes,2,14027,12/2007,2014,no,12,2023,3,yes,premium
1011,Discover,Credit,yes,1,10600,02/2003,2007,no,19,2024,2,no,premium
3661,Visa,Debit,yes,2,26995,07/2000,2009,no,17,2023,3,yes,premium
712,Mastercard,Credit,yes,1,10400,01/2020,2020,no,6,2020,6,no,premium
1742,Mastercard,Credit,yes,2,11400,02/2020,2020,no,6,2023,3,yes,premium
942,Visa,Credit,yes,2,11900,01/2020,2020,no,6,2022,4,yes,premium
1987,Visa,Debit,yes,1,29065,02/2020,2020,no,6,2021,5,no,premium
713,Mastercard,Debit (Prepaid),yes,2,55,01/2020,2020,no,6,2023,3,yes,low
943,Visa,Debit (Prepaid),yes,1,89,01/2020,2020,no,6,2020,6,no,low
1743,Mastercard,Credit,yes,2,22800,02/2020,2020,no,6,2020,6,yes,premium
6096,Visa,Credit,no,2,4300,12/2013,2013,no,13,2021,5,yes,medium
3574,Visa,Debit,no,1,38900,06/2013,2013,no,13,2021,5,no,premium
4238,Discover,Credit,no,1,9500,08/2008,2009,no,17,2012,14,no,high
1744,Mastercard,Debit,yes,2,17633,02/2020,2020,no,6,2020,6,yes,premium
3298,Mastercard,Credit,yes,1,7400,06/2005,2011,no,15,2020,6,no,high
3593,Mastercard,Debit,yes,1,9001,06/2015,2015,no,11,2024,2,no,high
2576,Mastercard,Debit,no,2,9669,04/2008,2011,no,15,2023,3,yes,high
6073,Mastercard,Debit,yes,2,16491,12/2012,2012,no,14,2024,2,yes,premium
2919,Visa,Credit,yes,1,7800,05/2006,2012,no,14,2013,13,no,high
3153,Mastercard,Debit,yes,2,12183,05/2014,2014,no,12,2023,3,yes,premium
4804,Visa,Credit,yes,1,8900,09/2010,2016,no,10,2022,4,no,high
714,Mastercard,Debit,no,1,13558,01/2020,2020,no,6,2023,3,no,premium
1988,Visa,Credit,yes,1,12600,02/2020,2020,no,6,2023,3,no,premium
1745,Mastercard,Debit,yes,1,10742,02/2020,2020,no,6,2023,3,no,premium
944,Visa,Credit,yes,2,8100,01/2020,2020,no,6,2020,6,yes,high
945,Visa,Debit,yes,1,12240,01/2020,2020,no,6,2024,2,no,premium
2938,Mastercard,Credit,yes,1,28000,05/2007,2007,no,19,2024,2,no,premium
4613,Mastercard,Debit,no,1,19843,09/2006,2015,no,11,2020,6,no,premium
4354,Visa,Debit,yes,2,4707,08/2010,2010,no,16,2021,5,yes,medium
3039,Amex,Credit,yes,1,16200,05/2010,2010,no,16,2024,2,no,premium
3643,Mastercard,Debit (Prepaid),yes,1,58,06/2019,2019,no,7,2020,6,no,low
4124,Visa,Credit,yes,2,21600,08/2003,2015,no,11,2020,6,yes,premium
2511,Mastercard,Debit,yes,2,4707,04/2006,2015,no,11,2022,4,yes,medium
3979,Mastercard,Debit,yes,3,27178,07/2011,2011,no,15,2024,2,yes,premium
2976,Mastercard,Credit,yes,2,8100,05/2008,2014,no,12,2023,3,yes,high
168,Mastercard,Debit,yes,2,16815,01/2008,2014,no,12,2024,2,yes,premium
3459,Visa,Debit (Prepaid),yes,1,0,06/2009,2012,no,14,2022,4,no,low
2907,Mastercard,Credit,yes,1,51900,05/2006,2009,no,17,2023,3,no,premium
3399,Mastercard,Credit,yes,1,17700,06/2008,2009,no,17,2020,6,no,premium
2653,Mastercard,Debit,yes,1,47211,04/2010,2010,no,16,2023,3,no,premium
191,Amex,Credit,no,2,17800,01/2009,2009,no,17,2024,2,yes,premium
1384,Visa,Debit,yes,1,29685,02/2018,2018,no,8,2019,7,no,premium
3507,Visa,Credit,no,1,12700,06/2010,2013,no,13,2024,2,no,premium
3334,Visa,Debit,yes,1,21744,06/2006,2011,no,15,2022,4,no,premium
2013,Visa,Credit,yes,2,15500,03/1999,2013,no,13,2002,24,yes,premium
3716,Mastercard,Debit,yes,2,23154,07/2004,2012,no,14,2022,4,yes,premium
2230,Mastercard,Debit,yes,2,8747,03/2009,2009,no,17,2012,14,yes,high
3101,Mastercard,Debit,yes,1,25059,05/2011,2011,no,15,2024,2,no,premium
2069,Mastercard,Credit,yes,2,14200,03/2004,2010,no,16,2018,8,yes,premium
119,Visa,Debit,yes,2,18888,01/2006,2014,no,12,2024,2,yes,premium
1058,Mastercard,Debit,no,2,3099,02/2005,2013,no,13,2023,3,yes,medium
4558,Mastercard,Debit,yes,2,10656,09/2004,2011,no,15,2021,5,yes,premium
3299,Mastercard,Debit,yes,2,12698,06/2005,2010,no,16,2012,14,yes,premium
4282,Visa,Credit,yes,1,10200,08/2008,2012,no,14,2022,4,no,premium
4443,Visa,Credit,yes,2,10100,08/2014,2014,no,12,2015,11,yes,premium
3460,Visa,Credit,yes,1,10700,06/2009,2013,no,13,2021,5,no,premium
1103,Amex,Credit,yes,2,6100,02/2007,2008,no,18,2012,14,yes,high
2499,Visa,Credit,yes,2,8800,04/2005,2014,no,12,2023,3,yes,high
3632,Mastercard,Debit,yes,1,21280,06/2018,2018,no,8,2020,6,no,premium
5363,Mastercard,Debit (Prepaid),yes,1,111,11/2000,2010,no,16,2023,3,no,low
3031,Visa,Debit,yes,1,26608,05/2009,2009,no,17,2024,2,no,premium
5729,Visa,Debit,yes,2,37619,11/2016,2016,no,10,2022,4,yes,premium
3239,Mastercard,Debit,yes,1,25422,06/2002,2008,no,18,2020,6,no,premium
5300,Visa,Debit,yes,2,16053,10/2014,2014,no,12,2020,6,yes,premium
2017,Amex,Credit,yes,1,8400,03/2001,2014,no,12,2022,4,no,high
3944,Mastercard,Debit,yes,1,14385,07/2010,2012,no,14,2021,5,no,premium
5163,Mastercard,Debit,yes,2,1607,10/2009,2011,no,15,2020,6,yes,medium
2092,Mastercard,Debit (Prepaid),yes,2,51,03/2005,2007,no,19,2015,11,yes,low
3372,Visa,Debit,yes,2,5646,06/2007,2019,no,7,2023,3,yes,high
4283,Visa,Debit,yes,1,20887,08/2008,2008,no,18,2021,5,no,premium
3285,Amex,Credit,yes,1,9500,06/2005,2005,no,21,2022,4,no,high
3875,Visa,Debit,yes,2,8960,07/2008,2014,no,12,2024,2,yes,high
4012,Mastercard,Debit,yes,2,15822,07/2013,2013,no,13,2022,4,yes,premium
6090,Mastercard,Debit,yes,1,17057,12/2013,2013,no,13,2023,3,no,premium
2093,Mastercard,Credit,yes,2,14500,03/2005,2019,no,7,2021,5,yes,premium
715,Mastercard,Debit,yes,2,14146,01/2020,2020,no,6,2023,3,yes,premium
716,Mastercard,Debit,yes,1,22392,01/2020,2020,no,6,2020,6,no,premium
5976,Mastercard,Debit,yes,2,21084,12/2009,2015,no,11,2013,13,yes,premium
2830,Mastercard,Debit,yes,2,11889,05/2002,2014,no,12,2024,2,yes,premium
5433,Mastercard,Credit,yes,1,8600,11/2005,2006,no,20,2009,17,no,high
4355,Visa,Debit,yes,1,1740,08/2010,2010,no,16,2023,3,no,medium
4515,Mastercard,Debit,yes,1,16908,09/2001,2013,no,13,2022,4,no,premium
2818,Mastercard,Debit,yes,1,15591,05/2001,2012,no,14,2022,4,no,premium
3784,Mastercard,Debit,yes,2,20974,07/2006,2007,no,19,2008,18,yes,premium
717,Mastercard,Credit,yes,1,7200,01/2020,2020,no,6,2022,4,no,high
2596,Amex,Credit,no,1,8500,04/2009,2010,no,16,2024,2,no,high
4138,Mastercard,Debit,yes,1,28666,08/2004,2010,no,16,2022,4,no,premium
718,Mastercard,Debit,no,2,24334,01/2020,2020,no,6,2022,4,yes,premium
2923,Amex,Credit,yes,2,13100,05/2007,2013,no,13,2020,6,yes,premium
4684,Mastercard,Debit (Prepaid),yes,2,53,09/2008,2012,no,14,2011,15,yes,low
2908,Mastercard,Debit,yes,1,16898,05/2006,2013,no,13,2021,5,no,premium
5072,Amex,Credit,yes,2,9600,10/2007,2008,no,18,2021,5,yes,high
2455,Amex,Credit,yes,2,6800,04/2004,2010,no,16,2005,21,yes,high
3221,Amex,Credit,yes,2,9900,06/2001,2006,no,20,2024,2,yes,high
169,Mastercard,Debit (Prepaid),yes,2,52,01/2008,2011,no,15,2018,8,yes,low
5774,Mastercard,Credit,yes,2,19600,12/2001,2013,no,13,2020,6,yes,premium
2270,Visa,Credit,yes,2,19300,03/2010,2010,no,16,2022,4,yes,premium
1989,Visa,Debit,yes,1,42253,02/2020,2020,no,6,2020,6,no,premium
204,Mastercard,Debit,yes,1,21997,01/2009,2011,no,15,2023,3,no,premium
5140,Visa,Debit,yes,2,20902,10/2008,2015,no,11,2020,6,yes,premium
1046,Visa,Debit,yes,2,2284,02/2004,2017,no,9,2021,5,yes,medium
1990,Visa,Credit,yes,1,19800,02/2020,2020,no,6,2022,4,no,premium
719,Mastercard,Debit,yes,1,18364,01/2020,2020,no,6,2020,6,no,premium
5827,Amex,Credit,yes,1,6500,12/2005,2016,no,10,2018,8,no,high
5620,Mastercard,Debit,yes,2,1200,11/2010,2010,no,16,2024,2,yes,medium
3170,Visa,Credit,yes,1,6300,05/2015,2015,no,11,2022,4,no,high
1991,Visa,Debit,yes,1,13496,02/2020,2020,no,6,2024,2,no,premium
3625,Visa,Debit,no,2,10636,06/2017,2017,no,9,2022,4,yes,premium
120,Visa,Credit,yes,1,7000,01/2006,2018,no,8,2020,6,no,high
1457,Discover,Credit,yes,2,10000,02/2020,2020,no,6,2022,4,yes,premium
4453,Visa,Credit,yes,2,5700,08/2015,2015,no,11,2020,6,yes,high
946,Visa,Debit,yes,1,9845,01/2020,2020,no,6,2020,6,no,high
720,Mastercard,Debit,yes,2,13597,01/2020,2020,no,6,2024,2,yes,premium
3667,Mastercard,Credit,yes,1,10300,07/2001,2017,no,9,2015,11,no,premium
4505,Mastercard,Debit,yes,2,17775,09/2000,2008,no,18,2007,19,yes,premium
3980,Mastercard,Debit,yes,2,6056,07/2011,2011,no,15,2021,5,yes,high
3265,Visa,Debit,yes,1,1736,06/2003,2012,no,14,2020,6,no,medium
5865,Mastercard,Debit,yes,1,20573,12/2006,2014,no,12,2022,4,no,premium
6037,Discover,Credit,yes,1,18400,12/2011,2011,no,15,2024,2,no,premium
4957,Mastercard,Debit,yes,2,12610,10/2001,2007,no,19,2024,2,yes,premium
170,Mastercard,Debit,yes,2,10471,01/2008,2010,no,16,2020,6,yes,premium
3464,Amex,Credit,yes,2,25100,06/2010,2010,no,16,2023,3,yes,premium
721,Mastercard,Credit,yes,2,10200,01/2020,2020,no,6,2022,4,yes,premium
4458,Mastercard,Debit,no,1,13460,08/2016,2016,no,10,2022,4,no,premium
1992,Visa,Debit,no,1,9765,02/2020,2020,no,6,2022,4,no,high
722,Mastercard,Credit,yes,1,5900,01/2020,2020,no,6,2023,3,no,high
1746,Mastercard,Debit (Prepaid),yes,1,62,02/2020,2020,no,6,2021,5,no,low
723,Mastercard,Debit,yes,1,10673,01/2020,2020,no,6,2020,6,no,premium
6018,Mastercard,Debit,no,2,14959,12/2010,2013,no,13,2023,3,yes,premium
3032,Visa,Debit,yes,2,4924,05/2009,2013,no,13,2015,11,yes,medium
5554,Visa,Credit,yes,1,12900,11/2008,2010,no,16,2020,6,no,premium
3129,Amex,Credit,yes,2,4300,05/2013,2013,no,13,2021,5,yes,medium
4222,Mastercard,Debit,yes,2,16134,08/2007,2010,no,16,2024,2,yes,premium
3751,Visa,Credit,yes,2,7900,07/2005,2006,no,20,2023,3,yes,high
2740,Visa,Debit,yes,1,15204,04/2014,2014,no,12,2020,6,no,premium
1747,Mastercard,Debit,yes,2,12282,02/2020,2020,no,6,2022,4,yes,premium
4914,Mastercard,Debit (Prepaid),yes,1,79,09/2017,2017,no,9,2020,6,no,low
3072,Mastercard,Debit,yes,2,22679,05/2010,2010,no,16,2015,11,yes,premium
947,Visa,Credit,yes,1,5500,01/2020,2020,no,6,2020,6,no,high
1236,Mastercard,Credit,yes,1,8400,02/2010,2013,no,13,2012,14,no,high
1208,Discover,Credit,yes,2,6900,02/2010,2015,no,11,2022,4,yes,high
2796,Visa,Debit,yes,1,14217,05/1997,2013,no,13,2022,4,no,premium
4088,Mastercard,Debit,yes,1,9226,08/1997,2015,no,11,2024,2,no,high
3836,Discover,Credit,yes,2,4000,07/2008,2008,no,18,2020,6,yes,medium
121,Visa,Credit,yes,2,10600,01/2006,2015,no,11,2024,2,yes,premium
724,Mastercard,Debit (Prepaid),yes,1,69,01/2020,2020,no,6,2020,6,no,low
725,Mastercard,Debit,no,2,10964,01/2020,2020,no,6,2024,2,yes,premium
1748,Mastercard,Debit,no,1,8651,02/2020,2020,no,6,2023,3,no,high
3154,Mastercard,Debit,yes,1,9800,05/2014,2014,no,12,2017,9,no,high
3461,Visa,Credit,yes,2,9200,06/2009,2009,no,17,2019,7,yes,high
187,Visa,Debit,yes,1,17231,01/2008,2008,no,18,2021,5,no,premium
948,Visa,Debit,yes,2,21782,01/2020,2020,no,6,2022,4,yes,premium
949,Visa,Debit,yes,1,16736,01/2020,2020,no,6,2020,6,no,premium
1749,Mastercard,Debit,yes,1,16986,02/2020,2020,no,6,2023,3,no,premium
2577,Mastercard,Debit,yes,2,5521,04/2008,2015,no,11,2024,2,yes,high
2101,Visa,Debit,yes,2,27776,03/2005,2009,no,17,2023,3,yes,premium
5776,Amex,Credit,yes,1,10800,12/2002,2012,no,14,2021,5,no,premium
3594,Mastercard,Credit,yes,1,4300,06/2015,2015,no,11,2016,10,no,medium
5765,Mastercard,Credit,yes,1,11300,12/2000,2010,no,16,2020,6,no,premium
1750,Mastercard,Debit,yes,1,31164,02/2020,2020,no,6,2023,3,no,premium
4980,Amex,Credit,yes,1,13900,10/2003,2003,no,23,2020,6,no,premium
2426,Visa,Debit,yes,2,23834,04/2001,2014,no,12,2023,3,yes,premium
5640,Visa,Debit,yes,1,9599,11/2010,2010,no,16,2021,5,no,high
4017,Visa,Debit,yes,1,8177,07/2013,2013,no,13,2021,5,no,high
1136,Amex,Credit,yes,1,6100,02/2008,2019,no,7,2015,11,no,high
5207,Mastercard,Debit,yes,2,3658,10/2010,2016,no,10,2020,6,yes,medium
4752,Visa,Credit,yes,2,8100,09/2009,2015,no,11,2022,4,yes,high
2862,Mastercard,Credit,yes,2,7900,05/2004,2009,no,17,2005,21,yes,high
1751,Mastercard,Debit (Prepaid),yes,2,57,02/2020,2020,no,6,2024,2,yes,low
4057,Mastercard,Debit,yes,1,12170,07/2017,2017,no,9,2020,6,no,premium
5480,Amex,Credit,yes,2,10400,11/2007,2009,no,17,2024,2,yes,premium
5905,Mastercard,Credit,yes,1,12000,12/2007,2009,no,17,2024,2,no,premium
1264,Visa,Credit,yes,2,16600,02/2010,2010,no,16,2022,4,yes,premium
2305,Mastercard,Debit,no,1,13900,03/2012,2012,no,14,2023,3,no,premium
2909,Mastercard,Debit,no,2,11817,05/2006,2009,no,17,2019,7,yes,premium
2271,Visa,Debit,yes,1,1433,03/2010,2010,no,16,2015,11,no,medium
205,Mastercard,Debit,yes,1,11982,01/2009,2013,no,13,2022,4,no,premium
2654,Mastercard,Debit,yes,1,5440,04/2010,2010,no,16,2022,4,no,high
3159,Visa,Debit,yes,1,32269,05/2014,2014,no,12,2020,6,no,premium
3487,Mastercard,Debit (Prepaid),yes,1,68,06/2010,2011,no,15,2010,16,no,low
2682,Mastercard,Debit,yes,2,25390,04/2011,2011,no,15,2022,4,yes,premium
726,Mastercard,Debit (Prepaid),yes,2,73,01/2020,2020,no,6,2021,5,yes,low
1752,Mastercard,Debit,yes,1,14895,02/2020,2020,no,6,2021,5,no,premium
1993,Visa,Credit,yes,2,7100,02/2020,2020,no,6,2022,4,yes,high
1753,Mastercard,Debit,yes,1,12829,02/2020,2020,no,6,2020,6,no,premium
4002,Mastercard,Debit,yes,1,19508,07/2012,2012,no,14,2024,2,no,premium
4753,Visa,Credit,yes,1,12700,09/2009,2015,no,11,2021,5,no,premium
416,Amex,Credit,yes,1,13700,01/2020,2020,no,6,2020,6,no,premium
2094,Mastercard,Debit,yes,1,26467,03/2005,2007,no,19,2022,4,no,premium
6065,Visa,Debit,yes,2,25059,12/2011,2011,no,15,2011,15,yes,premium
2953,Visa,Debit,yes,2,17403,05/2007,2010,no,16,2021,5,yes,premium
340,Visa,Credit,yes,2,7400,01/2014,2014,no,12,2024,2,yes,high
2955,Amex,Credit,yes,2,14300,05/2008,2012,no,14,2020,6,yes,premium
4536,Mastercard,Debit,yes,2,8262,09/2003,2018,no,8,2024,2,yes,high
4444,Visa,Credit,yes,1,7700,08/2014,2014,no,12,2018,8,no,high
950,Visa,Debit (Prepaid),yes,2,37,01/2020,2020,no,6,2020,6,yes,low
5267,Visa,Debit,no,1,13767,10/2012,2012,no,14,2015,11,no,premium
341,Visa,Debit (Prepaid),yes,1,90,01/2014,2014,no,12,2020,6,no,low
2448,Mastercard,Debit,yes,2,11408,04/2003,2010,no,16,2006,20,yes,premium
2338,Visa,Credit,yes,2,2400,03/2014,2014,no,12,2020,6,yes,medium
1163,Visa,Credit,yes,2,18600,02/2008,2011,no,15,2024,2,yes,premium
5762,Mastercard,Debit,yes,2,15422,12/1999,2009,no,17,2024,2,yes,premium
4754,Visa,Debit,yes,2,19575,09/2009,2009,no,17,2024,2,yes,premium
2690,Visa,Debit (Prepaid),yes,2,62,04/2011,2011,no,15,2020,6,yes,low
2939,Mastercard,Credit,no,1,10800,05/2007,2009,no,17,2018,8,no,premium
5922,Amex,Credit,yes,2,12400,12/2008,2010,no,16,2013,13,yes,premium
5039,Visa,Debit,yes,1,30314,10/2005,2007,no,19,2022,4,no,premium
2578,Mastercard,Debit,yes,1,16317,04/2008,2010,no,16,2020,6,no,premium
4844,Visa,Debit,yes,1,26033,09/2012,2012,no,14,2023,3,no,premium
5420,Visa,Credit,no,1,11600,11/2004,2008,no,18,2023,3,no,premium
5994,Discover,Credit,yes,2,14800,12/2010,2011,no,15,2022,4,yes,premium
4789,Mastercard,Debit,yes,2,4183,09/2010,2010,no,16,2024,2,yes,medium
1237,Mastercard,Debit,yes,1,6732,02/2010,2010,no,16,2024,2,no,high
3415,Amex,Credit,yes,1,8200,06/2009,2013,no,13,2021,5,no,high
5579,Mastercard,Debit,no,2,1726,11/2009,2014,no,12,2024,2,yes,medium
2791,Visa,Debit,no,2,20318,05/1996,2015,no,11,2020,6,yes,premium
3861,Mastercard,Debit (Prepaid),yes,2,42,07/2008,2017,no,9,2023,3,yes,low
4412,Mastercard,Debit,yes,1,18654,08/2013,2013,no,13,2020,6,no,premium
4506,Mastercard,Debit,yes,1,11219,09/2000,2010,no,16,2023,3,no,premium
2749,Mastercard,Debit,yes,1,11143,04/2015,2015,no,11,2018,8,no,premium
3921,Visa,Credit,no,1,6900,07/2009,2012,no,14,2022,4,no,high
58,Mastercard,Debit,yes,2,12861,01/2004,2008,no,18,2019,7,yes,premium
3818,Mastercard,Debit,yes,1,12801,07/2007,2011,no,15,2021,5,no,premium
1994,Visa,Credit,yes,2,6300,02/2020,2020,no,6,2024,2,yes,high
417,Amex,Credit,yes,1,12900,01/2020,2020,no,6,2022,4,no,premium
418,Amex,Credit,yes,2,12800,01/2020,2020,no,6,2022,4,yes,premium
727,Mastercard,Debit,yes,2,3861,01/2020,2020,no,6,2020,6,yes,medium
5447,Visa,Debit,yes,2,8024,11/2005,2011,no,15,2007,19,yes,high
1995,Visa,Debit,yes,2,16452,02/2020,2020,no,6,2020,6,yes,premium
3102,Mastercard,Debit,yes,1,24326,05/2011,2011,no,15,2020,6,no,premium
1105,Discover,Credit,yes,2,9600,02/2007,2012,no,14,2017,9,yes,high
3901,Mastercard,Credit,yes,2,5400,07/2009,2010,no,16,2020,6,yes,high
4830,Visa,Debit,yes,1,26158,09/2011,2011,no,15,2014,12,no,premium
206,Mastercard,Debit (Prepaid),yes,1,65,01/2009,2009,no,17,2023,3,no,low
5951,Visa,Debit,yes,1,24674,12/2008,2010,no,16,2024,2,no,premium
3561,Visa,Debit,no,1,14484,06/2012,2012,no,14,2022,4,no,premium
3945,Mastercard,Debit,yes,1,20765,07/2010,2014,no,12,2021,5,no,premium
6124,Mastercard,Credit,yes,2,17100,12/2016,2016,no,10,2021,5,yes,premium
4733,Mastercard,Credit,yes,1,3600,09/2009,2009,no,17,2022,4,no,medium
728,Mastercard,Debit,yes,1,14139,01/2020,2020,no,6,2023,3,no,premium
951,Visa,Credit,yes,1,10600,01/2020,2020,no,6,2024,2,no,premium
729,Mastercard,Debit,yes,1,22844,01/2020,2020,no,6,2020,6,no,premium
730,Mastercard,Debit,yes,1,15212,01/2020,2020,no,6,2020,6,no,premium
1458,Discover,Credit,yes,2,17300,02/2020,2020,no,6,2022,4,yes,premium
731,Mastercard,Debit,yes,2,13088,01/2020,2020,no,6,2022,4,yes,premium
419,Amex,Credit,yes,1,5700,01/2020,2020,no,6,2020,6,no,high
1754,Mastercard,Debit,yes,1,19294,02/2020,2020,no,6,2020,6,no,premium
732,Mastercard,Debit,yes,2,8876,01/2020,2020,no,6,2020,6,yes,high
5070,Visa,Debit,yes,1,9922,10/2006,2011,no,15,2013,13,no,high
5719,Visa,Debit,yes,1,14514,11/2015,2015,no,11,2024,2,no,premium
2556,Visa,Debit,no,1,14464,04/2007,2008,no,18,2023,3,no,premium
5434,Mastercard,Credit,yes,1,10600,11/2005,2009,no,17,2021,5,no,premium
4790,Mastercard,Credit,no,1,5900,09/2010,2011,no,15,2018,8,no,high
4268,Mastercard,Debit,yes,2,5082,08/2008,2009,no,17,2024,2,yes,high
2135,Visa,Debit,no,1,7003,03/2006,2012,no,14,2016,10,no,high
2467,Mastercard,Debit,yes,2,7364,04/2004,2009,no,17,2024,2,yes,high
5977,Mastercard,Debit,yes,1,9513,12/2009,2009,no,17,2020,6,no,high
733,Mastercard,Debit,yes,2,17063,01/2020,2020,no,6,2024,2,yes,premium
6125,Mastercard,Credit,yes,2,5700,12/2016,2016,no,10,2020,6,yes,high
5421,Visa,Credit,yes,1,8600,11/2004,2009,no,17,2023,3,no,high
2613,Mastercard,Debit,yes,1,12586,04/2009,2010,no,16,2024,2,no,premium
1755,Mastercard,Debit,yes,1,36967,02/2020,2020,no,6,2020,6,no,premium
1756,Mastercard,Debit,yes,2,28458,02/2020,2020,no,6,2020,6,yes,premium
3012,Mastercard,Credit,yes,2,5500,05/2009,2009,no,17,2020,6,yes,high
5225,Visa,Debit,yes,1,26222,10/2010,2010,no,16,2022,4,no,premium
4816,Mastercard,Debit,yes,2,21802,09/2011,2011,no,15,2023,3,yes,premium
3511,Amex,Credit,yes,2,13100,06/2011,2011,no,15,2021,5,yes,premium
5678,Mastercard,Debit,yes,2,17079,11/2012,2012,no,14,2021,5,yes,premium
5141,Visa,Credit,yes,2,31500,10/2008,2008,no,18,2020,6,yes,premium
4089,Mastercard,Debit,yes,1,51412,08/1997,2008,no,18,2024,2,no,premium
3033,Visa,Credit,yes,1,0,05/2009,2009,no,17,2019,7,no,low
2095,Mastercard,Debit,yes,2,13746,03/2005,2007,no,19,2021,5,yes,premium
6117,Visa,Debit,yes,1,30023,12/2015,2015,no,11,2022,4,no,premium
2016,Visa,Credit,yes,2,14300,03/2000,2009,no,17,2024,2,yes,premium
5952,Visa,Debit,yes,1,18137,12/2008,2011,no,15,2023,3,no,premium
420,Amex,Credit,yes,3,10700,01/2020,2020,no,6,2020,6,yes,premium
349,Mastercard,Credit,yes,1,10000,01/2015,2015,no,11,2021,5,no,premium
1996,Visa,Debit (Prepaid),yes,2,82,02/2020,2020,no,6,2024,2,yes,low
2703,Mastercard,Debit,yes,1,15976,04/2012,2012,no,14,2021,5,no,premium
4991,Mastercard,Debit,yes,1,34560,10/2003,2011,no,15,2023,3,no,premium
2241,Visa,Credit,yes,1,18600,03/2009,2013,no,13,2020,6,no,premium
2419,Mastercard,Debit (Prepaid),yes,1,65,04/2001,2014,no,12,2020,6,no,low
5018,Visa,Debit,yes,1,15374,10/2004,2016,no,10,2022,4,no,premium
1997,Visa,Credit,yes,1,16700,02/2020,2020,no,6,2022,4,no,premium
734,Mastercard,Debit,no,1,20534,01/2020,2020,no,6,2023,3,no,premium
735,Mastercard,Debit,yes,2,24939,01/2020,2020,no,6,2024,2,yes,premium
736,Mastercard,Credit,yes,1,15200,01/2020,2020,no,6,2020,6,no,premium
2438,Visa,Credit,yes,2,13700,04/2002,2012,no,14,2014,12,yes,premium
5906,Mastercard,Debit,yes,2,7949,12/2007,2010,no,16,2023,3,yes,high
438,Discover,Credit,yes,1,9300,01/2020,2020,no,6,2020,6,no,high
4373,Mastercard,Debit,yes,1,21862,08/2011,2011,no,15,2023,3,no,premium
3621,Mastercard,Debit,no,2,15988,06/2017,2017,no,9,2020,6,yes,premium
4837,Mastercard,Debit,no,1,17112,09/2012,2012,no,14,2014,12,no,premium
5688,Mastercard,Debit,yes,1,27063,11/2013,2013,no,13,2024,2,no,premium
5501,Mastercard,Debit,yes,2,24656,11/2007,2008,no,18,2021,5,yes,premium
1076,Visa,Debit,yes,2,1436,02/2005,2005,no,21,2022,4,yes,medium
5364,Visa,Credit,yes,1,18700,11/2000,2010,no,16,2014,12,no,premium
5555,Visa,Debit,yes,1,8420,11/2008,2012,no,14,2011,15,no,high
5208,Mastercard,Debit (Prepaid),yes,1,35,10/2010,2010,no,16,2022,4,no,low
4434,Mastercard,Debit,yes,1,22995,08/2014,2014,no,12,2022,4,no,premium
3541,Visa,Debit,yes,1,37620,06/2011,2011,no,15,2023,3,no,premium
2272,Visa,Debit,yes,1,18220,03/2010,2011,no,15,2018,8,no,premium
3375,Amex,Credit,yes,1,11100,06/2008,2016,no,10,2022,4,no,premium
2579,Mastercard,Debit (Prepaid),yes,1,76,04/2008,2008,no,18,2017,9,no,low
333,Mastercard,Debit,yes,1,47183,01/2014,2014,no,12,2021,5,no,premium
1757,Mastercard,Debit,yes,2,44912,02/2020,2020,no,6,2024,2,yes,premium
3963,Visa,Debit,yes,1,7721,07/2010,2010,no,16,2023,3,no,high
952,Visa,Credit,no,2,23400,01/2020,2020,no,6,2023,3,yes,premium
953,Visa,Debit,yes,1,12039,01/2020,2020,no,6,2023,3,no,premium
1998,Visa,Debit,yes,2,10971,02/2020,2020,no,6,2020,6,yes,premium
737,Mastercard,Debit,yes,2,14570,01/2020,2020,no,6,2022,4,yes,premium
954,Visa,Debit,yes,2,12195,01/2020,2020,no,6,2022,4,yes,premium
1758,Mastercard,Debit,yes,1,9061,02/2020,2020,no,6,2020,6,no,high
4413,Mastercard,Debit,yes,2,10964,08/2013,2013,no,13,2023,3,yes,premium
1439,Amex,Credit,yes,2,6900,02/2020,2020,no,6,2021,5,yes,high
738,Mastercard,Debit,yes,1,26107,01/2020,2020,no,6,2023,3,no,premium
955,Visa,Debit (Prepaid),yes,1,76,01/2020,2020,no,6,2020,6,no,low
1759,Mastercard,Debit,yes,2,19613,02/2020,2020,no,6,2020,6,yes,premium
956,Visa,Debit,yes,1,17569,01/2020,2020,no,6,2021,5,no,premium
1999,Visa,Debit,yes,2,10099,02/2020,2020,no,6,2021,5,yes,premium
4149,Amex,Credit,yes,1,15200,08/2005,2017,no,9,2020,6,no,premium
3699,Mastercard,Debit,yes,1,13844,07/2003,2011,no,15,2023,3,no,premium
1760,Mastercard,Debit,yes,1,18748,02/2020,2020,no,6,2023,3,no,premium
1761,Mastercard,Debit,yes,2,13733,02/2020,2020,no,6,2020,6,yes,premium
1762,Mastercard,Debit,yes,2,20623,02/2020,2020,no,6,2021,5,yes,premium
739,Mastercard,Debit (Prepaid),yes,2,39,01/2020,2020,no,6,2023,3,yes,low
4817,Mastercard,Debit,yes,1,12759,09/2011,2011,no,15,2019,7,no,premium
5413,Mastercard,Debit,no,1,19554,11/2004,2007,no,19,2022,4,no,premium
171,Mastercard,Debit,no,2,21274,01/2008,2009,no,17,2023,3,yes,premium
3335,Visa,Debit (Prepaid),yes,1,25,06/2006,2013,no,13,2022,4,no,low
2490,Mastercard,Debit,yes,2,12868,04/2005,2012,no,14,2023,3,yes,premium
1385,Visa,Debit (Prepaid),yes,1,80,02/2018,2018,no,8,2020,6,no,low
4861,Mastercard,Debit,yes,2,18244,09/2013,2013,no,13,2023,3,yes,premium
2750,Mastercard,Debit,yes,2,11402,04/2015,2015,no,11,2024,2,yes,premium
3570,Mastercard,Credit,yes,1,7200,06/2013,2013,no,13,2020,6,no,high
3585,Mastercard,Debit,yes,1,22975,06/2014,2014,no,12,2021,5,no,premium
2500,Visa,Debit,yes,2,5579,04/2005,2010,no,16,2022,4,yes,high
2786,Visa,Debit,no,1,56039,04/2018,2018,no,8,2022,4,no,premium
2730,Mastercard,Debit,yes,1,28861,04/2014,2014,no,12,2023,3,no,premium
5164,Mastercard,Debit (Prepaid),yes,1,66,10/2009,2009,no,17,2021,5,no,low
4734,Mastercard,Credit,no,2,22900,09/2009,2010,no,16,2022,4,yes,premium
1763,Mastercard,Credit,yes,1,8500,02/2020,2020,no,6,2023,3,no,high
2546,Mastercard,Credit,no,1,3800,04/2007,2007,no,19,2022,4,no,medium
172,Mastercard,Debit,yes,2,9789,01/2008,2009,no,17,2023,3,yes,high
6066,Amex,Credit,yes,2,10800,12/2012,2012,no,14,2018,8,yes,premium
2000,Visa,Credit,yes,1,15100,02/2020,2020,no,6,2021,5,no,premium
1165,Discover,Credit,yes,1,15700,02/2009,2011,no,15,2020,6,no,premium
3336,Visa,Debit,yes,2,7320,06/2006,2015,no,11,2015,11,yes,high
4053,Amex,Credit,no,2,5600,07/2017,2017,no,9,2018,8,yes,high
3700,Mastercard,Debit,yes,2,12762,07/2003,2010,no,16,2021,5,yes,premium
5057,Mastercard,Credit,yes,2,11900,10/2006,2015,no,11,2024,2,yes,premium
5828,Discover,Credit,yes,2,16400,12/2005,2008,no,18,2014,12,yes,premium
2491,Mastercard,Debit,yes,2,5656,04/2005,2020,no,6,2017,9,yes,high
4805,Visa,Debit (Prepaid),yes,1,107,09/2010,2015,no,11,2024,2,no,low
4845,Visa,Credit,yes,2,7800,09/2012,2012,no,14,2024,2,yes,high
3752,Visa,Credit,yes,2,7700,07/2005,2015,no,11,2022,4,yes,high
4315,Visa,Debit,no,3,8033,08/2009,2014,no,12,2022,4,yes,high
740,Mastercard,Debit (Prepaid),yes,1,56,01/2020,2020,no,6,2022,4,no,low
1764,Mastercard,Debit,yes,1,21099,02/2020,2020,no,6,2020,6,no,premium
741,Mastercard,Debit,yes,2,9316,01/2020,2020,no,6,2021,5,yes,high
2863,Mastercard,Debit,no,2,21971,05/2004,2012,no,14,2022,4,yes,premium
2199,Mastercard,Debit,no,1,10442,03/2008,2016,no,10,2023,3,no,premium
2391,Visa,Credit,no,2,8100,03/2019,2019,no,7,2019,7,yes,high
2285,Mastercard,Debit,yes,2,9956,03/2011,2011,no,15,2023,3,yes,high
3180,Mastercard,Debit,yes,2,25702,05/2016,2016,no,10,2020,6,yes,premium
3622,Mastercard,Debit,yes,1,15435,06/2017,2017,no,9,2019,7,no,premium
5594,Amex,Credit,yes,2,11500,11/2010,2010,no,16,2023,3,yes,premium
742,Mastercard,Debit,yes,1,21244,01/2020,2020,no,6,2023,3,no,premium
219,Visa,Debit (Prepaid),yes,1,85,01/2009,2009,no,17,2011,15,no,low
1295,Visa,Credit,yes,1,4000,02/2011,2011,no,15,2023,3,no,medium
3876,Visa,Debit,yes,1,23169,07/2008,2011,no,15,2022,4,no,premium
1361,Visa,Debit,yes,2,16638,02/2015,2015,no,11,2022,4,yes,premium
1121,Mastercard,Debit,yes,1,4700,02/2007,2015,no,11,2023,3,no,medium
2626,Visa,Debit,yes,2,3648,04/2009,2009,no,17,2024,2,yes,medium
2614,Mastercard,Credit,yes,2,11400,04/2009,2010,no,16,2024,2,yes,premium
188,Visa,Credit,yes,2,7100,01/2008,2009,no,17,2022,4,yes,high
220,Visa,Debit,yes,2,6204,01/2009,2015,no,11,2019,7,yes,high
3562,Amex,Credit,yes,2,6100,06/2013,2013,no,13,2021,5,yes,high
2001,Visa,Debit (Prepaid),no,3,61,02/2020,2020,no,6,2020,6,yes,low
5294,Mastercard,Debit,yes,2,15512,10/2014,2014,no,12,2018,8,yes,premium
4460,Visa,Debit,yes,2,8332,08/2016,2016,no,10,2022,4,yes,high
4921,Amex,Credit,yes,1,6200,09/2019,2019,no,7,2023,3,no,high
317,Mastercard,Debit,yes,1,23152,01/2013,2013,no,13,2021,5,no,premium
4936,Mastercard,Debit (Prepaid),yes,2,81,10/1998,2010,no,16,2020,6,yes,low
3488,Mastercard,Debit,yes,1,11812,06/2010,2010,no,16,2024,2,no,premium
3616,Visa,Debit,yes,2,12483,06/2016,2016,no,10,2020,6,yes,premium
5182,Visa,Credit,yes,1,9100,10/2009,2010,no,16,2022,4,no,high
957,Visa,Debit,yes,2,21787,01/2020,2020,no,6,2021,5,yes,premium
439,Discover,Credit,yes,2,12000,01/2020,2020,no,6,2020,6,yes,premium
1765,Mastercard,Debit,yes,1,26265,02/2020,2020,no,6,2020,6,no,premium
263,Visa,Debit,yes,2,27317,01/2010,2010,no,16,2012,14,yes,premium
4755,Visa,Debit,yes,2,15094,09/2009,2011,no,15,2023,3,yes,premium
2139,Discover,Credit,no,1,18300,03/2007,2013,no,13,2023,3,no,premium
5295,Mastercard,Debit,no,2,19756,10/2014,2014,no,12,2018,8,yes,premium
1304,Mastercard,Debit,no,1,17116,02/2012,2012,no,14,2022,4,no,premium
33,Visa,Credit,yes,1,11100,01/2002,2009,no,17,2021,5,no,premium
1059,Mastercard,Debit,yes,1,2468,02/2005,2005,no,21,2021,5,no,medium
4046,Mastercard,Debit,yes,1,16415,07/2016,2016,no,10,2024,2,no,premium
5361,Amex,Credit,yes,1,6900,11/2000,2013,no,13,2024,2,no,high
2711,Visa,Credit,yes,2,5700,04/2012,2012,no,14,2021,5,yes,high
1305,Mastercard,Credit,no,2,9200,02/2012,2012,no,14,2020,6,yes,high
743,Mastercard,Debit,yes,1,28074,01/2020,2020,no,6,2020,6,no,premium
3199,Visa,Credit,yes,1,14400,05/2017,2017,no,9,2020,6,no,premium
